[0.000000] (-) TimerEvent: {}
[0.000140] (depthai_descriptions) JobQueued: {'identifier': 'depthai_descriptions', 'dependencies': OrderedDict()}
[0.000172] (depthai_ros_msgs) JobQueued: {'identifier': 'depthai_ros_msgs', 'dependencies': OrderedDict()}
[0.000200] (depthai_bridge) JobQueued: {'identifier': 'depthai_bridge', 'dependencies': OrderedDict([('depthai_ros_msgs', '/home/dronelab/vikram/slam-project/install/depthai_ros_msgs')])}
[0.000219] (depthai_filters) JobQueued: {'identifier': 'depthai_filters', 'dependencies': OrderedDict([('depthai_ros_msgs', '/home/dronelab/vikram/slam-project/install/depthai_ros_msgs')])}
[0.000235] (depthai_examples) JobQueued: {'identifier': 'depthai_examples', 'dependencies': OrderedDict([('depthai_descriptions', '/home/dronelab/vikram/slam-project/install/depthai_descriptions'), ('depthai_ros_msgs', '/home/dronelab/vikram/slam-project/install/depthai_ros_msgs'), ('depthai_bridge', '/home/dronelab/vikram/slam-project/install/depthai_bridge')])}
[0.000253] (depthai_ros_driver) JobQueued: {'identifier': 'depthai_ros_driver', 'dependencies': OrderedDict([('depthai_descriptions', '/home/dronelab/vikram/slam-project/install/depthai_descriptions'), ('depthai_ros_msgs', '/home/dronelab/vikram/slam-project/install/depthai_ros_msgs'), ('depthai_bridge', '/home/dronelab/vikram/slam-project/install/depthai_bridge')])}
[0.000270] (depthai-ros) JobQueued: {'identifier': 'depthai-ros', 'dependencies': OrderedDict([('depthai_descriptions', '/home/dronelab/vikram/slam-project/install/depthai_descriptions'), ('depthai_ros_msgs', '/home/dronelab/vikram/slam-project/install/depthai_ros_msgs'), ('depthai_bridge', '/home/dronelab/vikram/slam-project/install/depthai_bridge'), ('depthai_filters', '/home/dronelab/vikram/slam-project/install/depthai_filters'), ('depthai_examples', '/home/dronelab/vikram/slam-project/install/depthai_examples'), ('depthai_ros_driver', '/home/dronelab/vikram/slam-project/install/depthai_ros_driver')])}
[0.000292] (depthai_ros_msgs) JobStarted: {'identifier': 'depthai_ros_msgs'}
[0.003439] (depthai_descriptions) JobStarted: {'identifier': 'depthai_descriptions'}
[0.005552] (depthai_ros_msgs) JobProgress: {'identifier': 'depthai_ros_msgs', 'progress': 'cmake'}
[0.005728] (depthai_ros_msgs) Command: {'cmd': ['/usr/bin/cmake', '/home/dronelab/vikram/slam-project/src/depthai_ros_msgs', '-DCMAKE_INSTALL_PREFIX=/home/dronelab/vikram/slam-project/install/depthai_ros_msgs'], 'cwd': '/home/dronelab/vikram/slam-project/build/depthai_ros_msgs', 'env': OrderedDict([('LESSOPEN', '| /usr/bin/lesspipe %s'), ('USER', 'dronelab'), ('XDG_SESSION_TYPE', 'x11'), ('SHLVL', '1'), ('LD_LIBRARY_PATH', '/opt/ros/humble/opt/rviz_ogre_vendor/lib:/opt/ros/humble/lib/x86_64-linux-gnu:/opt/ros/humble/lib:/lib:/usr/lib:/usr/lib32:/usr/lib64:/usr/lib/x86_64-linux-gnu:/home/dronelab/ros2_ws/build/hesai_ros_driver/src/driver/HesaiLidar_SDK_2.0/libhesai/'), ('HOME', '/home/dronelab'), ('OLDPWD', '/home/dronelab/vikram'), ('DESKTOP_SESSION', 'ubuntu'), ('NVM_BIN', '/home/dronelab/.nvm/versions/node/v24.11.1/bin'), ('NVM_INC', '/home/dronelab/.nvm/versions/node/v24.11.1/include/node'), ('ROS_PYTHON_VERSION', '3'), ('GNOME_SHELL_SESSION_MODE', 'ubuntu'), ('GTK_MODULES', 'gail:atk-bridge'), ('SYSTEMD_EXEC_PID', '1932'), ('DBUS_SESSION_BUS_ADDRESS', 'unix:path=/run/user/1000/bus'), ('COLORTERM', 'truecolor'), ('NVM_DIR', '/home/dronelab/.nvm'), ('IM_CONFIG_PHASE', '1'), ('ROS_DISTRO', 'humble'), ('GTK_IM_MODULE', 'ibus'), ('LOGNAME', 'dronelab'), ('_', '/usr/bin/colcon'), ('ROS_VERSION', '2'), ('XDG_SESSION_CLASS', 'user'), ('USERNAME', 'dronelab'), ('TERM', 'xterm-256color'), ('GNOME_DESKTOP_SESSION_ID', 'this-is-deprecated'), ('ROS_LOCALHOST_ONLY', '0'), ('WINDOWPATH', '2'), ('PATH', '/home/dronelab/.nvm/versions/node/v24.11.1/bin:/opt/ros/humble/bin:/home/dronelab/.local/bin:/usr/local/sbin:/usr/local/bin:/usr/sbin:/usr/bin:/sbin:/bin:/usr/games:/usr/local/games:/snap/bin:/snap/bin'), ('SESSION_MANAGER', 'local/dambot-mini:@/tmp/.ICE-unix/1689,unix/dambot-mini:/tmp/.ICE-unix/1689'), ('XDG_MENU_PREFIX', 'gnome-'), ('GNOME_TERMINAL_SCREEN', '/org/gnome/Terminal/screen/89d79876_c8a4_463f_9ff8_871092252771'), ('XDG_RUNTIME_DIR', '/run/user/1000'), ('DISPLAY', ':0'), ('LANG', 'en_US.UTF-8'), ('XDG_CURRENT_DESKTOP', 'ubuntu:GNOME'), ('XMODIFIERS', '@im=ibus'), ('XDG_SESSION_DESKTOP', 'ubuntu'), ('XAUTHORITY', '/run/user/1000/gdm/Xauthority'), ('LS_COLORS', 'rs=0:di=01;34:ln=01;36:mh=00:pi=40;33:so=01;35:do=01;35:bd=40;33;01:cd=40;33;01:or=40;31;01:mi=00:su=37;41:sg=30;43:ca=30;41:tw=30;42:ow=34;42:st=37;44:ex=01;32:*.tar=01;31:*.tgz=01;31:*.arc=01;31:*.arj=01;31:*.taz=01;31:*.lha=01;31:*.lz4=01;31:*.lzh=01;31:*.lzma=01;31:*.tlz=01;31:*.txz=01;31:*.tzo=01;31:*.t7z=01;31:*.zip=01;31:*.z=01;31:*.dz=01;31:*.gz=01;31:*.lrz=01;31:*.lz=01;31:*.lzo=01;31:*.xz=01;31:*.zst=01;31:*.tzst=01;31:*.bz2=01;31:*.bz=01;31:*.tbz=01;31:*.tbz2=01;31:*.tz=01;31:*.deb=01;31:*.rpm=01;31:*.jar=01;31:*.war=01;31:*.ear=01;31:*.sar=01;31:*.rar=01;31:*.alz=01;31:*.ace=01;31:*.zoo=01;31:*.cpio=01;31:*.7z=01;31:*.rz=01;31:*.cab=01;31:*.wim=01;31:*.swm=01;31:*.dwm=01;31:*.esd=01;31:*.jpg=01;35:*.jpeg=01;35:*.mjpg=01;35:*.mjpeg=01;35:*.gif=01;35:*.bmp=01;35:*.pbm=01;35:*.pgm=01;35:*.ppm=01;35:*.tga=01;35:*.xbm=01;35:*.xpm=01;35:*.tif=01;35:*.tiff=01;35:*.png=01;35:*.svg=01;35:*.svgz=01;35:*.mng=01;35:*.pcx=01;35:*.mov=01;35:*.mpg=01;35:*.mpeg=01;35:*.m2v=01;35:*.mkv=01;35:*.webm=01;35:*.webp=01;35:*.ogm=01;35:*.mp4=01;35:*.m4v=01;35:*.mp4v=01;35:*.vob=01;35:*.qt=01;35:*.nuv=01;35:*.wmv=01;35:*.asf=01;35:*.rm=01;35:*.rmvb=01;35:*.flc=01;35:*.avi=01;35:*.fli=01;35:*.flv=01;35:*.gl=01;35:*.dl=01;35:*.xcf=01;35:*.xwd=01;35:*.yuv=01;35:*.cgm=01;35:*.emf=01;35:*.ogv=01;35:*.ogx=01;35:*.aac=00;36:*.au=00;36:*.flac=00;36:*.m4a=00;36:*.mid=00;36:*.midi=00;36:*.mka=00;36:*.mp3=00;36:*.mpc=00;36:*.ogg=00;36:*.ra=00;36:*.wav=00;36:*.oga=00;36:*.opus=00;36:*.spx=00;36:*.xspf=00;36:'), ('GNOME_TERMINAL_SERVICE', ':1.316'), ('SSH_AGENT_LAUNCHER', 'gnome-keyring'), ('SSH_AUTH_SOCK', '/run/user/1000/keyring/ssh'), ('AMENT_PREFIX_PATH', '/opt/ros/humble'), ('SHELL', '/bin/bash'), ('QT_ACCESSIBILITY', '1'), ('GDMSESSION', 'ubuntu'), ('LESSCLOSE', '/usr/bin/lesspipe %s %s'), ('GPG_AGENT_INFO', '/run/user/1000/gnupg/S.gpg-agent:0:1'), ('QT_IM_MODULE', 'ibus'), ('PWD', '/home/dronelab/vikram/slam-project/build/depthai_ros_msgs'), ('QT_QPA_PLATFORM', 'xcb'), ('LC_ALL', 'en_US.UTF-8'), ('XDG_CONFIG_DIRS', '/etc/xdg/xdg-ubuntu:/etc/xdg'), ('NVM_CD_FLAGS', ''), ('XDG_DATA_DIRS', '/usr/share/ubuntu:/usr/share/gnome:/usr/local/share/:/usr/share/:/var/lib/snapd/desktop'), ('PYTHONPATH', '/opt/ros/humble/lib/python3.10/site-packages:/opt/ros/humble/local/lib/python3.10/dist-packages'), ('COLCON', '1'), ('VTE_VERSION', '6800'), ('CMAKE_PREFIX_PATH', '/opt/ros/humble')]), 'shell': False}
[0.007912] (depthai_descriptions) JobProgress: {'identifier': 'depthai_descriptions', 'progress': 'cmake'}
[0.008443] (depthai_descriptions) Command: {'cmd': ['/usr/bin/cmake', '/home/dronelab/vikram/slam-project/src/depthai_descriptions', '-DCMAKE_INSTALL_PREFIX=/home/dronelab/vikram/slam-project/install/depthai_descriptions'], 'cwd': '/home/dronelab/vikram/slam-project/build/depthai_descriptions', 'env': OrderedDict([('LESSOPEN', '| /usr/bin/lesspipe %s'), ('USER', 'dronelab'), ('XDG_SESSION_TYPE', 'x11'), ('SHLVL', '1'), ('LD_LIBRARY_PATH', '/opt/ros/humble/opt/rviz_ogre_vendor/lib:/opt/ros/humble/lib/x86_64-linux-gnu:/opt/ros/humble/lib:/lib:/usr/lib:/usr/lib32:/usr/lib64:/usr/lib/x86_64-linux-gnu:/home/dronelab/ros2_ws/build/hesai_ros_driver/src/driver/HesaiLidar_SDK_2.0/libhesai/'), ('HOME', '/home/dronelab'), ('OLDPWD', '/home/dronelab/vikram'), ('DESKTOP_SESSION', 'ubuntu'), ('NVM_BIN', '/home/dronelab/.nvm/versions/node/v24.11.1/bin'), ('NVM_INC', '/home/dronelab/.nvm/versions/node/v24.11.1/include/node'), ('ROS_PYTHON_VERSION', '3'), ('GNOME_SHELL_SESSION_MODE', 'ubuntu'), ('GTK_MODULES', 'gail:atk-bridge'), ('SYSTEMD_EXEC_PID', '1932'), ('DBUS_SESSION_BUS_ADDRESS', 'unix:path=/run/user/1000/bus'), ('COLORTERM', 'truecolor'), ('NVM_DIR', '/home/dronelab/.nvm'), ('IM_CONFIG_PHASE', '1'), ('ROS_DISTRO', 'humble'), ('GTK_IM_MODULE', 'ibus'), ('LOGNAME', 'dronelab'), ('_', '/usr/bin/colcon'), ('ROS_VERSION', '2'), ('XDG_SESSION_CLASS', 'user'), ('USERNAME', 'dronelab'), ('TERM', 'xterm-256color'), ('GNOME_DESKTOP_SESSION_ID', 'this-is-deprecated'), ('ROS_LOCALHOST_ONLY', '0'), ('WINDOWPATH', '2'), ('PATH', '/home/dronelab/.nvm/versions/node/v24.11.1/bin:/opt/ros/humble/bin:/home/dronelab/.local/bin:/usr/local/sbin:/usr/local/bin:/usr/sbin:/usr/bin:/sbin:/bin:/usr/games:/usr/local/games:/snap/bin:/snap/bin'), ('SESSION_MANAGER', 'local/dambot-mini:@/tmp/.ICE-unix/1689,unix/dambot-mini:/tmp/.ICE-unix/1689'), ('XDG_MENU_PREFIX', 'gnome-'), ('GNOME_TERMINAL_SCREEN', '/org/gnome/Terminal/screen/89d79876_c8a4_463f_9ff8_871092252771'), ('XDG_RUNTIME_DIR', '/run/user/1000'), ('DISPLAY', ':0'), ('LANG', 'en_US.UTF-8'), ('XDG_CURRENT_DESKTOP', 'ubuntu:GNOME'), ('XMODIFIERS', '@im=ibus'), ('XDG_SESSION_DESKTOP', 'ubuntu'), ('XAUTHORITY', '/run/user/1000/gdm/Xauthority'), ('LS_COLORS', 'rs=0:di=01;34:ln=01;36:mh=00:pi=40;33:so=01;35:do=01;35:bd=40;33;01:cd=40;33;01:or=40;31;01:mi=00:su=37;41:sg=30;43:ca=30;41:tw=30;42:ow=34;42:st=37;44:ex=01;32:*.tar=01;31:*.tgz=01;31:*.arc=01;31:*.arj=01;31:*.taz=01;31:*.lha=01;31:*.lz4=01;31:*.lzh=01;31:*.lzma=01;31:*.tlz=01;31:*.txz=01;31:*.tzo=01;31:*.t7z=01;31:*.zip=01;31:*.z=01;31:*.dz=01;31:*.gz=01;31:*.lrz=01;31:*.lz=01;31:*.lzo=01;31:*.xz=01;31:*.zst=01;31:*.tzst=01;31:*.bz2=01;31:*.bz=01;31:*.tbz=01;31:*.tbz2=01;31:*.tz=01;31:*.deb=01;31:*.rpm=01;31:*.jar=01;31:*.war=01;31:*.ear=01;31:*.sar=01;31:*.rar=01;31:*.alz=01;31:*.ace=01;31:*.zoo=01;31:*.cpio=01;31:*.7z=01;31:*.rz=01;31:*.cab=01;31:*.wim=01;31:*.swm=01;31:*.dwm=01;31:*.esd=01;31:*.jpg=01;35:*.jpeg=01;35:*.mjpg=01;35:*.mjpeg=01;35:*.gif=01;35:*.bmp=01;35:*.pbm=01;35:*.pgm=01;35:*.ppm=01;35:*.tga=01;35:*.xbm=01;35:*.xpm=01;35:*.tif=01;35:*.tiff=01;35:*.png=01;35:*.svg=01;35:*.svgz=01;35:*.mng=01;35:*.pcx=01;35:*.mov=01;35:*.mpg=01;35:*.mpeg=01;35:*.m2v=01;35:*.mkv=01;35:*.webm=01;35:*.webp=01;35:*.ogm=01;35:*.mp4=01;35:*.m4v=01;35:*.mp4v=01;35:*.vob=01;35:*.qt=01;35:*.nuv=01;35:*.wmv=01;35:*.asf=01;35:*.rm=01;35:*.rmvb=01;35:*.flc=01;35:*.avi=01;35:*.fli=01;35:*.flv=01;35:*.gl=01;35:*.dl=01;35:*.xcf=01;35:*.xwd=01;35:*.yuv=01;35:*.cgm=01;35:*.emf=01;35:*.ogv=01;35:*.ogx=01;35:*.aac=00;36:*.au=00;36:*.flac=00;36:*.m4a=00;36:*.mid=00;36:*.midi=00;36:*.mka=00;36:*.mp3=00;36:*.mpc=00;36:*.ogg=00;36:*.ra=00;36:*.wav=00;36:*.oga=00;36:*.opus=00;36:*.spx=00;36:*.xspf=00;36:'), ('GNOME_TERMINAL_SERVICE', ':1.316'), ('SSH_AGENT_LAUNCHER', 'gnome-keyring'), ('SSH_AUTH_SOCK', '/run/user/1000/keyring/ssh'), ('AMENT_PREFIX_PATH', '/opt/ros/humble'), ('SHELL', '/bin/bash'), ('QT_ACCESSIBILITY', '1'), ('GDMSESSION', 'ubuntu'), ('LESSCLOSE', '/usr/bin/lesspipe %s %s'), ('GPG_AGENT_INFO', '/run/user/1000/gnupg/S.gpg-agent:0:1'), ('QT_IM_MODULE', 'ibus'), ('PWD', '/home/dronelab/vikram/slam-project/build/depthai_descriptions'), ('QT_QPA_PLATFORM', 'xcb'), ('LC_ALL', 'en_US.UTF-8'), ('XDG_CONFIG_DIRS', '/etc/xdg/xdg-ubuntu:/etc/xdg'), ('NVM_CD_FLAGS', ''), ('XDG_DATA_DIRS', '/usr/share/ubuntu:/usr/share/gnome:/usr/local/share/:/usr/share/:/var/lib/snapd/desktop'), ('PYTHONPATH', '/opt/ros/humble/lib/python3.10/site-packages:/opt/ros/humble/local/lib/python3.10/dist-packages'), ('COLCON', '1'), ('VTE_VERSION', '6800'), ('CMAKE_PREFIX_PATH', '/opt/ros/humble')]), 'shell': False}
[0.059345] (depthai_ros_msgs) StdoutLine: {'line': b'-- The C compiler identification is GNU 11.4.0\n'}
[0.060351] (depthai_descriptions) StdoutLine: {'line': b'-- The C compiler identification is GNU 11.4.0\n'}
[0.099586] (-) TimerEvent: {}
[0.120790] (depthai_ros_msgs) StdoutLine: {'line': b'-- The CXX compiler identification is GNU 11.4.0\n'}
[0.121412] (depthai_descriptions) StdoutLine: {'line': b'-- The CXX compiler identification is GNU 11.4.0\n'}
[0.126634] (depthai_ros_msgs) StdoutLine: {'line': b'-- Detecting C compiler ABI info\n'}
[0.128478] (depthai_descriptions) StdoutLine: {'line': b'-- Detecting C compiler ABI info\n'}
[0.191297] (depthai_ros_msgs) StdoutLine: {'line': b'-- Detecting C compiler ABI info - done\n'}
[0.197499] (depthai_ros_msgs) StdoutLine: {'line': b'-- Check for working C compiler: /usr/bin/cc - skipped\n'}
[0.197831] (depthai_ros_msgs) StdoutLine: {'line': b'-- Detecting C compile features\n'}
[0.198240] (depthai_ros_msgs) StdoutLine: {'line': b'-- Detecting C compile features - done\n'}
[0.199041] (depthai_descriptions) StdoutLine: {'line': b'-- Detecting C compiler ABI info - done\n'}
[0.199642] (-) TimerEvent: {}
[0.201667] (depthai_ros_msgs) StdoutLine: {'line': b'-- Detecting CXX compiler ABI info\n'}
[0.206593] (depthai_descriptions) StdoutLine: {'line': b'-- Check for working C compiler: /usr/bin/cc - skipped\n'}
[0.206784] (depthai_descriptions) StdoutLine: {'line': b'-- Detecting C compile features\n'}
[0.207033] (depthai_descriptions) StdoutLine: {'line': b'-- Detecting C compile features - done\n'}
[0.209009] (depthai_descriptions) StdoutLine: {'line': b'-- Detecting CXX compiler ABI info\n'}
[0.264445] (depthai_ros_msgs) StdoutLine: {'line': b'-- Detecting CXX compiler ABI info - done\n'}
[0.269632] (depthai_ros_msgs) StdoutLine: {'line': b'-- Check for working CXX compiler: /usr/bin/c++ - skipped\n'}
[0.269733] (depthai_ros_msgs) StdoutLine: {'line': b'-- Detecting CXX compile features\n'}
[0.270017] (depthai_ros_msgs) StdoutLine: {'line': b'-- Detecting CXX compile features - done\n'}
[0.271333] (depthai_ros_msgs) StdoutLine: {'line': b'-- Found ament_cmake: 1.3.9 (/opt/ros/humble/share/ament_cmake/cmake)\n'}
[0.272542] (depthai_descriptions) StdoutLine: {'line': b'-- Detecting CXX compiler ABI info - done\n'}
[0.279386] (depthai_descriptions) StdoutLine: {'line': b'-- Check for working CXX compiler: /usr/bin/c++ - skipped\n'}
[0.279629] (depthai_descriptions) StdoutLine: {'line': b'-- Detecting CXX compile features\n'}
[0.280017] (depthai_descriptions) StdoutLine: {'line': b'-- Detecting CXX compile features - done\n'}
[0.281896] (depthai_descriptions) StdoutLine: {'line': b'-- Found ament_cmake: 1.3.9 (/opt/ros/humble/share/ament_cmake/cmake)\n'}
[0.299785] (-) TimerEvent: {}
[0.391483] (depthai_ros_msgs) StdoutLine: {'line': b'-- Found Python3: /usr/bin/python3 (found version "3.10.12") found components: Interpreter \n'}
[0.391780] (depthai_descriptions) StdoutLine: {'line': b'-- Found Python3: /usr/bin/python3 (found version "3.10.12") found components: Interpreter \n'}
[0.399995] (-) TimerEvent: {}
[0.452746] (depthai_ros_msgs) StdoutLine: {'line': b'-- ------------------------------------------\n'}
[0.452896] (depthai_ros_msgs) StdoutLine: {'line': b'-- Depthai ROS MSGS/INTERFACES is being built using AMENT.\n'}
[0.452958] (depthai_ros_msgs) StdoutLine: {'line': b'-- ------------------------------------------\n'}
[0.453721] (depthai_ros_msgs) StdoutLine: {'line': b'-- Found geometry_msgs: 4.2.4 (/opt/ros/humble/share/geometry_msgs/cmake)\n'}
[0.480699] (depthai_ros_msgs) StdoutLine: {'line': b'-- Found rosidl_generator_c: 3.1.5 (/opt/ros/humble/share/rosidl_generator_c/cmake)\n'}
[0.483591] (depthai_ros_msgs) StdoutLine: {'line': b'-- Found rosidl_adapter: 3.1.5 (/opt/ros/humble/share/rosidl_adapter/cmake)\n'}
[0.489224] (depthai_ros_msgs) StdoutLine: {'line': b'-- Found rosidl_generator_cpp: 3.1.5 (/opt/ros/humble/share/rosidl_generator_cpp/cmake)\n'}
[0.497830] (depthai_descriptions) StdoutLine: {'line': b'-- Configuring done\n'}
[0.498105] (depthai_ros_msgs) StdoutLine: {'line': b'-- Using all available rosidl_typesupport_c: rosidl_typesupport_fastrtps_c;rosidl_typesupport_introspection_c\n'}
[0.498988] (depthai_descriptions) StdoutLine: {'line': b'-- Generating done\n'}
[0.499384] (depthai_descriptions) StdoutLine: {'line': b'-- Build files have been written to: /home/dronelab/vikram/slam-project/build/depthai_descriptions\n'}
[0.500044] (-) TimerEvent: {}
[0.501983] (depthai_descriptions) CommandEnded: {'returncode': 0}
[0.502500] (depthai_descriptions) JobProgress: {'identifier': 'depthai_descriptions', 'progress': 'build'}
[0.503151] (depthai_descriptions) Command: {'cmd': ['/usr/bin/cmake', '--build', '/home/dronelab/vikram/slam-project/build/depthai_descriptions', '--', '-j32', '-l32'], 'cwd': '/home/dronelab/vikram/slam-project/build/depthai_descriptions', 'env': OrderedDict([('LESSOPEN', '| /usr/bin/lesspipe %s'), ('USER', 'dronelab'), ('XDG_SESSION_TYPE', 'x11'), ('SHLVL', '1'), ('LD_LIBRARY_PATH', '/opt/ros/humble/opt/rviz_ogre_vendor/lib:/opt/ros/humble/lib/x86_64-linux-gnu:/opt/ros/humble/lib:/lib:/usr/lib:/usr/lib32:/usr/lib64:/usr/lib/x86_64-linux-gnu:/home/dronelab/ros2_ws/build/hesai_ros_driver/src/driver/HesaiLidar_SDK_2.0/libhesai/'), ('HOME', '/home/dronelab'), ('OLDPWD', '/home/dronelab/vikram'), ('DESKTOP_SESSION', 'ubuntu'), ('NVM_BIN', '/home/dronelab/.nvm/versions/node/v24.11.1/bin'), ('NVM_INC', '/home/dronelab/.nvm/versions/node/v24.11.1/include/node'), ('ROS_PYTHON_VERSION', '3'), ('GNOME_SHELL_SESSION_MODE', 'ubuntu'), ('GTK_MODULES', 'gail:atk-bridge'), ('SYSTEMD_EXEC_PID', '1932'), ('DBUS_SESSION_BUS_ADDRESS', 'unix:path=/run/user/1000/bus'), ('COLORTERM', 'truecolor'), ('NVM_DIR', '/home/dronelab/.nvm'), ('IM_CONFIG_PHASE', '1'), ('ROS_DISTRO', 'humble'), ('GTK_IM_MODULE', 'ibus'), ('LOGNAME', 'dronelab'), ('_', '/usr/bin/colcon'), ('ROS_VERSION', '2'), ('XDG_SESSION_CLASS', 'user'), ('USERNAME', 'dronelab'), ('TERM', 'xterm-256color'), ('GNOME_DESKTOP_SESSION_ID', 'this-is-deprecated'), ('ROS_LOCALHOST_ONLY', '0'), ('WINDOWPATH', '2'), ('PATH', '/home/dronelab/.nvm/versions/node/v24.11.1/bin:/opt/ros/humble/bin:/home/dronelab/.local/bin:/usr/local/sbin:/usr/local/bin:/usr/sbin:/usr/bin:/sbin:/bin:/usr/games:/usr/local/games:/snap/bin:/snap/bin'), ('SESSION_MANAGER', 'local/dambot-mini:@/tmp/.ICE-unix/1689,unix/dambot-mini:/tmp/.ICE-unix/1689'), ('XDG_MENU_PREFIX', 'gnome-'), ('GNOME_TERMINAL_SCREEN', '/org/gnome/Terminal/screen/89d79876_c8a4_463f_9ff8_871092252771'), ('XDG_RUNTIME_DIR', '/run/user/1000'), ('DISPLAY', ':0'), ('LANG', 'en_US.UTF-8'), ('XDG_CURRENT_DESKTOP', 'ubuntu:GNOME'), ('XMODIFIERS', '@im=ibus'), ('XDG_SESSION_DESKTOP', 'ubuntu'), ('XAUTHORITY', '/run/user/1000/gdm/Xauthority'), ('LS_COLORS', 'rs=0:di=01;34:ln=01;36:mh=00:pi=40;33:so=01;35:do=01;35:bd=40;33;01:cd=40;33;01:or=40;31;01:mi=00:su=37;41:sg=30;43:ca=30;41:tw=30;42:ow=34;42:st=37;44:ex=01;32:*.tar=01;31:*.tgz=01;31:*.arc=01;31:*.arj=01;31:*.taz=01;31:*.lha=01;31:*.lz4=01;31:*.lzh=01;31:*.lzma=01;31:*.tlz=01;31:*.txz=01;31:*.tzo=01;31:*.t7z=01;31:*.zip=01;31:*.z=01;31:*.dz=01;31:*.gz=01;31:*.lrz=01;31:*.lz=01;31:*.lzo=01;31:*.xz=01;31:*.zst=01;31:*.tzst=01;31:*.bz2=01;31:*.bz=01;31:*.tbz=01;31:*.tbz2=01;31:*.tz=01;31:*.deb=01;31:*.rpm=01;31:*.jar=01;31:*.war=01;31:*.ear=01;31:*.sar=01;31:*.rar=01;31:*.alz=01;31:*.ace=01;31:*.zoo=01;31:*.cpio=01;31:*.7z=01;31:*.rz=01;31:*.cab=01;31:*.wim=01;31:*.swm=01;31:*.dwm=01;31:*.esd=01;31:*.jpg=01;35:*.jpeg=01;35:*.mjpg=01;35:*.mjpeg=01;35:*.gif=01;35:*.bmp=01;35:*.pbm=01;35:*.pgm=01;35:*.ppm=01;35:*.tga=01;35:*.xbm=01;35:*.xpm=01;35:*.tif=01;35:*.tiff=01;35:*.png=01;35:*.svg=01;35:*.svgz=01;35:*.mng=01;35:*.pcx=01;35:*.mov=01;35:*.mpg=01;35:*.mpeg=01;35:*.m2v=01;35:*.mkv=01;35:*.webm=01;35:*.webp=01;35:*.ogm=01;35:*.mp4=01;35:*.m4v=01;35:*.mp4v=01;35:*.vob=01;35:*.qt=01;35:*.nuv=01;35:*.wmv=01;35:*.asf=01;35:*.rm=01;35:*.rmvb=01;35:*.flc=01;35:*.avi=01;35:*.fli=01;35:*.flv=01;35:*.gl=01;35:*.dl=01;35:*.xcf=01;35:*.xwd=01;35:*.yuv=01;35:*.cgm=01;35:*.emf=01;35:*.ogv=01;35:*.ogx=01;35:*.aac=00;36:*.au=00;36:*.flac=00;36:*.m4a=00;36:*.mid=00;36:*.midi=00;36:*.mka=00;36:*.mp3=00;36:*.mpc=00;36:*.ogg=00;36:*.ra=00;36:*.wav=00;36:*.oga=00;36:*.opus=00;36:*.spx=00;36:*.xspf=00;36:'), ('GNOME_TERMINAL_SERVICE', ':1.316'), ('SSH_AGENT_LAUNCHER', 'gnome-keyring'), ('SSH_AUTH_SOCK', '/run/user/1000/keyring/ssh'), ('AMENT_PREFIX_PATH', '/opt/ros/humble'), ('SHELL', '/bin/bash'), ('QT_ACCESSIBILITY', '1'), ('GDMSESSION', 'ubuntu'), ('LESSCLOSE', '/usr/bin/lesspipe %s %s'), ('GPG_AGENT_INFO', '/run/user/1000/gnupg/S.gpg-agent:0:1'), ('QT_IM_MODULE', 'ibus'), ('PWD', '/home/dronelab/vikram/slam-project/build/depthai_descriptions'), ('QT_QPA_PLATFORM', 'xcb'), ('LC_ALL', 'en_US.UTF-8'), ('XDG_CONFIG_DIRS', '/etc/xdg/xdg-ubuntu:/etc/xdg'), ('NVM_CD_FLAGS', ''), ('XDG_DATA_DIRS', '/usr/share/ubuntu:/usr/share/gnome:/usr/local/share/:/usr/share/:/var/lib/snapd/desktop'), ('PYTHONPATH', '/opt/ros/humble/lib/python3.10/site-packages:/opt/ros/humble/local/lib/python3.10/dist-packages'), ('COLCON', '1'), ('VTE_VERSION', '6800'), ('CMAKE_PREFIX_PATH', '/opt/ros/humble')]), 'shell': False}
[0.510400] (depthai_ros_msgs) StdoutLine: {'line': b'-- Using all available rosidl_typesupport_cpp: rosidl_typesupport_fastrtps_cpp;rosidl_typesupport_introspection_cpp\n'}
[0.529790] (depthai_descriptions) CommandEnded: {'returncode': 0}
[0.543334] (depthai_descriptions) JobProgress: {'identifier': 'depthai_descriptions', 'progress': 'install'}
[0.548493] (depthai_descriptions) Command: {'cmd': ['/usr/bin/cmake', '--install', '/home/dronelab/vikram/slam-project/build/depthai_descriptions'], 'cwd': '/home/dronelab/vikram/slam-project/build/depthai_descriptions', 'env': OrderedDict([('LESSOPEN', '| /usr/bin/lesspipe %s'), ('USER', 'dronelab'), ('XDG_SESSION_TYPE', 'x11'), ('SHLVL', '1'), ('LD_LIBRARY_PATH', '/opt/ros/humble/opt/rviz_ogre_vendor/lib:/opt/ros/humble/lib/x86_64-linux-gnu:/opt/ros/humble/lib:/lib:/usr/lib:/usr/lib32:/usr/lib64:/usr/lib/x86_64-linux-gnu:/home/dronelab/ros2_ws/build/hesai_ros_driver/src/driver/HesaiLidar_SDK_2.0/libhesai/'), ('HOME', '/home/dronelab'), ('OLDPWD', '/home/dronelab/vikram'), ('DESKTOP_SESSION', 'ubuntu'), ('NVM_BIN', '/home/dronelab/.nvm/versions/node/v24.11.1/bin'), ('NVM_INC', '/home/dronelab/.nvm/versions/node/v24.11.1/include/node'), ('ROS_PYTHON_VERSION', '3'), ('GNOME_SHELL_SESSION_MODE', 'ubuntu'), ('GTK_MODULES', 'gail:atk-bridge'), ('SYSTEMD_EXEC_PID', '1932'), ('DBUS_SESSION_BUS_ADDRESS', 'unix:path=/run/user/1000/bus'), ('COLORTERM', 'truecolor'), ('NVM_DIR', '/home/dronelab/.nvm'), ('IM_CONFIG_PHASE', '1'), ('ROS_DISTRO', 'humble'), ('GTK_IM_MODULE', 'ibus'), ('LOGNAME', 'dronelab'), ('_', '/usr/bin/colcon'), ('ROS_VERSION', '2'), ('XDG_SESSION_CLASS', 'user'), ('USERNAME', 'dronelab'), ('TERM', 'xterm-256color'), ('GNOME_DESKTOP_SESSION_ID', 'this-is-deprecated'), ('ROS_LOCALHOST_ONLY', '0'), ('WINDOWPATH', '2'), ('PATH', '/home/dronelab/.nvm/versions/node/v24.11.1/bin:/opt/ros/humble/bin:/home/dronelab/.local/bin:/usr/local/sbin:/usr/local/bin:/usr/sbin:/usr/bin:/sbin:/bin:/usr/games:/usr/local/games:/snap/bin:/snap/bin'), ('SESSION_MANAGER', 'local/dambot-mini:@/tmp/.ICE-unix/1689,unix/dambot-mini:/tmp/.ICE-unix/1689'), ('XDG_MENU_PREFIX', 'gnome-'), ('GNOME_TERMINAL_SCREEN', '/org/gnome/Terminal/screen/89d79876_c8a4_463f_9ff8_871092252771'), ('XDG_RUNTIME_DIR', '/run/user/1000'), ('DISPLAY', ':0'), ('LANG', 'en_US.UTF-8'), ('XDG_CURRENT_DESKTOP', 'ubuntu:GNOME'), ('XMODIFIERS', '@im=ibus'), ('XDG_SESSION_DESKTOP', 'ubuntu'), ('XAUTHORITY', '/run/user/1000/gdm/Xauthority'), ('LS_COLORS', 'rs=0:di=01;34:ln=01;36:mh=00:pi=40;33:so=01;35:do=01;35:bd=40;33;01:cd=40;33;01:or=40;31;01:mi=00:su=37;41:sg=30;43:ca=30;41:tw=30;42:ow=34;42:st=37;44:ex=01;32:*.tar=01;31:*.tgz=01;31:*.arc=01;31:*.arj=01;31:*.taz=01;31:*.lha=01;31:*.lz4=01;31:*.lzh=01;31:*.lzma=01;31:*.tlz=01;31:*.txz=01;31:*.tzo=01;31:*.t7z=01;31:*.zip=01;31:*.z=01;31:*.dz=01;31:*.gz=01;31:*.lrz=01;31:*.lz=01;31:*.lzo=01;31:*.xz=01;31:*.zst=01;31:*.tzst=01;31:*.bz2=01;31:*.bz=01;31:*.tbz=01;31:*.tbz2=01;31:*.tz=01;31:*.deb=01;31:*.rpm=01;31:*.jar=01;31:*.war=01;31:*.ear=01;31:*.sar=01;31:*.rar=01;31:*.alz=01;31:*.ace=01;31:*.zoo=01;31:*.cpio=01;31:*.7z=01;31:*.rz=01;31:*.cab=01;31:*.wim=01;31:*.swm=01;31:*.dwm=01;31:*.esd=01;31:*.jpg=01;35:*.jpeg=01;35:*.mjpg=01;35:*.mjpeg=01;35:*.gif=01;35:*.bmp=01;35:*.pbm=01;35:*.pgm=01;35:*.ppm=01;35:*.tga=01;35:*.xbm=01;35:*.xpm=01;35:*.tif=01;35:*.tiff=01;35:*.png=01;35:*.svg=01;35:*.svgz=01;35:*.mng=01;35:*.pcx=01;35:*.mov=01;35:*.mpg=01;35:*.mpeg=01;35:*.m2v=01;35:*.mkv=01;35:*.webm=01;35:*.webp=01;35:*.ogm=01;35:*.mp4=01;35:*.m4v=01;35:*.mp4v=01;35:*.vob=01;35:*.qt=01;35:*.nuv=01;35:*.wmv=01;35:*.asf=01;35:*.rm=01;35:*.rmvb=01;35:*.flc=01;35:*.avi=01;35:*.fli=01;35:*.flv=01;35:*.gl=01;35:*.dl=01;35:*.xcf=01;35:*.xwd=01;35:*.yuv=01;35:*.cgm=01;35:*.emf=01;35:*.ogv=01;35:*.ogx=01;35:*.aac=00;36:*.au=00;36:*.flac=00;36:*.m4a=00;36:*.mid=00;36:*.midi=00;36:*.mka=00;36:*.mp3=00;36:*.mpc=00;36:*.ogg=00;36:*.ra=00;36:*.wav=00;36:*.oga=00;36:*.opus=00;36:*.spx=00;36:*.xspf=00;36:'), ('GNOME_TERMINAL_SERVICE', ':1.316'), ('SSH_AGENT_LAUNCHER', 'gnome-keyring'), ('SSH_AUTH_SOCK', '/run/user/1000/keyring/ssh'), ('AMENT_PREFIX_PATH', '/opt/ros/humble'), ('SHELL', '/bin/bash'), ('QT_ACCESSIBILITY', '1'), ('GDMSESSION', 'ubuntu'), ('LESSCLOSE', '/usr/bin/lesspipe %s %s'), ('GPG_AGENT_INFO', '/run/user/1000/gnupg/S.gpg-agent:0:1'), ('QT_IM_MODULE', 'ibus'), ('PWD', '/home/dronelab/vikram/slam-project/build/depthai_descriptions'), ('QT_QPA_PLATFORM', 'xcb'), ('LC_ALL', 'en_US.UTF-8'), ('XDG_CONFIG_DIRS', '/etc/xdg/xdg-ubuntu:/etc/xdg'), ('NVM_CD_FLAGS', ''), ('XDG_DATA_DIRS', '/usr/share/ubuntu:/usr/share/gnome:/usr/local/share/:/usr/share/:/var/lib/snapd/desktop'), ('PYTHONPATH', '/opt/ros/humble/lib/python3.10/site-packages:/opt/ros/humble/local/lib/python3.10/dist-packages'), ('COLCON', '1'), ('VTE_VERSION', '6800'), ('CMAKE_PREFIX_PATH', '/opt/ros/humble')]), 'shell': False}
[0.553364] (depthai_descriptions) StdoutLine: {'line': b'-- Install configuration: ""\n'}
[0.553513] (depthai_descriptions) StdoutLine: {'line': b'-- Installing: /home/dronelab/vikram/slam-project/install/depthai_descriptions/share/depthai_descriptions/launch\n'}
[0.553574] (depthai_descriptions) StdoutLine: {'line': b'-- Installing: /home/dronelab/vikram/slam-project/install/depthai_descriptions/share/depthai_descriptions/launch/urdf_launch.py\n'}
[0.553631] (depthai_descriptions) StdoutLine: {'line': b'-- Installing: /home/dronelab/vikram/slam-project/install/depthai_descriptions/share/depthai_descriptions/urdf\n'}
[0.553706] (depthai_descriptions) StdoutLine: {'line': b'-- Installing: /home/dronelab/vikram/slam-project/install/depthai_descriptions/share/depthai_descriptions/urdf/depthai_descr.urdf.xacro\n'}
[0.553800] (depthai_descriptions) StdoutLine: {'line': b'-- Installing: /home/dronelab/vikram/slam-project/install/depthai_descriptions/share/depthai_descriptions/urdf/include\n'}
[0.553854] (depthai_descriptions) StdoutLine: {'line': b'-- Installing: /home/dronelab/vikram/slam-project/install/depthai_descriptions/share/depthai_descriptions/urdf/include/base_macro.urdf.xacro\n'}
[0.553905] (depthai_descriptions) StdoutLine: {'line': b'-- Installing: /home/dronelab/vikram/slam-project/install/depthai_descriptions/share/depthai_descriptions/urdf/include/depthai_macro.urdf.xacro\n'}
[0.553953] (depthai_descriptions) StdoutLine: {'line': b'-- Installing: /home/dronelab/vikram/slam-project/install/depthai_descriptions/share/depthai_descriptions/urdf/base_descr.urdf.xacro\n'}
[0.554002] (depthai_descriptions) StdoutLine: {'line': b'-- Installing: /home/dronelab/vikram/slam-project/install/depthai_descriptions/share/depthai_descriptions/urdf/models\n'}
[0.554051] (depthai_descriptions) StdoutLine: {'line': b'-- Installing: /home/dronelab/vikram/slam-project/install/depthai_descriptions/share/depthai_descriptions/urdf/models/OAK-T.stl\n'}
[0.557778] (depthai_descriptions) StdoutLine: {'line': b'-- Installing: /home/dronelab/vikram/slam-project/install/depthai_descriptions/share/depthai_descriptions/urdf/models/OAK-D-S2-POE.stl\n'}
[0.564412] (depthai_descriptions) StdoutLine: {'line': b'-- Installing: /home/dronelab/vikram/slam-project/install/depthai_descriptions/share/depthai_descriptions/urdf/models/OAK-D.stl\n'}
[0.566589] (depthai_descriptions) StdoutLine: {'line': b'-- Installing: /home/dronelab/vikram/slam-project/install/depthai_descriptions/share/depthai_descriptions/urdf/models/OAK-D-SR.stl\n'}
[0.571158] (depthai_descriptions) StdoutLine: {'line': b'-- Installing: /home/dronelab/vikram/slam-project/install/depthai_descriptions/share/depthai_descriptions/urdf/models/OAK-D-LITE.stl\n'}
[0.574489] (depthai_descriptions) StdoutLine: {'line': b'-- Installing: /home/dronelab/vikram/slam-project/install/depthai_descriptions/share/depthai_descriptions/urdf/models/OAK-D-POE.stl\n'}
[0.578805] (depthai_descriptions) StdoutLine: {'line': b'-- Installing: /home/dronelab/vikram/slam-project/install/depthai_descriptions/share/depthai_descriptions/urdf/models/OAK-D-CM4-POE.stl\n'}
[0.587862] (depthai_descriptions) StdoutLine: {'line': b'-- Installing: /home/dronelab/vikram/slam-project/install/depthai_descriptions/share/depthai_descriptions/urdf/models/OAK-D-IOT-75.stl\n'}
[0.591111] (depthai_ros_msgs) StdoutLine: {'line': b'-- Found vision_msgs: 4.1.1 (/opt/ros/humble/share/vision_msgs/cmake)\n'}
[0.594074] (depthai_descriptions) StdoutLine: {'line': b'-- Installing: /home/dronelab/vikram/slam-project/install/depthai_descriptions/share/depthai_descriptions/urdf/models/OAK-D-LR.stl\n'}
[0.596868] (depthai_descriptions) StdoutLine: {'line': b'-- Installing: /home/dronelab/vikram/slam-project/install/depthai_descriptions/share/depthai_descriptions/urdf/models/OAK-D-PRO-W.stl\n'}
[0.600221] (-) TimerEvent: {}
[0.602483] (depthai_descriptions) StdoutLine: {'line': b'-- Installing: /home/dronelab/vikram/slam-project/install/depthai_descriptions/share/depthai_descriptions/urdf/models/OAK-D-S2.stl\n'}
[0.606091] (depthai_descriptions) StdoutLine: {'line': b'-- Installing: /home/dronelab/vikram/slam-project/install/depthai_descriptions/share/depthai_descriptions/urdf/models/OAK-D-PRO.stl\n'}
[0.609944] (depthai_descriptions) StdoutLine: {'line': b'-- Installing: /home/dronelab/vikram/slam-project/install/depthai_descriptions/share/depthai_descriptions/urdf/models/OAK4-D.stl\n'}
[0.620117] (depthai_descriptions) StdoutLine: {'line': b'-- Installing: /home/dronelab/vikram/slam-project/install/depthai_descriptions/share/depthai_descriptions/urdf/models/OAK-D-SR-POE.stl\n'}
[0.621472] (depthai_descriptions) StdoutLine: {'line': b'-- Installing: /home/dronelab/vikram/slam-project/install/depthai_descriptions/share/depthai_descriptions/urdf/models/OAK4-S.stl\n'}
[0.623781] (depthai_descriptions) StdoutLine: {'line': b'-- Installing: /home/dronelab/vikram/slam-project/install/depthai_descriptions/share/depthai_descriptions/urdf/models/OAK-1.stl\n'}
[0.630708] (depthai_descriptions) StdoutLine: {'line': b'-- Installing: /home/dronelab/vikram/slam-project/install/depthai_descriptions/share/depthai_descriptions/environment/depthai_descriptions.sh\n'}
[0.630843] (depthai_descriptions) StdoutLine: {'line': b'-- Installing: /home/dronelab/vikram/slam-project/install/depthai_descriptions/share/depthai_descriptions/environment/depthai_descriptions.dsv\n'}
[0.630891] (depthai_descriptions) StdoutLine: {'line': b'-- Installing: /home/dronelab/vikram/slam-project/install/depthai_descriptions/share/ament_index/resource_index/package_run_dependencies/depthai_descriptions\n'}
[0.630929] (depthai_descriptions) StdoutLine: {'line': b'-- Installing: /home/dronelab/vikram/slam-project/install/depthai_descriptions/share/ament_index/resource_index/parent_prefix_path/depthai_descriptions\n'}
[0.630963] (depthai_descriptions) StdoutLine: {'line': b'-- Installing: /home/dronelab/vikram/slam-project/install/depthai_descriptions/share/depthai_descriptions/environment/ament_prefix_path.sh\n'}
[0.630997] (depthai_descriptions) StdoutLine: {'line': b'-- Installing: /home/dronelab/vikram/slam-project/install/depthai_descriptions/share/depthai_descriptions/environment/ament_prefix_path.dsv\n'}
[0.631030] (depthai_descriptions) StdoutLine: {'line': b'-- Installing: /home/dronelab/vikram/slam-project/install/depthai_descriptions/share/depthai_descriptions/environment/path.sh\n'}
[0.631065] (depthai_descriptions) StdoutLine: {'line': b'-- Installing: /home/dronelab/vikram/slam-project/install/depthai_descriptions/share/depthai_descriptions/environment/path.dsv\n'}
[0.631215] (depthai_descriptions) StdoutLine: {'line': b'-- Installing: /home/dronelab/vikram/slam-project/install/depthai_descriptions/share/depthai_descriptions/local_setup.bash\n'}
[0.631301] (depthai_descriptions) StdoutLine: {'line': b'-- Installing: /home/dronelab/vikram/slam-project/install/depthai_descriptions/share/depthai_descriptions/local_setup.sh\n'}
[0.631342] (depthai_descriptions) StdoutLine: {'line': b'-- Installing: /home/dronelab/vikram/slam-project/install/depthai_descriptions/share/depthai_descriptions/local_setup.zsh\n'}
[0.631382] (depthai_descriptions) StdoutLine: {'line': b'-- Installing: /home/dronelab/vikram/slam-project/install/depthai_descriptions/share/depthai_descriptions/local_setup.dsv\n'}
[0.631413] (depthai_descriptions) StdoutLine: {'line': b'-- Installing: /home/dronelab/vikram/slam-project/install/depthai_descriptions/share/depthai_descriptions/package.dsv\n'}
[0.631443] (depthai_descriptions) StdoutLine: {'line': b'-- Installing: /home/dronelab/vikram/slam-project/install/depthai_descriptions/share/ament_index/resource_index/packages/depthai_descriptions\n'}
[0.631474] (depthai_descriptions) StdoutLine: {'line': b'-- Installing: /home/dronelab/vikram/slam-project/install/depthai_descriptions/share/depthai_descriptions/cmake/depthai_descriptionsConfig.cmake\n'}
[0.631505] (depthai_descriptions) StdoutLine: {'line': b'-- Installing: /home/dronelab/vikram/slam-project/install/depthai_descriptions/share/depthai_descriptions/cmake/depthai_descriptionsConfig-version.cmake\n'}
[0.631537] (depthai_descriptions) StdoutLine: {'line': b'-- Installing: /home/dronelab/vikram/slam-project/install/depthai_descriptions/share/depthai_descriptions/package.xml\n'}
[0.632589] (depthai_descriptions) CommandEnded: {'returncode': 0}
[0.634867] (depthai_ros_msgs) StdoutLine: {'line': b'-- Found sensor_msgs: 4.2.4 (/opt/ros/humble/share/sensor_msgs/cmake)\n'}
[0.657638] (depthai_descriptions) JobEnded: {'identifier': 'depthai_descriptions', 'rc': 0}
[0.688531] (depthai_ros_msgs) StdoutLine: {'line': b'-- Found rosidl_default_generators: 1.2.0 (/opt/ros/humble/share/rosidl_default_generators/cmake)\n'}
[0.700285] (-) TimerEvent: {}
[0.800443] (-) TimerEvent: {}
[0.900715] (-) TimerEvent: {}
[0.944446] (depthai_ros_msgs) StdoutLine: {'line': b'-- Found ament_cmake_ros: 0.10.0 (/opt/ros/humble/share/ament_cmake_ros/cmake)\n'}
[1.000829] (-) TimerEvent: {}
[1.101101] (-) TimerEvent: {}
[1.201422] (-) TimerEvent: {}
[1.272271] (depthai_ros_msgs) StdoutLine: {'line': b'-- Using all available rosidl_typesupport_c: rosidl_typesupport_fastrtps_c;rosidl_typesupport_introspection_c\n'}
[1.301585] (-) TimerEvent: {}
[1.401860] (-) TimerEvent: {}
[1.412457] (depthai_ros_msgs) StdoutLine: {'line': b'-- Using all available rosidl_typesupport_cpp: rosidl_typesupport_fastrtps_cpp;rosidl_typesupport_introspection_cpp\n'}
[1.429549] (depthai_ros_msgs) StdoutLine: {'line': b'-- Found PythonInterp: /usr/bin/python3 (found suitable version "3.10.12", minimum required is "3.6") \n'}
[1.430395] (depthai_ros_msgs) StdoutLine: {'line': b'-- Found python_cmake_module: 0.10.0 (/opt/ros/humble/share/python_cmake_module/cmake)\n'}
[1.457278] (depthai_ros_msgs) StdoutLine: {'line': b'-- Found PythonLibs: /usr/lib/x86_64-linux-gnu/libpython3.10.so (found suitable version "3.10.12", minimum required is "3.5") \n'}
[1.457433] (depthai_ros_msgs) StdoutLine: {'line': b'-- Using PYTHON_EXECUTABLE: /usr/bin/python3\n'}
[1.457497] (depthai_ros_msgs) StdoutLine: {'line': b'-- Using PYTHON_INCLUDE_DIRS: /usr/include/python3.10\n'}
[1.457549] (depthai_ros_msgs) StdoutLine: {'line': b'-- Using PYTHON_LIBRARIES: /usr/lib/x86_64-linux-gnu/libpython3.10.so\n'}
[1.478983] (depthai_ros_msgs) StdoutLine: {'line': b'-- Found PythonExtra: .so  \n'}
[1.502028] (-) TimerEvent: {}
[1.532112] (depthai_ros_msgs) StdoutLine: {'line': b'-- Configuring done\n'}
[1.564617] (depthai_ros_msgs) StdoutLine: {'line': b'-- Generating done\n'}
[1.565913] (depthai_ros_msgs) StdoutLine: {'line': b'-- Build files have been written to: /home/dronelab/vikram/slam-project/build/depthai_ros_msgs\n'}
[1.571663] (depthai_ros_msgs) CommandEnded: {'returncode': 0}
[1.572795] (depthai_ros_msgs) JobProgress: {'identifier': 'depthai_ros_msgs', 'progress': 'build'}
[1.572829] (depthai_ros_msgs) Command: {'cmd': ['/usr/bin/cmake', '--build', '/home/dronelab/vikram/slam-project/build/depthai_ros_msgs', '--', '-j32', '-l32'], 'cwd': '/home/dronelab/vikram/slam-project/build/depthai_ros_msgs', 'env': OrderedDict([('LESSOPEN', '| /usr/bin/lesspipe %s'), ('USER', 'dronelab'), ('XDG_SESSION_TYPE', 'x11'), ('SHLVL', '1'), ('LD_LIBRARY_PATH', '/opt/ros/humble/opt/rviz_ogre_vendor/lib:/opt/ros/humble/lib/x86_64-linux-gnu:/opt/ros/humble/lib:/lib:/usr/lib:/usr/lib32:/usr/lib64:/usr/lib/x86_64-linux-gnu:/home/dronelab/ros2_ws/build/hesai_ros_driver/src/driver/HesaiLidar_SDK_2.0/libhesai/'), ('HOME', '/home/dronelab'), ('OLDPWD', '/home/dronelab/vikram'), ('DESKTOP_SESSION', 'ubuntu'), ('NVM_BIN', '/home/dronelab/.nvm/versions/node/v24.11.1/bin'), ('NVM_INC', '/home/dronelab/.nvm/versions/node/v24.11.1/include/node'), ('ROS_PYTHON_VERSION', '3'), ('GNOME_SHELL_SESSION_MODE', 'ubuntu'), ('GTK_MODULES', 'gail:atk-bridge'), ('SYSTEMD_EXEC_PID', '1932'), ('DBUS_SESSION_BUS_ADDRESS', 'unix:path=/run/user/1000/bus'), ('COLORTERM', 'truecolor'), ('NVM_DIR', '/home/dronelab/.nvm'), ('IM_CONFIG_PHASE', '1'), ('ROS_DISTRO', 'humble'), ('GTK_IM_MODULE', 'ibus'), ('LOGNAME', 'dronelab'), ('_', '/usr/bin/colcon'), ('ROS_VERSION', '2'), ('XDG_SESSION_CLASS', 'user'), ('USERNAME', 'dronelab'), ('TERM', 'xterm-256color'), ('GNOME_DESKTOP_SESSION_ID', 'this-is-deprecated'), ('ROS_LOCALHOST_ONLY', '0'), ('WINDOWPATH', '2'), ('PATH', '/home/dronelab/.nvm/versions/node/v24.11.1/bin:/opt/ros/humble/bin:/home/dronelab/.local/bin:/usr/local/sbin:/usr/local/bin:/usr/sbin:/usr/bin:/sbin:/bin:/usr/games:/usr/local/games:/snap/bin:/snap/bin'), ('SESSION_MANAGER', 'local/dambot-mini:@/tmp/.ICE-unix/1689,unix/dambot-mini:/tmp/.ICE-unix/1689'), ('XDG_MENU_PREFIX', 'gnome-'), ('GNOME_TERMINAL_SCREEN', '/org/gnome/Terminal/screen/89d79876_c8a4_463f_9ff8_871092252771'), ('XDG_RUNTIME_DIR', '/run/user/1000'), ('DISPLAY', ':0'), ('LANG', 'en_US.UTF-8'), ('XDG_CURRENT_DESKTOP', 'ubuntu:GNOME'), ('XMODIFIERS', '@im=ibus'), ('XDG_SESSION_DESKTOP', 'ubuntu'), ('XAUTHORITY', '/run/user/1000/gdm/Xauthority'), ('LS_COLORS', 'rs=0:di=01;34:ln=01;36:mh=00:pi=40;33:so=01;35:do=01;35:bd=40;33;01:cd=40;33;01:or=40;31;01:mi=00:su=37;41:sg=30;43:ca=30;41:tw=30;42:ow=34;42:st=37;44:ex=01;32:*.tar=01;31:*.tgz=01;31:*.arc=01;31:*.arj=01;31:*.taz=01;31:*.lha=01;31:*.lz4=01;31:*.lzh=01;31:*.lzma=01;31:*.tlz=01;31:*.txz=01;31:*.tzo=01;31:*.t7z=01;31:*.zip=01;31:*.z=01;31:*.dz=01;31:*.gz=01;31:*.lrz=01;31:*.lz=01;31:*.lzo=01;31:*.xz=01;31:*.zst=01;31:*.tzst=01;31:*.bz2=01;31:*.bz=01;31:*.tbz=01;31:*.tbz2=01;31:*.tz=01;31:*.deb=01;31:*.rpm=01;31:*.jar=01;31:*.war=01;31:*.ear=01;31:*.sar=01;31:*.rar=01;31:*.alz=01;31:*.ace=01;31:*.zoo=01;31:*.cpio=01;31:*.7z=01;31:*.rz=01;31:*.cab=01;31:*.wim=01;31:*.swm=01;31:*.dwm=01;31:*.esd=01;31:*.jpg=01;35:*.jpeg=01;35:*.mjpg=01;35:*.mjpeg=01;35:*.gif=01;35:*.bmp=01;35:*.pbm=01;35:*.pgm=01;35:*.ppm=01;35:*.tga=01;35:*.xbm=01;35:*.xpm=01;35:*.tif=01;35:*.tiff=01;35:*.png=01;35:*.svg=01;35:*.svgz=01;35:*.mng=01;35:*.pcx=01;35:*.mov=01;35:*.mpg=01;35:*.mpeg=01;35:*.m2v=01;35:*.mkv=01;35:*.webm=01;35:*.webp=01;35:*.ogm=01;35:*.mp4=01;35:*.m4v=01;35:*.mp4v=01;35:*.vob=01;35:*.qt=01;35:*.nuv=01;35:*.wmv=01;35:*.asf=01;35:*.rm=01;35:*.rmvb=01;35:*.flc=01;35:*.avi=01;35:*.fli=01;35:*.flv=01;35:*.gl=01;35:*.dl=01;35:*.xcf=01;35:*.xwd=01;35:*.yuv=01;35:*.cgm=01;35:*.emf=01;35:*.ogv=01;35:*.ogx=01;35:*.aac=00;36:*.au=00;36:*.flac=00;36:*.m4a=00;36:*.mid=00;36:*.midi=00;36:*.mka=00;36:*.mp3=00;36:*.mpc=00;36:*.ogg=00;36:*.ra=00;36:*.wav=00;36:*.oga=00;36:*.opus=00;36:*.spx=00;36:*.xspf=00;36:'), ('GNOME_TERMINAL_SERVICE', ':1.316'), ('SSH_AGENT_LAUNCHER', 'gnome-keyring'), ('SSH_AUTH_SOCK', '/run/user/1000/keyring/ssh'), ('AMENT_PREFIX_PATH', '/opt/ros/humble'), ('SHELL', '/bin/bash'), ('QT_ACCESSIBILITY', '1'), ('GDMSESSION', 'ubuntu'), ('LESSCLOSE', '/usr/bin/lesspipe %s %s'), ('GPG_AGENT_INFO', '/run/user/1000/gnupg/S.gpg-agent:0:1'), ('QT_IM_MODULE', 'ibus'), ('PWD', '/home/dronelab/vikram/slam-project/build/depthai_ros_msgs'), ('QT_QPA_PLATFORM', 'xcb'), ('LC_ALL', 'en_US.UTF-8'), ('XDG_CONFIG_DIRS', '/etc/xdg/xdg-ubuntu:/etc/xdg'), ('NVM_CD_FLAGS', ''), ('XDG_DATA_DIRS', '/usr/share/ubuntu:/usr/share/gnome:/usr/local/share/:/usr/share/:/var/lib/snapd/desktop'), ('PYTHONPATH', '/opt/ros/humble/lib/python3.10/site-packages:/opt/ros/humble/local/lib/python3.10/dist-packages'), ('COLCON', '1'), ('VTE_VERSION', '6800'), ('CMAKE_PREFIX_PATH', '/opt/ros/humble')]), 'shell': False}
[1.602216] (-) TimerEvent: {}
[1.609174] (depthai_ros_msgs) StdoutLine: {'line': b'[  1%] \x1b[34m\x1b[1mGenerating C code for ROS interfaces\x1b[0m\n'}
[1.624428] (depthai_ros_msgs) StdoutLine: {'line': b'[  1%] \x1b[34m\x1b[1mGenerating C++ code for ROS interfaces\x1b[0m\n'}
[1.629025] (depthai_ros_msgs) StdoutLine: {'line': b'[  1%] Built target ament_cmake_python_copy_depthai_ros_msgs\n'}
[1.702400] (-) TimerEvent: {}
[1.767120] (depthai_ros_msgs) StdoutLine: {'line': b'running egg_info\n'}
[1.767488] (depthai_ros_msgs) StdoutLine: {'line': b'creating depthai_ros_msgs.egg-info\n'}
[1.767786] (depthai_ros_msgs) StdoutLine: {'line': b'writing depthai_ros_msgs.egg-info/PKG-INFO\n'}
[1.767860] (depthai_ros_msgs) StdoutLine: {'line': b'writing dependency_links to depthai_ros_msgs.egg-info/dependency_links.txt\n'}
[1.767908] (depthai_ros_msgs) StdoutLine: {'line': b'writing top-level names to depthai_ros_msgs.egg-info/top_level.txt\n'}
[1.768428] (depthai_ros_msgs) StdoutLine: {'line': b"writing manifest file 'depthai_ros_msgs.egg-info/SOURCES.txt'\n"}
[1.769580] (depthai_ros_msgs) StdoutLine: {'line': b"reading manifest file 'depthai_ros_msgs.egg-info/SOURCES.txt'\n"}
[1.770152] (depthai_ros_msgs) StdoutLine: {'line': b"writing manifest file 'depthai_ros_msgs.egg-info/SOURCES.txt'\n"}
[1.786879] (depthai_ros_msgs) StdoutLine: {'line': b'[  1%] Built target ament_cmake_python_build_depthai_ros_msgs_egg\n'}
[1.802563] (-) TimerEvent: {}
[1.902718] (-) TimerEvent: {}
[2.002967] (-) TimerEvent: {}
[2.103214] (-) TimerEvent: {}
[2.201961] (depthai_ros_msgs) StdoutLine: {'line': b'[  1%] Built target depthai_ros_msgs__cpp\n'}
[2.203432] (-) TimerEvent: {}
[2.211442] (depthai_ros_msgs) StdoutLine: {'line': b'[  3%] \x1b[34m\x1b[1mGenerating C++ type support for eProsima Fast-RTPS\x1b[0m\n'}
[2.211645] (depthai_ros_msgs) StdoutLine: {'line': b'[  3%] \x1b[34m\x1b[1mGenerating C++ type support dispatch for ROS interfaces\x1b[0m\n'}
[2.215623] (depthai_ros_msgs) StdoutLine: {'line': b'[  3%] \x1b[34m\x1b[1mGenerating C++ introspection for ROS interfaces\x1b[0m\n'}
[2.240478] (depthai_ros_msgs) StdoutLine: {'line': b'[  4%] \x1b[32mBuilding C object CMakeFiles/depthai_ros_msgs__rosidl_generator_c.dir/rosidl_generator_c/depthai_ros_msgs/msg/detail/track_detection2_d_array__functions.c.o\x1b[0m\n'}
[2.240656] (depthai_ros_msgs) StdoutLine: {'line': b'[  4%] \x1b[32mBuilding C object CMakeFiles/depthai_ros_msgs__rosidl_generator_c.dir/rosidl_generator_c/depthai_ros_msgs/srv/detail/trigger_named__functions.c.o\x1b[0m\n'}
[2.240739] (depthai_ros_msgs) StdoutLine: {'line': b'[  5%] \x1b[32mBuilding C object CMakeFiles/depthai_ros_msgs__rosidl_generator_c.dir/rosidl_generator_c/depthai_ros_msgs/srv/detail/normalized_image_crop__functions.c.o\x1b[0m\n'}
[2.241164] (depthai_ros_msgs) StdoutLine: {'line': b'[  8%] \x1b[32mBuilding C object CMakeFiles/depthai_ros_msgs__rosidl_generator_c.dir/rosidl_generator_c/depthai_ros_msgs/msg/detail/imu_with_magnetic_field__functions.c.o\x1b[0m\n'}
[2.241513] (depthai_ros_msgs) StdoutLine: {'line': b'[  8%] \x1b[32mBuilding C object CMakeFiles/depthai_ros_msgs__rosidl_generator_c.dir/rosidl_generator_c/depthai_ros_msgs/msg/detail/auto_focus_ctrl__functions.c.o\x1b[0m\n'}
[2.241634] (depthai_ros_msgs) StdoutLine: {'line': b'[  8%] \x1b[32mBuilding C object CMakeFiles/depthai_ros_msgs__rosidl_generator_c.dir/rosidl_generator_c/depthai_ros_msgs/srv/detail/set_local_transform__functions.c.o\x1b[0m\n'}
[2.241725] (depthai_ros_msgs) StdoutLine: {'line': b'[  9%] \x1b[32mBuilding C object CMakeFiles/depthai_ros_msgs__rosidl_generator_c.dir/rosidl_generator_c/depthai_ros_msgs/msg/detail/hand_landmark__functions.c.o\x1b[0m\n'}
[2.241854] (depthai_ros_msgs) StdoutLine: {'line': b'[  9%] \x1b[32mBuilding C object CMakeFiles/depthai_ros_msgs__rosidl_generator_c.dir/rosidl_generator_c/depthai_ros_msgs/msg/detail/hand_landmark_array__functions.c.o\x1b[0m\n'}
[2.241975] (depthai_ros_msgs) StdoutLine: {'line': b'[ 10%] \x1b[32mBuilding C object CMakeFiles/depthai_ros_msgs__rosidl_generator_c.dir/rosidl_generator_c/depthai_ros_msgs/msg/detail/tracked_feature__functions.c.o\x1b[0m\n'}
[2.242062] (depthai_ros_msgs) StdoutLine: {'line': b'[ 11%] \x1b[32mBuilding C object CMakeFiles/depthai_ros_msgs__rosidl_generator_c.dir/rosidl_generator_c/depthai_ros_msgs/msg/detail/tracked_features__functions.c.o\x1b[0m\n'}
[2.242623] (depthai_ros_msgs) StdoutLine: {'line': b'[ 11%] \x1b[32mBuilding C object CMakeFiles/depthai_ros_msgs__rosidl_generator_c.dir/rosidl_generator_c/depthai_ros_msgs/msg/detail/spatial_detection__functions.c.o\x1b[0m\n'}
[2.242880] (depthai_ros_msgs) StdoutLine: {'line': b'[ 12%] \x1b[32mBuilding C object CMakeFiles/depthai_ros_msgs__rosidl_generator_c.dir/rosidl_generator_c/depthai_ros_msgs/msg/detail/spatial_detection_array__functions.c.o\x1b[0m\n'}
[2.243295] (depthai_ros_msgs) StdoutLine: {'line': b'[ 13%] \x1b[32mBuilding C object CMakeFiles/depthai_ros_msgs__rosidl_generator_c.dir/rosidl_generator_c/depthai_ros_msgs/msg/detail/track_detection2_d__functions.c.o\x1b[0m\n'}
[2.295699] (depthai_ros_msgs) StdoutLine: {'line': b'[ 14%] \x1b[32m\x1b[1mLinking C shared library libdepthai_ros_msgs__rosidl_generator_c.so\x1b[0m\n'}
[2.303482] (-) TimerEvent: {}
[2.325193] (depthai_ros_msgs) StdoutLine: {'line': b'[ 14%] Built target depthai_ros_msgs__rosidl_generator_c\n'}
[2.333334] (depthai_ros_msgs) StdoutLine: {'line': b'[ 15%] \x1b[34m\x1b[1mGenerating C type support dispatch for ROS interfaces\x1b[0m\n'}
[2.333905] (depthai_ros_msgs) StdoutLine: {'line': b'[ 16%] \x1b[34m\x1b[1mGenerating C introspection for ROS interfaces\x1b[0m\n'}
[2.334531] (depthai_ros_msgs) StdoutLine: {'line': b'[ 17%] \x1b[34m\x1b[1mGenerating C type support for eProsima Fast-RTPS\x1b[0m\n'}
[2.403581] (-) TimerEvent: {}
[2.503815] (-) TimerEvent: {}
[2.604056] (-) TimerEvent: {}
[2.626112] (depthai_ros_msgs) StdoutLine: {'line': b'[ 18%] \x1b[32mBuilding CXX object CMakeFiles/depthai_ros_msgs__rosidl_typesupport_cpp.dir/rosidl_typesupport_cpp/depthai_ros_msgs/msg/auto_focus_ctrl__type_support.cpp.o\x1b[0m\n'}
[2.626317] (depthai_ros_msgs) StdoutLine: {'line': b'[ 19%] \x1b[32mBuilding CXX object CMakeFiles/depthai_ros_msgs__rosidl_typesupport_cpp.dir/rosidl_typesupport_cpp/depthai_ros_msgs/msg/hand_landmark__type_support.cpp.o\x1b[0m\n'}
[2.626405] (depthai_ros_msgs) StdoutLine: {'line': b'[ 20%] \x1b[32mBuilding CXX object CMakeFiles/depthai_ros_msgs__rosidl_typesupport_cpp.dir/rosidl_typesupport_cpp/depthai_ros_msgs/msg/tracked_feature__type_support.cpp.o\x1b[0m\n'}
[2.626477] (depthai_ros_msgs) StdoutLine: {'line': b'[ 20%] \x1b[32mBuilding CXX object CMakeFiles/depthai_ros_msgs__rosidl_typesupport_cpp.dir/rosidl_typesupport_cpp/depthai_ros_msgs/msg/spatial_detection_array__type_support.cpp.o\x1b[0m\n'}
[2.626619] (depthai_ros_msgs) StdoutLine: {'line': b'[ 20%] \x1b[32mBuilding CXX object CMakeFiles/depthai_ros_msgs__rosidl_typesupport_cpp.dir/rosidl_typesupport_cpp/depthai_ros_msgs/msg/hand_landmark_array__type_support.cpp.o\x1b[0m\n'}
[2.626987] (depthai_ros_msgs) StdoutLine: {'line': b'[ 21%] \x1b[32mBuilding CXX object CMakeFiles/depthai_ros_msgs__rosidl_typesupport_cpp.dir/rosidl_typesupport_cpp/depthai_ros_msgs/msg/imu_with_magnetic_field__type_support.cpp.o\x1b[0m\n'}
[2.627660] (depthai_ros_msgs) StdoutLine: {'line': b'[ 21%] \x1b[32mBuilding CXX object CMakeFiles/depthai_ros_msgs__rosidl_typesupport_cpp.dir/rosidl_typesupport_cpp/depthai_ros_msgs/srv/normalized_image_crop__type_support.cpp.o\x1b[0m\n'}
[2.628039] (depthai_ros_msgs) StdoutLine: {'line': b'[ 22%] \x1b[32mBuilding CXX object CMakeFiles/depthai_ros_msgs__rosidl_typesupport_cpp.dir/rosidl_typesupport_cpp/depthai_ros_msgs/msg/tracked_features__type_support.cpp.o\x1b[0m\n'}
[2.628128] (depthai_ros_msgs) StdoutLine: {'line': b'[ 23%] \x1b[32mBuilding CXX object CMakeFiles/depthai_ros_msgs__rosidl_typesupport_cpp.dir/rosidl_typesupport_cpp/depthai_ros_msgs/msg/spatial_detection__type_support.cpp.o\x1b[0m\n'}
[2.628749] (depthai_ros_msgs) StdoutLine: {'line': b'[ 24%] \x1b[32mBuilding CXX object CMakeFiles/depthai_ros_msgs__rosidl_typesupport_cpp.dir/rosidl_typesupport_cpp/depthai_ros_msgs/msg/track_detection2_d__type_support.cpp.o\x1b[0m\n'}
[2.628988] (depthai_ros_msgs) StdoutLine: {'line': b'[ 25%] \x1b[32mBuilding CXX object CMakeFiles/depthai_ros_msgs__rosidl_typesupport_cpp.dir/rosidl_typesupport_cpp/depthai_ros_msgs/msg/track_detection2_d_array__type_support.cpp.o\x1b[0m\n'}
[2.629405] (depthai_ros_msgs) StdoutLine: {'line': b'[ 27%] \x1b[32mBuilding CXX object CMakeFiles/depthai_ros_msgs__rosidl_typesupport_cpp.dir/rosidl_typesupport_cpp/depthai_ros_msgs/srv/set_local_transform__type_support.cpp.o\x1b[0m\n'}
[2.629549] (depthai_ros_msgs) StdoutLine: {'line': b'[ 27%] \x1b[32mBuilding CXX object CMakeFiles/depthai_ros_msgs__rosidl_typesupport_cpp.dir/rosidl_typesupport_cpp/depthai_ros_msgs/srv/trigger_named__type_support.cpp.o\x1b[0m\n'}
[2.704158] (-) TimerEvent: {}
[2.710705] (depthai_ros_msgs) StdoutLine: {'line': b'[ 31%] \x1b[32mBuilding CXX object CMakeFiles/depthai_ros_msgs__rosidl_typesupport_introspection_cpp.dir/rosidl_typesupport_introspection_cpp/depthai_ros_msgs/msg/detail/imu_with_magnetic_field__type_support.cpp.o\x1b[0m\n'}
[2.710919] (depthai_ros_msgs) StdoutLine: {'line': b'[ 31%] \x1b[32mBuilding CXX object CMakeFiles/depthai_ros_msgs__rosidl_typesupport_introspection_cpp.dir/rosidl_typesupport_introspection_cpp/depthai_ros_msgs/msg/detail/auto_focus_ctrl__type_support.cpp.o\x1b[0m\n'}
[2.711006] (depthai_ros_msgs) StdoutLine: {'line': b'[ 31%] \x1b[32mBuilding CXX object CMakeFiles/depthai_ros_msgs__rosidl_typesupport_introspection_cpp.dir/rosidl_typesupport_introspection_cpp/depthai_ros_msgs/msg/detail/hand_landmark__type_support.cpp.o\x1b[0m\n'}
[2.711084] (depthai_ros_msgs) StdoutLine: {'line': b'[ 31%] \x1b[32mBuilding CXX object CMakeFiles/depthai_ros_msgs__rosidl_typesupport_introspection_cpp.dir/rosidl_typesupport_introspection_cpp/depthai_ros_msgs/msg/detail/hand_landmark_array__type_support.cpp.o\x1b[0m\n'}
[2.711206] (depthai_ros_msgs) StdoutLine: {'line': b'[ 31%] \x1b[32mBuilding CXX object CMakeFiles/depthai_ros_msgs__rosidl_typesupport_introspection_cpp.dir/rosidl_typesupport_introspection_cpp/depthai_ros_msgs/msg/detail/tracked_feature__type_support.cpp.o\x1b[0m\n'}
[2.711288] (depthai_ros_msgs) StdoutLine: {'line': b'[ 33%] \x1b[32mBuilding CXX object CMakeFiles/depthai_ros_msgs__rosidl_typesupport_introspection_cpp.dir/rosidl_typesupport_introspection_cpp/depthai_ros_msgs/msg/detail/tracked_features__type_support.cpp.o\x1b[0m\n'}
[2.711357] (depthai_ros_msgs) StdoutLine: {'line': b'[ 33%] \x1b[32mBuilding CXX object CMakeFiles/depthai_ros_msgs__rosidl_typesupport_introspection_cpp.dir/rosidl_typesupport_introspection_cpp/depthai_ros_msgs/msg/detail/spatial_detection__type_support.cpp.o\x1b[0m\n'}
[2.711451] (depthai_ros_msgs) StdoutLine: {'line': b'[ 34%] \x1b[32mBuilding CXX object CMakeFiles/depthai_ros_msgs__rosidl_typesupport_introspection_cpp.dir/rosidl_typesupport_introspection_cpp/depthai_ros_msgs/msg/detail/spatial_detection_array__type_support.cpp.o\x1b[0m\n'}
[2.711690] (depthai_ros_msgs) StdoutLine: {'line': b'[ 35%] \x1b[32mBuilding CXX object CMakeFiles/depthai_ros_msgs__rosidl_typesupport_introspection_cpp.dir/rosidl_typesupport_introspection_cpp/depthai_ros_msgs/msg/detail/track_detection2_d__type_support.cpp.o\x1b[0m\n'}
[2.712131] (depthai_ros_msgs) StdoutLine: {'line': b'[ 35%] \x1b[32mBuilding CXX object CMakeFiles/depthai_ros_msgs__rosidl_typesupport_introspection_cpp.dir/rosidl_typesupport_introspection_cpp/depthai_ros_msgs/msg/detail/track_detection2_d_array__type_support.cpp.o\x1b[0m\n'}
[2.712506] (depthai_ros_msgs) StdoutLine: {'line': b'[ 36%] \x1b[32mBuilding CXX object CMakeFiles/depthai_ros_msgs__rosidl_typesupport_introspection_cpp.dir/rosidl_typesupport_introspection_cpp/depthai_ros_msgs/srv/detail/trigger_named__type_support.cpp.o\x1b[0m\n'}
[2.712614] (depthai_ros_msgs) StdoutLine: {'line': b'[ 37%] \x1b[32mBuilding CXX object CMakeFiles/depthai_ros_msgs__rosidl_typesupport_introspection_cpp.dir/rosidl_typesupport_introspection_cpp/depthai_ros_msgs/srv/detail/set_local_transform__type_support.cpp.o\x1b[0m\n'}
[2.712711] (depthai_ros_msgs) StdoutLine: {'line': b'[ 38%] \x1b[32mBuilding CXX object CMakeFiles/depthai_ros_msgs__rosidl_typesupport_introspection_cpp.dir/rosidl_typesupport_introspection_cpp/depthai_ros_msgs/srv/detail/normalized_image_crop__type_support.cpp.o\x1b[0m\n'}
[2.780214] (depthai_ros_msgs) StdoutLine: {'line': b'[ 40%] \x1b[32mBuilding CXX object CMakeFiles/depthai_ros_msgs__rosidl_typesupport_c.dir/rosidl_typesupport_c/depthai_ros_msgs/msg/auto_focus_ctrl__type_support.cpp.o\x1b[0m\n'}
[2.780395] (depthai_ros_msgs) StdoutLine: {'line': b'[ 40%] \x1b[32mBuilding CXX object CMakeFiles/depthai_ros_msgs__rosidl_typesupport_c.dir/rosidl_typesupport_c/depthai_ros_msgs/msg/hand_landmark_array__type_support.cpp.o\x1b[0m\n'}
[2.780465] (depthai_ros_msgs) StdoutLine: {'line': b'[ 40%] \x1b[32mBuilding CXX object CMakeFiles/depthai_ros_msgs__rosidl_typesupport_c.dir/rosidl_typesupport_c/depthai_ros_msgs/msg/hand_landmark__type_support.cpp.o\x1b[0m\n'}
[2.804231] (-) TimerEvent: {}
[2.813536] (depthai_ros_msgs) StdoutLine: {'line': b'[ 42%] \x1b[32mBuilding CXX object CMakeFiles/depthai_ros_msgs__rosidl_typesupport_c.dir/rosidl_typesupport_c/depthai_ros_msgs/msg/imu_with_magnetic_field__type_support.cpp.o\x1b[0m\n'}
[2.813735] (depthai_ros_msgs) StdoutLine: {'line': b'[ 42%] \x1b[32mBuilding CXX object CMakeFiles/depthai_ros_msgs__rosidl_typesupport_c.dir/rosidl_typesupport_c/depthai_ros_msgs/msg/tracked_features__type_support.cpp.o\x1b[0m\n'}
[2.813817] (depthai_ros_msgs) StdoutLine: {'line': b'[ 42%] \x1b[32mBuilding CXX object CMakeFiles/depthai_ros_msgs__rosidl_typesupport_c.dir/rosidl_typesupport_c/depthai_ros_msgs/msg/tracked_feature__type_support.cpp.o\x1b[0m\n'}
[2.824592] (depthai_ros_msgs) StdoutLine: {'line': b'[ 43%] \x1b[32mBuilding CXX object CMakeFiles/depthai_ros_msgs__rosidl_typesupport_c.dir/rosidl_typesupport_c/depthai_ros_msgs/msg/spatial_detection__type_support.cpp.o\x1b[0m\n'}
[2.848902] (depthai_ros_msgs) StdoutLine: {'line': b'[ 44%] \x1b[32mBuilding CXX object CMakeFiles/depthai_ros_msgs__rosidl_typesupport_c.dir/rosidl_typesupport_c/depthai_ros_msgs/msg/spatial_detection_array__type_support.cpp.o\x1b[0m\n'}
[2.852068] (depthai_ros_msgs) StdoutLine: {'line': b'[ 46%] \x1b[32mBuilding CXX object CMakeFiles/depthai_ros_msgs__rosidl_typesupport_c.dir/rosidl_typesupport_c/depthai_ros_msgs/msg/track_detection2_d__type_support.cpp.o\x1b[0m\n'}
[2.852259] (depthai_ros_msgs) StdoutLine: {'line': b'[ 46%] \x1b[32mBuilding CXX object CMakeFiles/depthai_ros_msgs__rosidl_typesupport_c.dir/rosidl_typesupport_c/depthai_ros_msgs/msg/track_detection2_d_array__type_support.cpp.o\x1b[0m\n'}
[2.852339] (depthai_ros_msgs) StdoutLine: {'line': b'[ 46%] \x1b[32mBuilding CXX object CMakeFiles/depthai_ros_msgs__rosidl_typesupport_c.dir/rosidl_typesupport_c/depthai_ros_msgs/srv/set_local_transform__type_support.cpp.o\x1b[0m\n'}
[2.860820] (depthai_ros_msgs) StdoutLine: {'line': b'[ 47%] \x1b[32mBuilding CXX object CMakeFiles/depthai_ros_msgs__rosidl_typesupport_c.dir/rosidl_typesupport_c/depthai_ros_msgs/srv/trigger_named__type_support.cpp.o\x1b[0m\n'}
[2.877999] (depthai_ros_msgs) StdoutLine: {'line': b'[ 48%] \x1b[32mBuilding CXX object CMakeFiles/depthai_ros_msgs__rosidl_typesupport_c.dir/rosidl_typesupport_c/depthai_ros_msgs/srv/normalized_image_crop__type_support.cpp.o\x1b[0m\n'}
[2.904373] (-) TimerEvent: {}
[2.909082] (depthai_ros_msgs) StdoutLine: {'line': b'[ 49%] \x1b[32m\x1b[1mLinking CXX shared library libdepthai_ros_msgs__rosidl_typesupport_c.so\x1b[0m\n'}
[2.932354] (depthai_ros_msgs) StdoutLine: {'line': b'[ 50%] \x1b[32m\x1b[1mLinking CXX shared library libdepthai_ros_msgs__rosidl_typesupport_cpp.so\x1b[0m\n'}
[2.934850] (depthai_ros_msgs) StdoutLine: {'line': b'[ 51%] \x1b[32mBuilding CXX object CMakeFiles/depthai_ros_msgs__rosidl_typesupport_fastrtps_cpp.dir/rosidl_typesupport_fastrtps_cpp/depthai_ros_msgs/msg/detail/dds_fastrtps/auto_focus_ctrl__type_support.cpp.o\x1b[0m\n'}
[2.935083] (depthai_ros_msgs) StdoutLine: {'line': b'[ 52%] \x1b[32mBuilding CXX object CMakeFiles/depthai_ros_msgs__rosidl_typesupport_fastrtps_cpp.dir/rosidl_typesupport_fastrtps_cpp/depthai_ros_msgs/msg/detail/dds_fastrtps/hand_landmark_array__type_support.cpp.o\x1b[0m\n'}
[2.935190] (depthai_ros_msgs) StdoutLine: {'line': b'[ 53%] \x1b[32mBuilding CXX object CMakeFiles/depthai_ros_msgs__rosidl_typesupport_fastrtps_cpp.dir/rosidl_typesupport_fastrtps_cpp/depthai_ros_msgs/msg/detail/dds_fastrtps/hand_landmark__type_support.cpp.o\x1b[0m\n'}
[2.935287] (depthai_ros_msgs) StdoutLine: {'line': b'[ 54%] \x1b[32mBuilding CXX object CMakeFiles/depthai_ros_msgs__rosidl_typesupport_fastrtps_cpp.dir/rosidl_typesupport_fastrtps_cpp/depthai_ros_msgs/msg/detail/dds_fastrtps/imu_with_magnetic_field__type_support.cpp.o\x1b[0m\n'}
[2.935373] (depthai_ros_msgs) StdoutLine: {'line': b'[ 54%] \x1b[32mBuilding CXX object CMakeFiles/depthai_ros_msgs__rosidl_typesupport_fastrtps_cpp.dir/rosidl_typesupport_fastrtps_cpp/depthai_ros_msgs/msg/detail/dds_fastrtps/tracked_feature__type_support.cpp.o\x1b[0m\n'}
[2.935457] (depthai_ros_msgs) StdoutLine: {'line': b'[ 55%] \x1b[32mBuilding CXX object CMakeFiles/depthai_ros_msgs__rosidl_typesupport_fastrtps_cpp.dir/rosidl_typesupport_fastrtps_cpp/depthai_ros_msgs/msg/detail/dds_fastrtps/tracked_features__type_support.cpp.o\x1b[0m\n'}
[2.935546] (depthai_ros_msgs) StdoutLine: {'line': b'[ 56%] \x1b[32mBuilding CXX object CMakeFiles/depthai_ros_msgs__rosidl_typesupport_fastrtps_cpp.dir/rosidl_typesupport_fastrtps_cpp/depthai_ros_msgs/msg/detail/dds_fastrtps/spatial_detection_array__type_support.cpp.o\x1b[0m\n'}
[2.935628] (depthai_ros_msgs) StdoutLine: {'line': b'[ 56%] \x1b[32mBuilding CXX object CMakeFiles/depthai_ros_msgs__rosidl_typesupport_fastrtps_cpp.dir/rosidl_typesupport_fastrtps_cpp/depthai_ros_msgs/msg/detail/dds_fastrtps/track_detection2_d__type_support.cpp.o\x1b[0m\n'}
[2.935706] (depthai_ros_msgs) StdoutLine: {'line': b'[ 57%] \x1b[32mBuilding CXX object CMakeFiles/depthai_ros_msgs__rosidl_typesupport_fastrtps_cpp.dir/rosidl_typesupport_fastrtps_cpp/depthai_ros_msgs/msg/detail/dds_fastrtps/track_detection2_d_array__type_support.cpp.o\x1b[0m\n'}
[2.935873] (depthai_ros_msgs) StdoutLine: {'line': b'[ 58%] \x1b[32mBuilding CXX object CMakeFiles/depthai_ros_msgs__rosidl_typesupport_fastrtps_cpp.dir/rosidl_typesupport_fastrtps_cpp/depthai_ros_msgs/srv/detail/dds_fastrtps/normalized_image_crop__type_support.cpp.o\x1b[0m\n'}
[2.936029] (depthai_ros_msgs) StdoutLine: {'line': b'[ 59%] \x1b[32mBuilding CXX object CMakeFiles/depthai_ros_msgs__rosidl_typesupport_fastrtps_cpp.dir/rosidl_typesupport_fastrtps_cpp/depthai_ros_msgs/srv/detail/dds_fastrtps/trigger_named__type_support.cpp.o\x1b[0m\n'}
[2.936487] (depthai_ros_msgs) StdoutLine: {'line': b'[ 60%] \x1b[32mBuilding CXX object CMakeFiles/depthai_ros_msgs__rosidl_typesupport_fastrtps_cpp.dir/rosidl_typesupport_fastrtps_cpp/depthai_ros_msgs/srv/detail/dds_fastrtps/set_local_transform__type_support.cpp.o\x1b[0m\n'}
[2.938918] (depthai_ros_msgs) StdoutLine: {'line': b'[ 61%] \x1b[32mBuilding CXX object CMakeFiles/depthai_ros_msgs__rosidl_typesupport_fastrtps_cpp.dir/rosidl_typesupport_fastrtps_cpp/depthai_ros_msgs/msg/detail/dds_fastrtps/spatial_detection__type_support.cpp.o\x1b[0m\n'}
[2.950225] (depthai_ros_msgs) StdoutLine: {'line': b'[ 63%] \x1b[32mBuilding C object CMakeFiles/depthai_ros_msgs__rosidl_typesupport_introspection_c.dir/rosidl_typesupport_introspection_c/depthai_ros_msgs/msg/detail/hand_landmark__type_support.c.o\x1b[0m\n'}
[2.950439] (depthai_ros_msgs) StdoutLine: {'line': b'[ 63%] \x1b[32mBuilding C object CMakeFiles/depthai_ros_msgs__rosidl_typesupport_introspection_c.dir/rosidl_typesupport_introspection_c/depthai_ros_msgs/msg/detail/auto_focus_ctrl__type_support.c.o\x1b[0m\n'}
[2.950523] (depthai_ros_msgs) StdoutLine: {'line': b'[ 63%] \x1b[32mBuilding C object CMakeFiles/depthai_ros_msgs__rosidl_typesupport_introspection_c.dir/rosidl_typesupport_introspection_c/depthai_ros_msgs/msg/detail/hand_landmark_array__type_support.c.o\x1b[0m\n'}
[2.962287] (depthai_ros_msgs) StdoutLine: {'line': b'[ 63%] Built target depthai_ros_msgs__rosidl_typesupport_c\n'}
[2.973586] (depthai_ros_msgs) StdoutLine: {'line': b'[ 64%] \x1b[32mBuilding C object CMakeFiles/depthai_ros_msgs__rosidl_typesupport_introspection_c.dir/rosidl_typesupport_introspection_c/depthai_ros_msgs/msg/detail/imu_with_magnetic_field__type_support.c.o\x1b[0m\n'}
[2.984940] (depthai_ros_msgs) StdoutLine: {'line': b'[ 64%] Built target depthai_ros_msgs__rosidl_typesupport_cpp\n'}
[2.986772] (depthai_ros_msgs) StdoutLine: {'line': b'[ 65%] \x1b[32mBuilding C object CMakeFiles/depthai_ros_msgs__rosidl_typesupport_introspection_c.dir/rosidl_typesupport_introspection_c/depthai_ros_msgs/msg/detail/tracked_feature__type_support.c.o\x1b[0m\n'}
[2.992920] (depthai_ros_msgs) StdoutLine: {'line': b'[ 66%] \x1b[32mBuilding C object CMakeFiles/depthai_ros_msgs__rosidl_typesupport_introspection_c.dir/rosidl_typesupport_introspection_c/depthai_ros_msgs/msg/detail/tracked_features__type_support.c.o\x1b[0m\n'}
[2.993119] (depthai_ros_msgs) StdoutLine: {'line': b'[ 67%] \x1b[32mBuilding C object CMakeFiles/depthai_ros_msgs__rosidl_typesupport_introspection_c.dir/rosidl_typesupport_introspection_c/depthai_ros_msgs/msg/detail/spatial_detection__type_support.c.o\x1b[0m\n'}
[2.997306] (depthai_ros_msgs) StdoutLine: {'line': b'[ 67%] \x1b[32mBuilding C object CMakeFiles/depthai_ros_msgs__rosidl_typesupport_introspection_c.dir/rosidl_typesupport_introspection_c/depthai_ros_msgs/msg/detail/spatial_detection_array__type_support.c.o\x1b[0m\n'}
[3.004458] (-) TimerEvent: {}
[3.018002] (depthai_ros_msgs) StdoutLine: {'line': b'[ 68%] \x1b[32mBuilding C object CMakeFiles/depthai_ros_msgs__rosidl_typesupport_introspection_c.dir/rosidl_typesupport_introspection_c/depthai_ros_msgs/msg/detail/track_detection2_d__type_support.c.o\x1b[0m\n'}
[3.032328] (depthai_ros_msgs) StdoutLine: {'line': b'[ 69%] \x1b[32mBuilding C object CMakeFiles/depthai_ros_msgs__rosidl_typesupport_introspection_c.dir/rosidl_typesupport_introspection_c/depthai_ros_msgs/msg/detail/track_detection2_d_array__type_support.c.o\x1b[0m\n'}
[3.036579] (depthai_ros_msgs) StdoutLine: {'line': b'[ 70%] \x1b[32mBuilding C object CMakeFiles/depthai_ros_msgs__rosidl_typesupport_introspection_c.dir/rosidl_typesupport_introspection_c/depthai_ros_msgs/srv/detail/set_local_transform__type_support.c.o\x1b[0m\n'}
[3.041516] (depthai_ros_msgs) StdoutLine: {'line': b'[ 71%] \x1b[32mBuilding C object CMakeFiles/depthai_ros_msgs__rosidl_typesupport_introspection_c.dir/rosidl_typesupport_introspection_c/depthai_ros_msgs/srv/detail/trigger_named__type_support.c.o\x1b[0m\n'}
[3.042531] (depthai_ros_msgs) StdoutLine: {'line': b'[ 71%] \x1b[32mBuilding C object CMakeFiles/depthai_ros_msgs__rosidl_typesupport_introspection_c.dir/rosidl_typesupport_introspection_c/depthai_ros_msgs/srv/detail/normalized_image_crop__type_support.c.o\x1b[0m\n'}
[3.087857] (depthai_ros_msgs) StdoutLine: {'line': b'[ 72%] \x1b[32m\x1b[1mLinking C shared library libdepthai_ros_msgs__rosidl_typesupport_introspection_c.so\x1b[0m\n'}
[3.104562] (-) TimerEvent: {}
[3.127701] (depthai_ros_msgs) StdoutLine: {'line': b'[ 72%] Built target depthai_ros_msgs__rosidl_typesupport_introspection_c\n'}
[3.204659] (-) TimerEvent: {}
[3.256308] (depthai_ros_msgs) StdoutLine: {'line': b'[ 76%] \x1b[32mBuilding CXX object CMakeFiles/depthai_ros_msgs__rosidl_typesupport_fastrtps_c.dir/rosidl_typesupport_fastrtps_c/depthai_ros_msgs/msg/detail/auto_focus_ctrl__type_support_c.cpp.o\x1b[0m\n'}
[3.256507] (depthai_ros_msgs) StdoutLine: {'line': b'[ 76%] \x1b[32mBuilding CXX object CMakeFiles/depthai_ros_msgs__rosidl_typesupport_fastrtps_c.dir/rosidl_typesupport_fastrtps_c/depthai_ros_msgs/msg/detail/tracked_feature__type_support_c.cpp.o\x1b[0m\n'}
[3.256569] (depthai_ros_msgs) StdoutLine: {'line': b'[ 76%] \x1b[32mBuilding CXX object CMakeFiles/depthai_ros_msgs__rosidl_typesupport_fastrtps_c.dir/rosidl_typesupport_fastrtps_c/depthai_ros_msgs/msg/detail/hand_landmark__type_support_c.cpp.o\x1b[0m\n'}
[3.256624] (depthai_ros_msgs) StdoutLine: {'line': b'[ 76%] \x1b[32mBuilding CXX object CMakeFiles/depthai_ros_msgs__rosidl_typesupport_fastrtps_c.dir/rosidl_typesupport_fastrtps_c/depthai_ros_msgs/srv/detail/normalized_image_crop__type_support_c.cpp.o\x1b[0m\n'}
[3.256669] (depthai_ros_msgs) StdoutLine: {'line': b'[ 76%] \x1b[32mBuilding CXX object CMakeFiles/depthai_ros_msgs__rosidl_typesupport_fastrtps_c.dir/rosidl_typesupport_fastrtps_c/depthai_ros_msgs/msg/detail/hand_landmark_array__type_support_c.cpp.o\x1b[0m\n'}
[3.256711] (depthai_ros_msgs) StdoutLine: {'line': b'[ 78%] \x1b[32mBuilding CXX object CMakeFiles/depthai_ros_msgs__rosidl_typesupport_fastrtps_c.dir/rosidl_typesupport_fastrtps_c/depthai_ros_msgs/msg/detail/track_detection2_d__type_support_c.cpp.o\x1b[0m\n'}
[3.256754] (depthai_ros_msgs) StdoutLine: {'line': b'[ 78%] \x1b[32mBuilding CXX object CMakeFiles/depthai_ros_msgs__rosidl_typesupport_fastrtps_c.dir/rosidl_typesupport_fastrtps_c/depthai_ros_msgs/msg/detail/imu_with_magnetic_field__type_support_c.cpp.o\x1b[0m\n'}
[3.256868] (depthai_ros_msgs) StdoutLine: {'line': b'[ 79%] \x1b[32mBuilding CXX object CMakeFiles/depthai_ros_msgs__rosidl_typesupport_fastrtps_c.dir/rosidl_typesupport_fastrtps_c/depthai_ros_msgs/msg/detail/tracked_features__type_support_c.cpp.o\x1b[0m\n'}
[3.256979] (depthai_ros_msgs) StdoutLine: {'line': b'[ 80%] \x1b[32mBuilding CXX object CMakeFiles/depthai_ros_msgs__rosidl_typesupport_fastrtps_c.dir/rosidl_typesupport_fastrtps_c/depthai_ros_msgs/srv/detail/set_local_transform__type_support_c.cpp.o\x1b[0m\n'}
[3.257596] (depthai_ros_msgs) StdoutLine: {'line': b'[ 82%] \x1b[32mBuilding CXX object CMakeFiles/depthai_ros_msgs__rosidl_typesupport_fastrtps_c.dir/rosidl_typesupport_fastrtps_c/depthai_ros_msgs/msg/detail/spatial_detection_array__type_support_c.cpp.o\x1b[0m\n'}
[3.257737] (depthai_ros_msgs) StdoutLine: {'line': b'[ 82%] \x1b[32mBuilding CXX object CMakeFiles/depthai_ros_msgs__rosidl_typesupport_fastrtps_c.dir/rosidl_typesupport_fastrtps_c/depthai_ros_msgs/msg/detail/spatial_detection__type_support_c.cpp.o\x1b[0m\n'}
[3.257860] (depthai_ros_msgs) StdoutLine: {'line': b'[ 82%] \x1b[32mBuilding CXX object CMakeFiles/depthai_ros_msgs__rosidl_typesupport_fastrtps_c.dir/rosidl_typesupport_fastrtps_c/depthai_ros_msgs/msg/detail/track_detection2_d_array__type_support_c.cpp.o\x1b[0m\n'}
[3.257968] (depthai_ros_msgs) StdoutLine: {'line': b'[ 82%] \x1b[32mBuilding CXX object CMakeFiles/depthai_ros_msgs__rosidl_typesupport_fastrtps_c.dir/rosidl_typesupport_fastrtps_c/depthai_ros_msgs/srv/detail/trigger_named__type_support_c.cpp.o\x1b[0m\n'}
[3.260928] (depthai_ros_msgs) StdoutLine: {'line': b'[ 83%] \x1b[32m\x1b[1mLinking CXX shared library libdepthai_ros_msgs__rosidl_typesupport_introspection_cpp.so\x1b[0m\n'}
[3.305252] (-) TimerEvent: {}
[3.347717] (depthai_ros_msgs) StdoutLine: {'line': b'[ 83%] Built target depthai_ros_msgs__rosidl_typesupport_introspection_cpp\n'}
[3.405411] (-) TimerEvent: {}
[3.491689] (depthai_ros_msgs) StdoutLine: {'line': b'[ 83%] \x1b[32m\x1b[1mLinking CXX shared library libdepthai_ros_msgs__rosidl_typesupport_fastrtps_cpp.so\x1b[0m\n'}
[3.505556] (-) TimerEvent: {}
[3.553701] (depthai_ros_msgs) StdoutLine: {'line': b'[ 83%] Built target depthai_ros_msgs__rosidl_typesupport_fastrtps_cpp\n'}
[3.584756] (depthai_ros_msgs) StdoutLine: {'line': b'[ 84%] \x1b[32m\x1b[1mLinking CXX shared library libdepthai_ros_msgs__rosidl_typesupport_fastrtps_c.so\x1b[0m\n'}
[3.605741] (-) TimerEvent: {}
[3.639094] (depthai_ros_msgs) StdoutLine: {'line': b'[ 84%] Built target depthai_ros_msgs__rosidl_typesupport_fastrtps_c\n'}
[3.656632] (depthai_ros_msgs) StdoutLine: {'line': b'[ 84%] Built target depthai_ros_msgs\n'}
[3.691611] (depthai_ros_msgs) StdoutLine: {'line': b'[ 85%] \x1b[34m\x1b[1mGenerating Python code for ROS interfaces\x1b[0m\n'}
[3.705873] (-) TimerEvent: {}
[3.806294] (-) TimerEvent: {}
[3.906638] (-) TimerEvent: {}
[4.006976] (-) TimerEvent: {}
[4.107313] (-) TimerEvent: {}
[4.207668] (-) TimerEvent: {}
[4.308022] (-) TimerEvent: {}
[4.408370] (-) TimerEvent: {}
[4.508727] (-) TimerEvent: {}
[4.609073] (-) TimerEvent: {}
[4.709431] (-) TimerEvent: {}
[4.742789] (depthai_ros_msgs) StdoutLine: {'line': b'[ 85%] Built target depthai_ros_msgs__py\n'}
[4.757186] (depthai_ros_msgs) StdoutLine: {'line': b'[ 86%] \x1b[32mBuilding C object CMakeFiles/depthai_ros_msgs__rosidl_generator_py.dir/rosidl_generator_py/depthai_ros_msgs/msg/_auto_focus_ctrl_s.c.o\x1b[0m\n'}
[4.757591] (depthai_ros_msgs) StdoutLine: {'line': b'[ 87%] \x1b[32mBuilding C object CMakeFiles/depthai_ros_msgs__rosidl_generator_py.dir/rosidl_generator_py/depthai_ros_msgs/msg/_imu_with_magnetic_field_s.c.o\x1b[0m\n'}
[4.758122] (depthai_ros_msgs) StdoutLine: {'line': b'[ 88%] \x1b[32mBuilding C object CMakeFiles/depthai_ros_msgs__rosidl_generator_py.dir/rosidl_generator_py/depthai_ros_msgs/msg/_hand_landmark_array_s.c.o\x1b[0m\n'}
[4.760111] (depthai_ros_msgs) StdoutLine: {'line': b'[ 88%] \x1b[32mBuilding C object CMakeFiles/depthai_ros_msgs__rosidl_generator_py.dir/rosidl_generator_py/depthai_ros_msgs/msg/_hand_landmark_s.c.o\x1b[0m\n'}
[4.761022] (depthai_ros_msgs) StdoutLine: {'line': b'[ 89%] \x1b[32mBuilding C object CMakeFiles/depthai_ros_msgs__rosidl_generator_py.dir/rosidl_generator_py/depthai_ros_msgs/msg/_track_detection2_d_array_s.c.o\x1b[0m\n'}
[4.761255] (depthai_ros_msgs) StdoutLine: {'line': b'[ 90%] \x1b[32mBuilding C object CMakeFiles/depthai_ros_msgs__rosidl_generator_py.dir/rosidl_generator_py/depthai_ros_msgs/srv/_set_local_transform_s.c.o\x1b[0m\n'}
[4.762182] (depthai_ros_msgs) StdoutLine: {'line': b'[ 91%] \x1b[32mBuilding C object CMakeFiles/depthai_ros_msgs__rosidl_generator_py.dir/rosidl_generator_py/depthai_ros_msgs/msg/_tracked_feature_s.c.o\x1b[0m\n'}
[4.762760] (depthai_ros_msgs) StdoutLine: {'line': b'[ 91%] \x1b[32mBuilding C object CMakeFiles/depthai_ros_msgs__rosidl_generator_py.dir/rosidl_generator_py/depthai_ros_msgs/msg/_spatial_detection_s.c.o\x1b[0m\n'}
[4.763431] (depthai_ros_msgs) StdoutLine: {'line': b'[ 92%] \x1b[32mBuilding C object CMakeFiles/depthai_ros_msgs__rosidl_generator_py.dir/rosidl_generator_py/depthai_ros_msgs/msg/_tracked_features_s.c.o\x1b[0m\n'}
[4.763559] (depthai_ros_msgs) StdoutLine: {'line': b'[ 94%] \x1b[32mBuilding C object CMakeFiles/depthai_ros_msgs__rosidl_generator_py.dir/rosidl_generator_py/depthai_ros_msgs/msg/_track_detection2_d_s.c.o\x1b[0m\n'}
[4.763631] (depthai_ros_msgs) StdoutLine: {'line': b'[ 94%] \x1b[32mBuilding C object CMakeFiles/depthai_ros_msgs__rosidl_generator_py.dir/rosidl_generator_py/depthai_ros_msgs/msg/_spatial_detection_array_s.c.o\x1b[0m\n'}
[4.764681] (depthai_ros_msgs) StdoutLine: {'line': b'[ 94%] \x1b[32mBuilding C object CMakeFiles/depthai_ros_msgs__rosidl_generator_py.dir/rosidl_generator_py/depthai_ros_msgs/srv/_trigger_named_s.c.o\x1b[0m\n'}
[4.764800] (depthai_ros_msgs) StdoutLine: {'line': b'[ 95%] \x1b[32mBuilding C object CMakeFiles/depthai_ros_msgs__rosidl_generator_py.dir/rosidl_generator_py/depthai_ros_msgs/srv/_normalized_image_crop_s.c.o\x1b[0m\n'}
[4.809610] (-) TimerEvent: {}
[4.866239] (depthai_ros_msgs) StdoutLine: {'line': b'[ 96%] \x1b[32m\x1b[1mLinking C shared library rosidl_generator_py/depthai_ros_msgs/libdepthai_ros_msgs__rosidl_generator_py.so\x1b[0m\n'}
[4.909821] (-) TimerEvent: {}
[4.916652] (depthai_ros_msgs) StdoutLine: {'line': b'[ 96%] Built target depthai_ros_msgs__rosidl_generator_py\n'}
[4.943864] (depthai_ros_msgs) StdoutLine: {'line': b'[ 97%] \x1b[32mBuilding C object CMakeFiles/depthai_ros_msgs__rosidl_typesupport_introspection_c__pyext.dir/rosidl_generator_py/depthai_ros_msgs/_depthai_ros_msgs_s.ep.rosidl_typesupport_introspection_c.c.o\x1b[0m\n'}
[4.944034] (depthai_ros_msgs) StdoutLine: {'line': b'[ 98%] \x1b[32mBuilding C object CMakeFiles/depthai_ros_msgs__rosidl_typesupport_fastrtps_c__pyext.dir/rosidl_generator_py/depthai_ros_msgs/_depthai_ros_msgs_s.ep.rosidl_typesupport_fastrtps_c.c.o\x1b[0m\n'}
[4.944125] (depthai_ros_msgs) StdoutLine: {'line': b'[ 99%] \x1b[32mBuilding C object CMakeFiles/depthai_ros_msgs__rosidl_typesupport_c__pyext.dir/rosidl_generator_py/depthai_ros_msgs/_depthai_ros_msgs_s.ep.rosidl_typesupport_c.c.o\x1b[0m\n'}
[5.010026] (-) TimerEvent: {}
[5.030834] (depthai_ros_msgs) StdoutLine: {'line': b'[ 99%] \x1b[32m\x1b[1mLinking C shared library rosidl_generator_py/depthai_ros_msgs/depthai_ros_msgs_s__rosidl_typesupport_fastrtps_c.cpython-310-x86_64-linux-gnu.so\x1b[0m\n'}
[5.031000] (depthai_ros_msgs) StdoutLine: {'line': b'[ 99%] \x1b[32m\x1b[1mLinking C shared library rosidl_generator_py/depthai_ros_msgs/depthai_ros_msgs_s__rosidl_typesupport_c.cpython-310-x86_64-linux-gnu.so\x1b[0m\n'}
[5.045510] (depthai_ros_msgs) StdoutLine: {'line': b'[100%] \x1b[32m\x1b[1mLinking C shared library rosidl_generator_py/depthai_ros_msgs/depthai_ros_msgs_s__rosidl_typesupport_introspection_c.cpython-310-x86_64-linux-gnu.so\x1b[0m\n'}
[5.061035] (depthai_ros_msgs) StdoutLine: {'line': b'[100%] Built target depthai_ros_msgs__rosidl_typesupport_fastrtps_c__pyext\n'}
[5.064620] (depthai_ros_msgs) StdoutLine: {'line': b'[100%] Built target depthai_ros_msgs__rosidl_typesupport_c__pyext\n'}
[5.075455] (depthai_ros_msgs) StdoutLine: {'line': b'[100%] Built target depthai_ros_msgs__rosidl_typesupport_introspection_c__pyext\n'}
[5.089463] (depthai_ros_msgs) CommandEnded: {'returncode': 0}
[5.110150] (-) TimerEvent: {}
[5.210456] (-) TimerEvent: {}
[5.310815] (-) TimerEvent: {}
[5.411233] (-) TimerEvent: {}
[5.498495] (depthai_ros_msgs) JobProgress: {'identifier': 'depthai_ros_msgs', 'progress': 'install'}
[5.500006] (depthai_ros_msgs) Command: {'cmd': ['/usr/bin/cmake', '--install', '/home/dronelab/vikram/slam-project/build/depthai_ros_msgs'], 'cwd': '/home/dronelab/vikram/slam-project/build/depthai_ros_msgs', 'env': OrderedDict([('LESSOPEN', '| /usr/bin/lesspipe %s'), ('USER', 'dronelab'), ('XDG_SESSION_TYPE', 'x11'), ('SHLVL', '1'), ('LD_LIBRARY_PATH', '/opt/ros/humble/opt/rviz_ogre_vendor/lib:/opt/ros/humble/lib/x86_64-linux-gnu:/opt/ros/humble/lib:/lib:/usr/lib:/usr/lib32:/usr/lib64:/usr/lib/x86_64-linux-gnu:/home/dronelab/ros2_ws/build/hesai_ros_driver/src/driver/HesaiLidar_SDK_2.0/libhesai/'), ('HOME', '/home/dronelab'), ('OLDPWD', '/home/dronelab/vikram'), ('DESKTOP_SESSION', 'ubuntu'), ('NVM_BIN', '/home/dronelab/.nvm/versions/node/v24.11.1/bin'), ('NVM_INC', '/home/dronelab/.nvm/versions/node/v24.11.1/include/node'), ('ROS_PYTHON_VERSION', '3'), ('GNOME_SHELL_SESSION_MODE', 'ubuntu'), ('GTK_MODULES', 'gail:atk-bridge'), ('SYSTEMD_EXEC_PID', '1932'), ('DBUS_SESSION_BUS_ADDRESS', 'unix:path=/run/user/1000/bus'), ('COLORTERM', 'truecolor'), ('NVM_DIR', '/home/dronelab/.nvm'), ('IM_CONFIG_PHASE', '1'), ('ROS_DISTRO', 'humble'), ('GTK_IM_MODULE', 'ibus'), ('LOGNAME', 'dronelab'), ('_', '/usr/bin/colcon'), ('ROS_VERSION', '2'), ('XDG_SESSION_CLASS', 'user'), ('USERNAME', 'dronelab'), ('TERM', 'xterm-256color'), ('GNOME_DESKTOP_SESSION_ID', 'this-is-deprecated'), ('ROS_LOCALHOST_ONLY', '0'), ('WINDOWPATH', '2'), ('PATH', '/home/dronelab/.nvm/versions/node/v24.11.1/bin:/opt/ros/humble/bin:/home/dronelab/.local/bin:/usr/local/sbin:/usr/local/bin:/usr/sbin:/usr/bin:/sbin:/bin:/usr/games:/usr/local/games:/snap/bin:/snap/bin'), ('SESSION_MANAGER', 'local/dambot-mini:@/tmp/.ICE-unix/1689,unix/dambot-mini:/tmp/.ICE-unix/1689'), ('XDG_MENU_PREFIX', 'gnome-'), ('GNOME_TERMINAL_SCREEN', '/org/gnome/Terminal/screen/89d79876_c8a4_463f_9ff8_871092252771'), ('XDG_RUNTIME_DIR', '/run/user/1000'), ('DISPLAY', ':0'), ('LANG', 'en_US.UTF-8'), ('XDG_CURRENT_DESKTOP', 'ubuntu:GNOME'), ('XMODIFIERS', '@im=ibus'), ('XDG_SESSION_DESKTOP', 'ubuntu'), ('XAUTHORITY', '/run/user/1000/gdm/Xauthority'), ('LS_COLORS', 'rs=0:di=01;34:ln=01;36:mh=00:pi=40;33:so=01;35:do=01;35:bd=40;33;01:cd=40;33;01:or=40;31;01:mi=00:su=37;41:sg=30;43:ca=30;41:tw=30;42:ow=34;42:st=37;44:ex=01;32:*.tar=01;31:*.tgz=01;31:*.arc=01;31:*.arj=01;31:*.taz=01;31:*.lha=01;31:*.lz4=01;31:*.lzh=01;31:*.lzma=01;31:*.tlz=01;31:*.txz=01;31:*.tzo=01;31:*.t7z=01;31:*.zip=01;31:*.z=01;31:*.dz=01;31:*.gz=01;31:*.lrz=01;31:*.lz=01;31:*.lzo=01;31:*.xz=01;31:*.zst=01;31:*.tzst=01;31:*.bz2=01;31:*.bz=01;31:*.tbz=01;31:*.tbz2=01;31:*.tz=01;31:*.deb=01;31:*.rpm=01;31:*.jar=01;31:*.war=01;31:*.ear=01;31:*.sar=01;31:*.rar=01;31:*.alz=01;31:*.ace=01;31:*.zoo=01;31:*.cpio=01;31:*.7z=01;31:*.rz=01;31:*.cab=01;31:*.wim=01;31:*.swm=01;31:*.dwm=01;31:*.esd=01;31:*.jpg=01;35:*.jpeg=01;35:*.mjpg=01;35:*.mjpeg=01;35:*.gif=01;35:*.bmp=01;35:*.pbm=01;35:*.pgm=01;35:*.ppm=01;35:*.tga=01;35:*.xbm=01;35:*.xpm=01;35:*.tif=01;35:*.tiff=01;35:*.png=01;35:*.svg=01;35:*.svgz=01;35:*.mng=01;35:*.pcx=01;35:*.mov=01;35:*.mpg=01;35:*.mpeg=01;35:*.m2v=01;35:*.mkv=01;35:*.webm=01;35:*.webp=01;35:*.ogm=01;35:*.mp4=01;35:*.m4v=01;35:*.mp4v=01;35:*.vob=01;35:*.qt=01;35:*.nuv=01;35:*.wmv=01;35:*.asf=01;35:*.rm=01;35:*.rmvb=01;35:*.flc=01;35:*.avi=01;35:*.fli=01;35:*.flv=01;35:*.gl=01;35:*.dl=01;35:*.xcf=01;35:*.xwd=01;35:*.yuv=01;35:*.cgm=01;35:*.emf=01;35:*.ogv=01;35:*.ogx=01;35:*.aac=00;36:*.au=00;36:*.flac=00;36:*.m4a=00;36:*.mid=00;36:*.midi=00;36:*.mka=00;36:*.mp3=00;36:*.mpc=00;36:*.ogg=00;36:*.ra=00;36:*.wav=00;36:*.oga=00;36:*.opus=00;36:*.spx=00;36:*.xspf=00;36:'), ('GNOME_TERMINAL_SERVICE', ':1.316'), ('SSH_AGENT_LAUNCHER', 'gnome-keyring'), ('SSH_AUTH_SOCK', '/run/user/1000/keyring/ssh'), ('AMENT_PREFIX_PATH', '/opt/ros/humble'), ('SHELL', '/bin/bash'), ('QT_ACCESSIBILITY', '1'), ('GDMSESSION', 'ubuntu'), ('LESSCLOSE', '/usr/bin/lesspipe %s %s'), ('GPG_AGENT_INFO', '/run/user/1000/gnupg/S.gpg-agent:0:1'), ('QT_IM_MODULE', 'ibus'), ('PWD', '/home/dronelab/vikram/slam-project/build/depthai_ros_msgs'), ('QT_QPA_PLATFORM', 'xcb'), ('LC_ALL', 'en_US.UTF-8'), ('XDG_CONFIG_DIRS', '/etc/xdg/xdg-ubuntu:/etc/xdg'), ('NVM_CD_FLAGS', ''), ('XDG_DATA_DIRS', '/usr/share/ubuntu:/usr/share/gnome:/usr/local/share/:/usr/share/:/var/lib/snapd/desktop'), ('PYTHONPATH', '/opt/ros/humble/lib/python3.10/site-packages:/opt/ros/humble/local/lib/python3.10/dist-packages'), ('COLCON', '1'), ('VTE_VERSION', '6800'), ('CMAKE_PREFIX_PATH', '/opt/ros/humble')]), 'shell': False}
[5.511316] (-) TimerEvent: {}
[5.512004] (depthai_ros_msgs) StdoutLine: {'line': b'-- Install configuration: ""\n'}
[5.512367] (depthai_ros_msgs) StdoutLine: {'line': b'-- Installing: /home/dronelab/vikram/slam-project/install/depthai_ros_msgs/share/ament_index/resource_index/rosidl_interfaces/depthai_ros_msgs\n'}
[5.512677] (depthai_ros_msgs) StdoutLine: {'line': b'-- Installing: /home/dronelab/vikram/slam-project/install/depthai_ros_msgs/include/depthai_ros_msgs/depthai_ros_msgs\n'}
[5.512859] (depthai_ros_msgs) StdoutLine: {'line': b'-- Installing: /home/dronelab/vikram/slam-project/install/depthai_ros_msgs/include/depthai_ros_msgs/depthai_ros_msgs/srv\n'}
[5.513064] (depthai_ros_msgs) StdoutLine: {'line': b'-- Installing: /home/dronelab/vikram/slam-project/install/depthai_ros_msgs/include/depthai_ros_msgs/depthai_ros_msgs/srv/normalized_image_crop.h\n'}
[5.513177] (depthai_ros_msgs) StdoutLine: {'line': b'-- Installing: /home/dronelab/vikram/slam-project/install/depthai_ros_msgs/include/depthai_ros_msgs/depthai_ros_msgs/srv/trigger_named.h\n'}
[5.513281] (depthai_ros_msgs) StdoutLine: {'line': b'-- Installing: /home/dronelab/vikram/slam-project/install/depthai_ros_msgs/include/depthai_ros_msgs/depthai_ros_msgs/srv/set_local_transform.h\n'}
[5.513427] (depthai_ros_msgs) StdoutLine: {'line': b'-- Installing: /home/dronelab/vikram/slam-project/install/depthai_ros_msgs/include/depthai_ros_msgs/depthai_ros_msgs/srv/detail\n'}
[5.513597] (depthai_ros_msgs) StdoutLine: {'line': b'-- Installing: /home/dronelab/vikram/slam-project/install/depthai_ros_msgs/include/depthai_ros_msgs/depthai_ros_msgs/srv/detail/trigger_named__functions.c\n'}
[5.513696] (depthai_ros_msgs) StdoutLine: {'line': b'-- Installing: /home/dronelab/vikram/slam-project/install/depthai_ros_msgs/include/depthai_ros_msgs/depthai_ros_msgs/srv/detail/normalized_image_crop__functions.h\n'}
[5.513795] (depthai_ros_msgs) StdoutLine: {'line': b'-- Installing: /home/dronelab/vikram/slam-project/install/depthai_ros_msgs/include/depthai_ros_msgs/depthai_ros_msgs/srv/detail/set_local_transform__functions.c\n'}
[5.513938] (depthai_ros_msgs) StdoutLine: {'line': b'-- Installing: /home/dronelab/vikram/slam-project/install/depthai_ros_msgs/include/depthai_ros_msgs/depthai_ros_msgs/srv/detail/trigger_named__struct.h\n'}
[5.514079] (depthai_ros_msgs) StdoutLine: {'line': b'-- Installing: /home/dronelab/vikram/slam-project/install/depthai_ros_msgs/include/depthai_ros_msgs/depthai_ros_msgs/srv/detail/normalized_image_crop__type_support.h\n'}
[5.514180] (depthai_ros_msgs) StdoutLine: {'line': b'-- Installing: /home/dronelab/vikram/slam-project/install/depthai_ros_msgs/include/depthai_ros_msgs/depthai_ros_msgs/srv/detail/set_local_transform__struct.h\n'}
[5.514325] (depthai_ros_msgs) StdoutLine: {'line': b'-- Installing: /home/dronelab/vikram/slam-project/install/depthai_ros_msgs/include/depthai_ros_msgs/depthai_ros_msgs/srv/detail/set_local_transform__functions.h\n'}
[5.514492] (depthai_ros_msgs) StdoutLine: {'line': b'-- Installing: /home/dronelab/vikram/slam-project/install/depthai_ros_msgs/include/depthai_ros_msgs/depthai_ros_msgs/srv/detail/set_local_transform__type_support.h\n'}
[5.514590] (depthai_ros_msgs) StdoutLine: {'line': b'-- Installing: /home/dronelab/vikram/slam-project/install/depthai_ros_msgs/include/depthai_ros_msgs/depthai_ros_msgs/srv/detail/trigger_named__type_support.h\n'}
[5.514683] (depthai_ros_msgs) StdoutLine: {'line': b'-- Installing: /home/dronelab/vikram/slam-project/install/depthai_ros_msgs/include/depthai_ros_msgs/depthai_ros_msgs/srv/detail/normalized_image_crop__struct.h\n'}
[5.514847] (depthai_ros_msgs) StdoutLine: {'line': b'-- Installing: /home/dronelab/vikram/slam-project/install/depthai_ros_msgs/include/depthai_ros_msgs/depthai_ros_msgs/srv/detail/trigger_named__functions.h\n'}
[5.514936] (depthai_ros_msgs) StdoutLine: {'line': b'-- Installing: /home/dronelab/vikram/slam-project/install/depthai_ros_msgs/include/depthai_ros_msgs/depthai_ros_msgs/srv/detail/normalized_image_crop__functions.c\n'}
[5.515036] (depthai_ros_msgs) StdoutLine: {'line': b'-- Installing: /home/dronelab/vikram/slam-project/install/depthai_ros_msgs/include/depthai_ros_msgs/depthai_ros_msgs/msg\n'}
[5.515173] (depthai_ros_msgs) StdoutLine: {'line': b'-- Installing: /home/dronelab/vikram/slam-project/install/depthai_ros_msgs/include/depthai_ros_msgs/depthai_ros_msgs/msg/spatial_detection.h\n'}
[5.515342] (depthai_ros_msgs) StdoutLine: {'line': b'-- Installing: /home/dronelab/vikram/slam-project/install/depthai_ros_msgs/include/depthai_ros_msgs/depthai_ros_msgs/msg/tracked_feature.h\n'}
[5.515430] (depthai_ros_msgs) StdoutLine: {'line': b'-- Installing: /home/dronelab/vikram/slam-project/install/depthai_ros_msgs/include/depthai_ros_msgs/depthai_ros_msgs/msg/spatial_detection_array.h\n'}
[5.515519] (depthai_ros_msgs) StdoutLine: {'line': b'-- Installing: /home/dronelab/vikram/slam-project/install/depthai_ros_msgs/include/depthai_ros_msgs/depthai_ros_msgs/msg/tracked_features.h\n'}
[5.515689] (depthai_ros_msgs) StdoutLine: {'line': b'-- Installing: /home/dronelab/vikram/slam-project/install/depthai_ros_msgs/include/depthai_ros_msgs/depthai_ros_msgs/msg/imu_with_magnetic_field.h\n'}
[5.515778] (depthai_ros_msgs) StdoutLine: {'line': b'-- Installing: /home/dronelab/vikram/slam-project/install/depthai_ros_msgs/include/depthai_ros_msgs/depthai_ros_msgs/msg/track_detection2_d_array.h\n'}
[5.515871] (depthai_ros_msgs) StdoutLine: {'line': b'-- Installing: /home/dronelab/vikram/slam-project/install/depthai_ros_msgs/include/depthai_ros_msgs/depthai_ros_msgs/msg/auto_focus_ctrl.h\n'}
[5.516032] (depthai_ros_msgs) StdoutLine: {'line': b'-- Installing: /home/dronelab/vikram/slam-project/install/depthai_ros_msgs/include/depthai_ros_msgs/depthai_ros_msgs/msg/track_detection2_d.h\n'}
[5.516117] (depthai_ros_msgs) StdoutLine: {'line': b'-- Installing: /home/dronelab/vikram/slam-project/install/depthai_ros_msgs/include/depthai_ros_msgs/depthai_ros_msgs/msg/hand_landmark.h\n'}
[5.516220] (depthai_ros_msgs) StdoutLine: {'line': b'-- Installing: /home/dronelab/vikram/slam-project/install/depthai_ros_msgs/include/depthai_ros_msgs/depthai_ros_msgs/msg/detail\n'}
[5.516358] (depthai_ros_msgs) StdoutLine: {'line': b'-- Installing: /home/dronelab/vikram/slam-project/install/depthai_ros_msgs/include/depthai_ros_msgs/depthai_ros_msgs/msg/detail/track_detection2_d__struct.h\n'}
[5.516447] (depthai_ros_msgs) StdoutLine: {'line': b'-- Installing: /home/dronelab/vikram/slam-project/install/depthai_ros_msgs/include/depthai_ros_msgs/depthai_ros_msgs/msg/detail/spatial_detection_array__type_support.h\n'}
[5.516582] (depthai_ros_msgs) StdoutLine: {'line': b'-- Installing: /home/dronelab/vikram/slam-project/install/depthai_ros_msgs/include/depthai_ros_msgs/depthai_ros_msgs/msg/detail/tracked_features__functions.c\n'}
[5.516737] (depthai_ros_msgs) StdoutLine: {'line': b'-- Installing: /home/dronelab/vikram/slam-project/install/depthai_ros_msgs/include/depthai_ros_msgs/depthai_ros_msgs/msg/detail/track_detection2_d__type_support.h\n'}
[5.516833] (depthai_ros_msgs) StdoutLine: {'line': b'-- Installing: /home/dronelab/vikram/slam-project/install/depthai_ros_msgs/include/depthai_ros_msgs/depthai_ros_msgs/msg/detail/tracked_feature__functions.h\n'}
[5.516988] (depthai_ros_msgs) StdoutLine: {'line': b'-- Installing: /home/dronelab/vikram/slam-project/install/depthai_ros_msgs/include/depthai_ros_msgs/depthai_ros_msgs/msg/detail/tracked_features__functions.h\n'}
[5.517080] (depthai_ros_msgs) StdoutLine: {'line': b'-- Installing: /home/dronelab/vikram/slam-project/install/depthai_ros_msgs/include/depthai_ros_msgs/depthai_ros_msgs/msg/detail/track_detection2_d_array__struct.h\n'}
[5.517220] (depthai_ros_msgs) StdoutLine: {'line': b'-- Installing: /home/dronelab/vikram/slam-project/install/depthai_ros_msgs/include/depthai_ros_msgs/depthai_ros_msgs/msg/detail/tracked_features__type_support.h\n'}
[5.517384] (depthai_ros_msgs) StdoutLine: {'line': b'-- Installing: /home/dronelab/vikram/slam-project/install/depthai_ros_msgs/include/depthai_ros_msgs/depthai_ros_msgs/msg/detail/hand_landmark__functions.c\n'}
[5.517477] (depthai_ros_msgs) StdoutLine: {'line': b'-- Installing: /home/dronelab/vikram/slam-project/install/depthai_ros_msgs/include/depthai_ros_msgs/depthai_ros_msgs/msg/detail/hand_landmark_array__type_support.h\n'}
[5.517628] (depthai_ros_msgs) StdoutLine: {'line': b'-- Installing: /home/dronelab/vikram/slam-project/install/depthai_ros_msgs/include/depthai_ros_msgs/depthai_ros_msgs/msg/detail/spatial_detection__functions.c\n'}
[5.517726] (depthai_ros_msgs) StdoutLine: {'line': b'-- Installing: /home/dronelab/vikram/slam-project/install/depthai_ros_msgs/include/depthai_ros_msgs/depthai_ros_msgs/msg/detail/auto_focus_ctrl__functions.c\n'}
[5.517877] (depthai_ros_msgs) StdoutLine: {'line': b'-- Installing: /home/dronelab/vikram/slam-project/install/depthai_ros_msgs/include/depthai_ros_msgs/depthai_ros_msgs/msg/detail/hand_landmark__struct.h\n'}
[5.517969] (depthai_ros_msgs) StdoutLine: {'line': b'-- Installing: /home/dronelab/vikram/slam-project/install/depthai_ros_msgs/include/depthai_ros_msgs/depthai_ros_msgs/msg/detail/auto_focus_ctrl__type_support.h\n'}
[5.518117] (depthai_ros_msgs) StdoutLine: {'line': b'-- Installing: /home/dronelab/vikram/slam-project/install/depthai_ros_msgs/include/depthai_ros_msgs/depthai_ros_msgs/msg/detail/track_detection2_d_array__functions.h\n'}
[5.518218] (depthai_ros_msgs) StdoutLine: {'line': b'-- Installing: /home/dronelab/vikram/slam-project/install/depthai_ros_msgs/include/depthai_ros_msgs/depthai_ros_msgs/msg/detail/hand_landmark_array__functions.h\n'}
[5.518365] (depthai_ros_msgs) StdoutLine: {'line': b'-- Installing: /home/dronelab/vikram/slam-project/install/depthai_ros_msgs/include/depthai_ros_msgs/depthai_ros_msgs/msg/detail/track_detection2_d__functions.h\n'}
[5.518482] (depthai_ros_msgs) StdoutLine: {'line': b'-- Installing: /home/dronelab/vikram/slam-project/install/depthai_ros_msgs/include/depthai_ros_msgs/depthai_ros_msgs/msg/detail/track_detection2_d_array__functions.c\n'}
[5.518574] (depthai_ros_msgs) StdoutLine: {'line': b'-- Installing: /home/dronelab/vikram/slam-project/install/depthai_ros_msgs/include/depthai_ros_msgs/depthai_ros_msgs/msg/detail/hand_landmark_array__functions.c\n'}
[5.518726] (depthai_ros_msgs) StdoutLine: {'line': b'-- Installing: /home/dronelab/vikram/slam-project/install/depthai_ros_msgs/include/depthai_ros_msgs/depthai_ros_msgs/msg/detail/spatial_detection_array__struct.h\n'}
[5.518820] (depthai_ros_msgs) StdoutLine: {'line': b'-- Installing: /home/dronelab/vikram/slam-project/install/depthai_ros_msgs/include/depthai_ros_msgs/depthai_ros_msgs/msg/detail/imu_with_magnetic_field__type_support.h\n'}
[5.518972] (depthai_ros_msgs) StdoutLine: {'line': b'-- Installing: /home/dronelab/vikram/slam-project/install/depthai_ros_msgs/include/depthai_ros_msgs/depthai_ros_msgs/msg/detail/hand_landmark__functions.h\n'}
[5.519063] (depthai_ros_msgs) StdoutLine: {'line': b'-- Installing: /home/dronelab/vikram/slam-project/install/depthai_ros_msgs/include/depthai_ros_msgs/depthai_ros_msgs/msg/detail/hand_landmark__type_support.h\n'}
[5.519219] (depthai_ros_msgs) StdoutLine: {'line': b'-- Installing: /home/dronelab/vikram/slam-project/install/depthai_ros_msgs/include/depthai_ros_msgs/depthai_ros_msgs/msg/detail/tracked_feature__type_support.h\n'}
[5.519319] (depthai_ros_msgs) StdoutLine: {'line': b'-- Installing: /home/dronelab/vikram/slam-project/install/depthai_ros_msgs/include/depthai_ros_msgs/depthai_ros_msgs/msg/detail/spatial_detection__type_support.h\n'}
[5.519450] (depthai_ros_msgs) StdoutLine: {'line': b'-- Installing: /home/dronelab/vikram/slam-project/install/depthai_ros_msgs/include/depthai_ros_msgs/depthai_ros_msgs/msg/detail/imu_with_magnetic_field__functions.h\n'}
[5.519587] (depthai_ros_msgs) StdoutLine: {'line': b'-- Installing: /home/dronelab/vikram/slam-project/install/depthai_ros_msgs/include/depthai_ros_msgs/depthai_ros_msgs/msg/detail/tracked_feature__struct.h\n'}
[5.519721] (depthai_ros_msgs) StdoutLine: {'line': b'-- Installing: /home/dronelab/vikram/slam-project/install/depthai_ros_msgs/include/depthai_ros_msgs/depthai_ros_msgs/msg/detail/tracked_features__struct.h\n'}
[5.519857] (depthai_ros_msgs) StdoutLine: {'line': b'-- Installing: /home/dronelab/vikram/slam-project/install/depthai_ros_msgs/include/depthai_ros_msgs/depthai_ros_msgs/msg/detail/spatial_detection_array__functions.h\n'}
[5.520009] (depthai_ros_msgs) StdoutLine: {'line': b'-- Installing: /home/dronelab/vikram/slam-project/install/depthai_ros_msgs/include/depthai_ros_msgs/depthai_ros_msgs/msg/detail/imu_with_magnetic_field__functions.c\n'}
[5.520103] (depthai_ros_msgs) StdoutLine: {'line': b'-- Installing: /home/dronelab/vikram/slam-project/install/depthai_ros_msgs/include/depthai_ros_msgs/depthai_ros_msgs/msg/detail/tracked_feature__functions.c\n'}
[5.520240] (depthai_ros_msgs) StdoutLine: {'line': b'-- Installing: /home/dronelab/vikram/slam-project/install/depthai_ros_msgs/include/depthai_ros_msgs/depthai_ros_msgs/msg/detail/track_detection2_d_array__type_support.h\n'}
[5.520395] (depthai_ros_msgs) StdoutLine: {'line': b'-- Installing: /home/dronelab/vikram/slam-project/install/depthai_ros_msgs/include/depthai_ros_msgs/depthai_ros_msgs/msg/detail/track_detection2_d__functions.c\n'}
[5.520476] (depthai_ros_msgs) StdoutLine: {'line': b'-- Installing: /home/dronelab/vikram/slam-project/install/depthai_ros_msgs/include/depthai_ros_msgs/depthai_ros_msgs/msg/detail/spatial_detection__functions.h\n'}
[5.520584] (depthai_ros_msgs) StdoutLine: {'line': b'-- Installing: /home/dronelab/vikram/slam-project/install/depthai_ros_msgs/include/depthai_ros_msgs/depthai_ros_msgs/msg/detail/spatial_detection__struct.h\n'}
[5.520692] (depthai_ros_msgs) StdoutLine: {'line': b'-- Installing: /home/dronelab/vikram/slam-project/install/depthai_ros_msgs/include/depthai_ros_msgs/depthai_ros_msgs/msg/detail/hand_landmark_array__struct.h\n'}
[5.520783] (depthai_ros_msgs) StdoutLine: {'line': b'-- Installing: /home/dronelab/vikram/slam-project/install/depthai_ros_msgs/include/depthai_ros_msgs/depthai_ros_msgs/msg/detail/auto_focus_ctrl__functions.h\n'}
[5.520892] (depthai_ros_msgs) StdoutLine: {'line': b'-- Installing: /home/dronelab/vikram/slam-project/install/depthai_ros_msgs/include/depthai_ros_msgs/depthai_ros_msgs/msg/detail/auto_focus_ctrl__struct.h\n'}
[5.521005] (depthai_ros_msgs) StdoutLine: {'line': b'-- Installing: /home/dronelab/vikram/slam-project/install/depthai_ros_msgs/include/depthai_ros_msgs/depthai_ros_msgs/msg/detail/spatial_detection_array__functions.c\n'}
[5.521112] (depthai_ros_msgs) StdoutLine: {'line': b'-- Installing: /home/dronelab/vikram/slam-project/install/depthai_ros_msgs/include/depthai_ros_msgs/depthai_ros_msgs/msg/detail/imu_with_magnetic_field__struct.h\n'}
[5.521222] (depthai_ros_msgs) StdoutLine: {'line': b'-- Installing: /home/dronelab/vikram/slam-project/install/depthai_ros_msgs/include/depthai_ros_msgs/depthai_ros_msgs/msg/hand_landmark_array.h\n'}
[5.521331] (depthai_ros_msgs) StdoutLine: {'line': b'-- Installing: /home/dronelab/vikram/slam-project/install/depthai_ros_msgs/include/depthai_ros_msgs/depthai_ros_msgs/msg/rosidl_generator_c__visibility_control.h\n'}
[5.521510] (depthai_ros_msgs) StdoutLine: {'line': b'-- Installing: /home/dronelab/vikram/slam-project/install/depthai_ros_msgs/share/depthai_ros_msgs/environment/library_path.sh\n'}
[5.521655] (depthai_ros_msgs) StdoutLine: {'line': b'-- Installing: /home/dronelab/vikram/slam-project/install/depthai_ros_msgs/share/depthai_ros_msgs/environment/library_path.dsv\n'}
[5.521825] (depthai_ros_msgs) StdoutLine: {'line': b'-- Installing: /home/dronelab/vikram/slam-project/install/depthai_ros_msgs/lib/libdepthai_ros_msgs__rosidl_generator_c.so\n'}
[5.522210] (depthai_ros_msgs) StdoutLine: {'line': b'-- Set runtime path of "/home/dronelab/vikram/slam-project/install/depthai_ros_msgs/lib/libdepthai_ros_msgs__rosidl_generator_c.so" to ""\n'}
[5.522297] (depthai_ros_msgs) StdoutLine: {'line': b'-- Up-to-date: /home/dronelab/vikram/slam-project/install/depthai_ros_msgs/include/depthai_ros_msgs/depthai_ros_msgs\n'}
[5.522395] (depthai_ros_msgs) StdoutLine: {'line': b'-- Up-to-date: /home/dronelab/vikram/slam-project/install/depthai_ros_msgs/include/depthai_ros_msgs/depthai_ros_msgs/srv\n'}
[5.522501] (depthai_ros_msgs) StdoutLine: {'line': b'-- Up-to-date: /home/dronelab/vikram/slam-project/install/depthai_ros_msgs/include/depthai_ros_msgs/depthai_ros_msgs/srv/detail\n'}
[5.522564] (depthai_ros_msgs) StdoutLine: {'line': b'-- Installing: /home/dronelab/vikram/slam-project/install/depthai_ros_msgs/include/depthai_ros_msgs/depthai_ros_msgs/srv/detail/normalized_image_crop__rosidl_typesupport_fastrtps_c.h\n'}
[5.522625] (depthai_ros_msgs) StdoutLine: {'line': b'-- Installing: /home/dronelab/vikram/slam-project/install/depthai_ros_msgs/include/depthai_ros_msgs/depthai_ros_msgs/srv/detail/set_local_transform__rosidl_typesupport_fastrtps_c.h\n'}
[5.522714] (depthai_ros_msgs) StdoutLine: {'line': b'-- Installing: /home/dronelab/vikram/slam-project/install/depthai_ros_msgs/include/depthai_ros_msgs/depthai_ros_msgs/srv/detail/trigger_named__rosidl_typesupport_fastrtps_c.h\n'}
[5.522822] (depthai_ros_msgs) StdoutLine: {'line': b'-- Up-to-date: /home/dronelab/vikram/slam-project/install/depthai_ros_msgs/include/depthai_ros_msgs/depthai_ros_msgs/msg\n'}
[5.522880] (depthai_ros_msgs) StdoutLine: {'line': b'-- Installing: /home/dronelab/vikram/slam-project/install/depthai_ros_msgs/include/depthai_ros_msgs/depthai_ros_msgs/msg/rosidl_typesupport_fastrtps_c__visibility_control.h\n'}
[5.522939] (depthai_ros_msgs) StdoutLine: {'line': b'-- Up-to-date: /home/dronelab/vikram/slam-project/install/depthai_ros_msgs/include/depthai_ros_msgs/depthai_ros_msgs/msg/detail\n'}
[5.523001] (depthai_ros_msgs) StdoutLine: {'line': b'-- Installing: /home/dronelab/vikram/slam-project/install/depthai_ros_msgs/include/depthai_ros_msgs/depthai_ros_msgs/msg/detail/hand_landmark__rosidl_typesupport_fastrtps_c.h\n'}
[5.523089] (depthai_ros_msgs) StdoutLine: {'line': b'-- Installing: /home/dronelab/vikram/slam-project/install/depthai_ros_msgs/include/depthai_ros_msgs/depthai_ros_msgs/msg/detail/track_detection2_d__rosidl_typesupport_fastrtps_c.h\n'}
[5.523208] (depthai_ros_msgs) StdoutLine: {'line': b'-- Installing: /home/dronelab/vikram/slam-project/install/depthai_ros_msgs/include/depthai_ros_msgs/depthai_ros_msgs/msg/detail/imu_with_magnetic_field__rosidl_typesupport_fastrtps_c.h\n'}
[5.523274] (depthai_ros_msgs) StdoutLine: {'line': b'-- Installing: /home/dronelab/vikram/slam-project/install/depthai_ros_msgs/include/depthai_ros_msgs/depthai_ros_msgs/msg/detail/tracked_feature__rosidl_typesupport_fastrtps_c.h\n'}
[5.523333] (depthai_ros_msgs) StdoutLine: {'line': b'-- Installing: /home/dronelab/vikram/slam-project/install/depthai_ros_msgs/include/depthai_ros_msgs/depthai_ros_msgs/msg/detail/hand_landmark_array__rosidl_typesupport_fastrtps_c.h\n'}
[5.523419] (depthai_ros_msgs) StdoutLine: {'line': b'-- Installing: /home/dronelab/vikram/slam-project/install/depthai_ros_msgs/include/depthai_ros_msgs/depthai_ros_msgs/msg/detail/tracked_features__rosidl_typesupport_fastrtps_c.h\n'}
[5.523504] (depthai_ros_msgs) StdoutLine: {'line': b'-- Installing: /home/dronelab/vikram/slam-project/install/depthai_ros_msgs/include/depthai_ros_msgs/depthai_ros_msgs/msg/detail/track_detection2_d_array__rosidl_typesupport_fastrtps_c.h\n'}
[5.523597] (depthai_ros_msgs) StdoutLine: {'line': b'-- Installing: /home/dronelab/vikram/slam-project/install/depthai_ros_msgs/include/depthai_ros_msgs/depthai_ros_msgs/msg/detail/auto_focus_ctrl__rosidl_typesupport_fastrtps_c.h\n'}
[5.523654] (depthai_ros_msgs) StdoutLine: {'line': b'-- Installing: /home/dronelab/vikram/slam-project/install/depthai_ros_msgs/include/depthai_ros_msgs/depthai_ros_msgs/msg/detail/spatial_detection_array__rosidl_typesupport_fastrtps_c.h\n'}
[5.523732] (depthai_ros_msgs) StdoutLine: {'line': b'-- Installing: /home/dronelab/vikram/slam-project/install/depthai_ros_msgs/include/depthai_ros_msgs/depthai_ros_msgs/msg/detail/spatial_detection__rosidl_typesupport_fastrtps_c.h\n'}
[5.523815] (depthai_ros_msgs) StdoutLine: {'line': b'-- Installing: /home/dronelab/vikram/slam-project/install/depthai_ros_msgs/lib/libdepthai_ros_msgs__rosidl_typesupport_fastrtps_c.so\n'}
[5.524080] (depthai_ros_msgs) StdoutLine: {'line': b'-- Set runtime path of "/home/dronelab/vikram/slam-project/install/depthai_ros_msgs/lib/libdepthai_ros_msgs__rosidl_typesupport_fastrtps_c.so" to ""\n'}
[5.524184] (depthai_ros_msgs) StdoutLine: {'line': b'-- Up-to-date: /home/dronelab/vikram/slam-project/install/depthai_ros_msgs/include/depthai_ros_msgs/depthai_ros_msgs\n'}
[5.524269] (depthai_ros_msgs) StdoutLine: {'line': b'-- Up-to-date: /home/dronelab/vikram/slam-project/install/depthai_ros_msgs/include/depthai_ros_msgs/depthai_ros_msgs/srv\n'}
[5.524325] (depthai_ros_msgs) StdoutLine: {'line': b'-- Installing: /home/dronelab/vikram/slam-project/install/depthai_ros_msgs/include/depthai_ros_msgs/depthai_ros_msgs/srv/normalized_image_crop.hpp\n'}
[5.524415] (depthai_ros_msgs) StdoutLine: {'line': b'-- Installing: /home/dronelab/vikram/slam-project/install/depthai_ros_msgs/include/depthai_ros_msgs/depthai_ros_msgs/srv/trigger_named.hpp\n'}
[5.524499] (depthai_ros_msgs) StdoutLine: {'line': b'-- Installing: /home/dronelab/vikram/slam-project/install/depthai_ros_msgs/include/depthai_ros_msgs/depthai_ros_msgs/srv/set_local_transform.hpp\n'}
[5.524608] (depthai_ros_msgs) StdoutLine: {'line': b'-- Up-to-date: /home/dronelab/vikram/slam-project/install/depthai_ros_msgs/include/depthai_ros_msgs/depthai_ros_msgs/srv/detail\n'}
[5.524694] (depthai_ros_msgs) StdoutLine: {'line': b'-- Installing: /home/dronelab/vikram/slam-project/install/depthai_ros_msgs/include/depthai_ros_msgs/depthai_ros_msgs/srv/detail/set_local_transform__traits.hpp\n'}
[5.524751] (depthai_ros_msgs) StdoutLine: {'line': b'-- Installing: /home/dronelab/vikram/slam-project/install/depthai_ros_msgs/include/depthai_ros_msgs/depthai_ros_msgs/srv/detail/set_local_transform__struct.hpp\n'}
[5.524833] (depthai_ros_msgs) StdoutLine: {'line': b'-- Installing: /home/dronelab/vikram/slam-project/install/depthai_ros_msgs/include/depthai_ros_msgs/depthai_ros_msgs/srv/detail/normalized_image_crop__traits.hpp\n'}
[5.524933] (depthai_ros_msgs) StdoutLine: {'line': b'-- Installing: /home/dronelab/vikram/slam-project/install/depthai_ros_msgs/include/depthai_ros_msgs/depthai_ros_msgs/srv/detail/normalized_image_crop__struct.hpp\n'}
[5.524989] (depthai_ros_msgs) StdoutLine: {'line': b'-- Installing: /home/dronelab/vikram/slam-project/install/depthai_ros_msgs/include/depthai_ros_msgs/depthai_ros_msgs/srv/detail/trigger_named__struct.hpp\n'}
[5.525046] (depthai_ros_msgs) StdoutLine: {'line': b'-- Installing: /home/dronelab/vikram/slam-project/install/depthai_ros_msgs/include/depthai_ros_msgs/depthai_ros_msgs/srv/detail/trigger_named__traits.hpp\n'}
[5.525129] (depthai_ros_msgs) StdoutLine: {'line': b'-- Installing: /home/dronelab/vikram/slam-project/install/depthai_ros_msgs/include/depthai_ros_msgs/depthai_ros_msgs/srv/detail/trigger_named__builder.hpp\n'}
[5.525223] (depthai_ros_msgs) StdoutLine: {'line': b'-- Installing: /home/dronelab/vikram/slam-project/install/depthai_ros_msgs/include/depthai_ros_msgs/depthai_ros_msgs/srv/detail/set_local_transform__builder.hpp\n'}
[5.525311] (depthai_ros_msgs) StdoutLine: {'line': b'-- Installing: /home/dronelab/vikram/slam-project/install/depthai_ros_msgs/include/depthai_ros_msgs/depthai_ros_msgs/srv/detail/normalized_image_crop__builder.hpp\n'}
[5.525411] (depthai_ros_msgs) StdoutLine: {'line': b'-- Up-to-date: /home/dronelab/vikram/slam-project/install/depthai_ros_msgs/include/depthai_ros_msgs/depthai_ros_msgs/msg\n'}
[5.525470] (depthai_ros_msgs) StdoutLine: {'line': b'-- Installing: /home/dronelab/vikram/slam-project/install/depthai_ros_msgs/include/depthai_ros_msgs/depthai_ros_msgs/msg/auto_focus_ctrl.hpp\n'}
[5.525528] (depthai_ros_msgs) StdoutLine: {'line': b'-- Installing: /home/dronelab/vikram/slam-project/install/depthai_ros_msgs/include/depthai_ros_msgs/depthai_ros_msgs/msg/spatial_detection.hpp\n'}
[5.525611] (depthai_ros_msgs) StdoutLine: {'line': b'-- Installing: /home/dronelab/vikram/slam-project/install/depthai_ros_msgs/include/depthai_ros_msgs/depthai_ros_msgs/msg/spatial_detection_array.hpp\n'}
[5.525713] (depthai_ros_msgs) StdoutLine: {'line': b'-- Installing: /home/dronelab/vikram/slam-project/install/depthai_ros_msgs/include/depthai_ros_msgs/depthai_ros_msgs/msg/track_detection2_d_array.hpp\n'}
[5.525767] (depthai_ros_msgs) StdoutLine: {'line': b'-- Installing: /home/dronelab/vikram/slam-project/install/depthai_ros_msgs/include/depthai_ros_msgs/depthai_ros_msgs/msg/track_detection2_d.hpp\n'}
[5.525825] (depthai_ros_msgs) StdoutLine: {'line': b'-- Installing: /home/dronelab/vikram/slam-project/install/depthai_ros_msgs/include/depthai_ros_msgs/depthai_ros_msgs/msg/hand_landmark_array.hpp\n'}
[5.525909] (depthai_ros_msgs) StdoutLine: {'line': b'-- Installing: /home/dronelab/vikram/slam-project/install/depthai_ros_msgs/include/depthai_ros_msgs/depthai_ros_msgs/msg/hand_landmark.hpp\n'}
[5.526008] (depthai_ros_msgs) StdoutLine: {'line': b'-- Up-to-date: /home/dronelab/vikram/slam-project/install/depthai_ros_msgs/include/depthai_ros_msgs/depthai_ros_msgs/msg/detail\n'}
[5.526064] (depthai_ros_msgs) StdoutLine: {'line': b'-- Installing: /home/dronelab/vikram/slam-project/install/depthai_ros_msgs/include/depthai_ros_msgs/depthai_ros_msgs/msg/detail/track_detection2_d_array__traits.hpp\n'}
[5.526121] (depthai_ros_msgs) StdoutLine: {'line': b'-- Installing: /home/dronelab/vikram/slam-project/install/depthai_ros_msgs/include/depthai_ros_msgs/depthai_ros_msgs/msg/detail/track_detection2_d_array__struct.hpp\n'}
[5.526361] (depthai_ros_msgs) StdoutLine: {'line': b'-- Installing: /home/dronelab/vikram/slam-project/install/depthai_ros_msgs/include/depthai_ros_msgs/depthai_ros_msgs/msg/detail/tracked_feature__traits.hpp\n'}
[5.526527] (depthai_ros_msgs) StdoutLine: {'line': b'-- Installing: /home/dronelab/vikram/slam-project/install/depthai_ros_msgs/include/depthai_ros_msgs/depthai_ros_msgs/msg/detail/track_detection2_d__traits.hpp\n'}
[5.526585] (depthai_ros_msgs) StdoutLine: {'line': b'-- Installing: /home/dronelab/vikram/slam-project/install/depthai_ros_msgs/include/depthai_ros_msgs/depthai_ros_msgs/msg/detail/auto_focus_ctrl__builder.hpp\n'}
[5.526629] (depthai_ros_msgs) StdoutLine: {'line': b'-- Installing: /home/dronelab/vikram/slam-project/install/depthai_ros_msgs/include/depthai_ros_msgs/depthai_ros_msgs/msg/detail/hand_landmark_array__builder.hpp\n'}
[5.526701] (depthai_ros_msgs) StdoutLine: {'line': b'-- Installing: /home/dronelab/vikram/slam-project/install/depthai_ros_msgs/include/depthai_ros_msgs/depthai_ros_msgs/msg/detail/hand_landmark__traits.hpp\n'}
[5.526738] (depthai_ros_msgs) StdoutLine: {'line': b'-- Installing: /home/dronelab/vikram/slam-project/install/depthai_ros_msgs/include/depthai_ros_msgs/depthai_ros_msgs/msg/detail/hand_landmark__builder.hpp\n'}
[5.526815] (depthai_ros_msgs) StdoutLine: {'line': b'-- Installing: /home/dronelab/vikram/slam-project/install/depthai_ros_msgs/include/depthai_ros_msgs/depthai_ros_msgs/msg/detail/spatial_detection__builder.hpp\n'}
[5.526856] (depthai_ros_msgs) StdoutLine: {'line': b'-- Installing: /home/dronelab/vikram/slam-project/install/depthai_ros_msgs/include/depthai_ros_msgs/depthai_ros_msgs/msg/detail/spatial_detection_array__builder.hpp\n'}
[5.526897] (depthai_ros_msgs) StdoutLine: {'line': b'-- Installing: /home/dronelab/vikram/slam-project/install/depthai_ros_msgs/include/depthai_ros_msgs/depthai_ros_msgs/msg/detail/imu_with_magnetic_field__traits.hpp\n'}
[5.526937] (depthai_ros_msgs) StdoutLine: {'line': b'-- Installing: /home/dronelab/vikram/slam-project/install/depthai_ros_msgs/include/depthai_ros_msgs/depthai_ros_msgs/msg/detail/auto_focus_ctrl__traits.hpp\n'}
[5.527015] (depthai_ros_msgs) StdoutLine: {'line': b'-- Installing: /home/dronelab/vikram/slam-project/install/depthai_ros_msgs/include/depthai_ros_msgs/depthai_ros_msgs/msg/detail/auto_focus_ctrl__struct.hpp\n'}
[5.527055] (depthai_ros_msgs) StdoutLine: {'line': b'-- Installing: /home/dronelab/vikram/slam-project/install/depthai_ros_msgs/include/depthai_ros_msgs/depthai_ros_msgs/msg/detail/tracked_features__builder.hpp\n'}
[5.527096] (depthai_ros_msgs) StdoutLine: {'line': b'-- Installing: /home/dronelab/vikram/slam-project/install/depthai_ros_msgs/include/depthai_ros_msgs/depthai_ros_msgs/msg/detail/spatial_detection__struct.hpp\n'}
[5.527136] (depthai_ros_msgs) StdoutLine: {'line': b'-- Installing: /home/dronelab/vikram/slam-project/install/depthai_ros_msgs/include/depthai_ros_msgs/depthai_ros_msgs/msg/detail/hand_landmark_array__struct.hpp\n'}
[5.527179] (depthai_ros_msgs) StdoutLine: {'line': b'-- Installing: /home/dronelab/vikram/slam-project/install/depthai_ros_msgs/include/depthai_ros_msgs/depthai_ros_msgs/msg/detail/track_detection2_d__struct.hpp\n'}
[5.527221] (depthai_ros_msgs) StdoutLine: {'line': b'-- Installing: /home/dronelab/vikram/slam-project/install/depthai_ros_msgs/include/depthai_ros_msgs/depthai_ros_msgs/msg/detail/tracked_feature__struct.hpp\n'}
[5.527262] (depthai_ros_msgs) StdoutLine: {'line': b'-- Installing: /home/dronelab/vikram/slam-project/install/depthai_ros_msgs/include/depthai_ros_msgs/depthai_ros_msgs/msg/detail/spatial_detection__traits.hpp\n'}
[5.527318] (depthai_ros_msgs) StdoutLine: {'line': b'-- Installing: /home/dronelab/vikram/slam-project/install/depthai_ros_msgs/include/depthai_ros_msgs/depthai_ros_msgs/msg/detail/imu_with_magnetic_field__struct.hpp\n'}
[5.527390] (depthai_ros_msgs) StdoutLine: {'line': b'-- Installing: /home/dronelab/vikram/slam-project/install/depthai_ros_msgs/include/depthai_ros_msgs/depthai_ros_msgs/msg/detail/track_detection2_d__builder.hpp\n'}
[5.527432] (depthai_ros_msgs) StdoutLine: {'line': b'-- Installing: /home/dronelab/vikram/slam-project/install/depthai_ros_msgs/include/depthai_ros_msgs/depthai_ros_msgs/msg/detail/hand_landmark_array__traits.hpp\n'}
[5.527472] (depthai_ros_msgs) StdoutLine: {'line': b'-- Installing: /home/dronelab/vikram/slam-project/install/depthai_ros_msgs/include/depthai_ros_msgs/depthai_ros_msgs/msg/detail/spatial_detection_array__traits.hpp\n'}
[5.527514] (depthai_ros_msgs) StdoutLine: {'line': b'-- Installing: /home/dronelab/vikram/slam-project/install/depthai_ros_msgs/include/depthai_ros_msgs/depthai_ros_msgs/msg/detail/tracked_features__traits.hpp\n'}
[5.527555] (depthai_ros_msgs) StdoutLine: {'line': b'-- Installing: /home/dronelab/vikram/slam-project/install/depthai_ros_msgs/include/depthai_ros_msgs/depthai_ros_msgs/msg/detail/track_detection2_d_array__builder.hpp\n'}
[5.527614] (depthai_ros_msgs) StdoutLine: {'line': b'-- Installing: /home/dronelab/vikram/slam-project/install/depthai_ros_msgs/include/depthai_ros_msgs/depthai_ros_msgs/msg/detail/tracked_feature__builder.hpp\n'}
[5.527655] (depthai_ros_msgs) StdoutLine: {'line': b'-- Installing: /home/dronelab/vikram/slam-project/install/depthai_ros_msgs/include/depthai_ros_msgs/depthai_ros_msgs/msg/detail/imu_with_magnetic_field__builder.hpp\n'}
[5.527694] (depthai_ros_msgs) StdoutLine: {'line': b'-- Installing: /home/dronelab/vikram/slam-project/install/depthai_ros_msgs/include/depthai_ros_msgs/depthai_ros_msgs/msg/detail/hand_landmark__struct.hpp\n'}
[5.527736] (depthai_ros_msgs) StdoutLine: {'line': b'-- Installing: /home/dronelab/vikram/slam-project/install/depthai_ros_msgs/include/depthai_ros_msgs/depthai_ros_msgs/msg/detail/spatial_detection_array__struct.hpp\n'}
[5.527795] (depthai_ros_msgs) StdoutLine: {'line': b'-- Installing: /home/dronelab/vikram/slam-project/install/depthai_ros_msgs/include/depthai_ros_msgs/depthai_ros_msgs/msg/detail/tracked_features__struct.hpp\n'}
[5.527857] (depthai_ros_msgs) StdoutLine: {'line': b'-- Installing: /home/dronelab/vikram/slam-project/install/depthai_ros_msgs/include/depthai_ros_msgs/depthai_ros_msgs/msg/tracked_feature.hpp\n'}
[5.527904] (depthai_ros_msgs) StdoutLine: {'line': b'-- Installing: /home/dronelab/vikram/slam-project/install/depthai_ros_msgs/include/depthai_ros_msgs/depthai_ros_msgs/msg/imu_with_magnetic_field.hpp\n'}
[5.527942] (depthai_ros_msgs) StdoutLine: {'line': b'-- Installing: /home/dronelab/vikram/slam-project/install/depthai_ros_msgs/include/depthai_ros_msgs/depthai_ros_msgs/msg/tracked_features.hpp\n'}
[5.527982] (depthai_ros_msgs) StdoutLine: {'line': b'-- Up-to-date: /home/dronelab/vikram/slam-project/install/depthai_ros_msgs/include/depthai_ros_msgs/depthai_ros_msgs\n'}
[5.528022] (depthai_ros_msgs) StdoutLine: {'line': b'-- Up-to-date: /home/dronelab/vikram/slam-project/install/depthai_ros_msgs/include/depthai_ros_msgs/depthai_ros_msgs/srv\n'}
[5.528061] (depthai_ros_msgs) StdoutLine: {'line': b'-- Up-to-date: /home/dronelab/vikram/slam-project/install/depthai_ros_msgs/include/depthai_ros_msgs/depthai_ros_msgs/srv/detail\n'}
[5.528100] (depthai_ros_msgs) StdoutLine: {'line': b'-- Installing: /home/dronelab/vikram/slam-project/install/depthai_ros_msgs/include/depthai_ros_msgs/depthai_ros_msgs/srv/detail/set_local_transform__rosidl_typesupport_fastrtps_cpp.hpp\n'}
[5.528140] (depthai_ros_msgs) StdoutLine: {'line': b'-- Installing: /home/dronelab/vikram/slam-project/install/depthai_ros_msgs/include/depthai_ros_msgs/depthai_ros_msgs/srv/detail/dds_fastrtps\n'}
[5.528201] (depthai_ros_msgs) StdoutLine: {'line': b'-- Installing: /home/dronelab/vikram/slam-project/install/depthai_ros_msgs/include/depthai_ros_msgs/depthai_ros_msgs/srv/detail/trigger_named__rosidl_typesupport_fastrtps_cpp.hpp\n'}
[5.528279] (depthai_ros_msgs) StdoutLine: {'line': b'-- Installing: /home/dronelab/vikram/slam-project/install/depthai_ros_msgs/include/depthai_ros_msgs/depthai_ros_msgs/srv/detail/normalized_image_crop__rosidl_typesupport_fastrtps_cpp.hpp\n'}
[5.528321] (depthai_ros_msgs) StdoutLine: {'line': b'-- Up-to-date: /home/dronelab/vikram/slam-project/install/depthai_ros_msgs/include/depthai_ros_msgs/depthai_ros_msgs/msg\n'}
[5.528362] (depthai_ros_msgs) StdoutLine: {'line': b'-- Installing: /home/dronelab/vikram/slam-project/install/depthai_ros_msgs/include/depthai_ros_msgs/depthai_ros_msgs/msg/rosidl_typesupport_fastrtps_cpp__visibility_control.h\n'}
[5.528403] (depthai_ros_msgs) StdoutLine: {'line': b'-- Up-to-date: /home/dronelab/vikram/slam-project/install/depthai_ros_msgs/include/depthai_ros_msgs/depthai_ros_msgs/msg/detail\n'}
[5.528444] (depthai_ros_msgs) StdoutLine: {'line': b'-- Installing: /home/dronelab/vikram/slam-project/install/depthai_ros_msgs/include/depthai_ros_msgs/depthai_ros_msgs/msg/detail/track_detection2_d_array__rosidl_typesupport_fastrtps_cpp.hpp\n'}
[5.528502] (depthai_ros_msgs) StdoutLine: {'line': b'-- Installing: /home/dronelab/vikram/slam-project/install/depthai_ros_msgs/include/depthai_ros_msgs/depthai_ros_msgs/msg/detail/dds_fastrtps\n'}
[5.528542] (depthai_ros_msgs) StdoutLine: {'line': b'-- Installing: /home/dronelab/vikram/slam-project/install/depthai_ros_msgs/include/depthai_ros_msgs/depthai_ros_msgs/msg/detail/tracked_feature__rosidl_typesupport_fastrtps_cpp.hpp\n'}
[5.528581] (depthai_ros_msgs) StdoutLine: {'line': b'-- Installing: /home/dronelab/vikram/slam-project/install/depthai_ros_msgs/include/depthai_ros_msgs/depthai_ros_msgs/msg/detail/track_detection2_d__rosidl_typesupport_fastrtps_cpp.hpp\n'}
[5.528621] (depthai_ros_msgs) StdoutLine: {'line': b'-- Installing: /home/dronelab/vikram/slam-project/install/depthai_ros_msgs/include/depthai_ros_msgs/depthai_ros_msgs/msg/detail/hand_landmark__rosidl_typesupport_fastrtps_cpp.hpp\n'}
[5.528661] (depthai_ros_msgs) StdoutLine: {'line': b'-- Installing: /home/dronelab/vikram/slam-project/install/depthai_ros_msgs/include/depthai_ros_msgs/depthai_ros_msgs/msg/detail/imu_with_magnetic_field__rosidl_typesupport_fastrtps_cpp.hpp\n'}
[5.528701] (depthai_ros_msgs) StdoutLine: {'line': b'-- Installing: /home/dronelab/vikram/slam-project/install/depthai_ros_msgs/include/depthai_ros_msgs/depthai_ros_msgs/msg/detail/auto_focus_ctrl__rosidl_typesupport_fastrtps_cpp.hpp\n'}
[5.528757] (depthai_ros_msgs) StdoutLine: {'line': b'-- Installing: /home/dronelab/vikram/slam-project/install/depthai_ros_msgs/include/depthai_ros_msgs/depthai_ros_msgs/msg/detail/tracked_features__rosidl_typesupport_fastrtps_cpp.hpp\n'}
[5.528823] (depthai_ros_msgs) StdoutLine: {'line': b'-- Installing: /home/dronelab/vikram/slam-project/install/depthai_ros_msgs/include/depthai_ros_msgs/depthai_ros_msgs/msg/detail/spatial_detection__rosidl_typesupport_fastrtps_cpp.hpp\n'}
[5.528862] (depthai_ros_msgs) StdoutLine: {'line': b'-- Installing: /home/dronelab/vikram/slam-project/install/depthai_ros_msgs/include/depthai_ros_msgs/depthai_ros_msgs/msg/detail/hand_landmark_array__rosidl_typesupport_fastrtps_cpp.hpp\n'}
[5.528901] (depthai_ros_msgs) StdoutLine: {'line': b'-- Installing: /home/dronelab/vikram/slam-project/install/depthai_ros_msgs/include/depthai_ros_msgs/depthai_ros_msgs/msg/detail/spatial_detection_array__rosidl_typesupport_fastrtps_cpp.hpp\n'}
[5.528937] (depthai_ros_msgs) StdoutLine: {'line': b'-- Installing: /home/dronelab/vikram/slam-project/install/depthai_ros_msgs/lib/libdepthai_ros_msgs__rosidl_typesupport_fastrtps_cpp.so\n'}
[5.529064] (depthai_ros_msgs) StdoutLine: {'line': b'-- Set runtime path of "/home/dronelab/vikram/slam-project/install/depthai_ros_msgs/lib/libdepthai_ros_msgs__rosidl_typesupport_fastrtps_cpp.so" to ""\n'}
[5.529122] (depthai_ros_msgs) StdoutLine: {'line': b'-- Up-to-date: /home/dronelab/vikram/slam-project/install/depthai_ros_msgs/include/depthai_ros_msgs/depthai_ros_msgs\n'}
[5.529163] (depthai_ros_msgs) StdoutLine: {'line': b'-- Up-to-date: /home/dronelab/vikram/slam-project/install/depthai_ros_msgs/include/depthai_ros_msgs/depthai_ros_msgs/srv\n'}
[5.529233] (depthai_ros_msgs) StdoutLine: {'line': b'-- Up-to-date: /home/dronelab/vikram/slam-project/install/depthai_ros_msgs/include/depthai_ros_msgs/depthai_ros_msgs/srv/detail\n'}
[5.529273] (depthai_ros_msgs) StdoutLine: {'line': b'-- Installing: /home/dronelab/vikram/slam-project/install/depthai_ros_msgs/include/depthai_ros_msgs/depthai_ros_msgs/srv/detail/set_local_transform__rosidl_typesupport_introspection_c.h\n'}
[5.529309] (depthai_ros_msgs) StdoutLine: {'line': b'-- Installing: /home/dronelab/vikram/slam-project/install/depthai_ros_msgs/include/depthai_ros_msgs/depthai_ros_msgs/srv/detail/normalized_image_crop__type_support.c\n'}
[5.529359] (depthai_ros_msgs) StdoutLine: {'line': b'-- Installing: /home/dronelab/vikram/slam-project/install/depthai_ros_msgs/include/depthai_ros_msgs/depthai_ros_msgs/srv/detail/normalized_image_crop__rosidl_typesupport_introspection_c.h\n'}
[5.529393] (depthai_ros_msgs) StdoutLine: {'line': b'-- Installing: /home/dronelab/vikram/slam-project/install/depthai_ros_msgs/include/depthai_ros_msgs/depthai_ros_msgs/srv/detail/set_local_transform__type_support.c\n'}
[5.529435] (depthai_ros_msgs) StdoutLine: {'line': b'-- Installing: /home/dronelab/vikram/slam-project/install/depthai_ros_msgs/include/depthai_ros_msgs/depthai_ros_msgs/srv/detail/trigger_named__type_support.c\n'}
[5.529468] (depthai_ros_msgs) StdoutLine: {'line': b'-- Installing: /home/dronelab/vikram/slam-project/install/depthai_ros_msgs/include/depthai_ros_msgs/depthai_ros_msgs/srv/detail/trigger_named__rosidl_typesupport_introspection_c.h\n'}
[5.529521] (depthai_ros_msgs) StdoutLine: {'line': b'-- Up-to-date: /home/dronelab/vikram/slam-project/install/depthai_ros_msgs/include/depthai_ros_msgs/depthai_ros_msgs/msg\n'}
[5.529557] (depthai_ros_msgs) StdoutLine: {'line': b'-- Installing: /home/dronelab/vikram/slam-project/install/depthai_ros_msgs/include/depthai_ros_msgs/depthai_ros_msgs/msg/rosidl_typesupport_introspection_c__visibility_control.h\n'}
[5.529589] (depthai_ros_msgs) StdoutLine: {'line': b'-- Up-to-date: /home/dronelab/vikram/slam-project/install/depthai_ros_msgs/include/depthai_ros_msgs/depthai_ros_msgs/msg/detail\n'}
[5.529621] (depthai_ros_msgs) StdoutLine: {'line': b'-- Installing: /home/dronelab/vikram/slam-project/install/depthai_ros_msgs/include/depthai_ros_msgs/depthai_ros_msgs/msg/detail/tracked_features__type_support.c\n'}
[5.529674] (depthai_ros_msgs) StdoutLine: {'line': b'-- Installing: /home/dronelab/vikram/slam-project/install/depthai_ros_msgs/include/depthai_ros_msgs/depthai_ros_msgs/msg/detail/imu_with_magnetic_field__type_support.c\n'}
[5.529705] (depthai_ros_msgs) StdoutLine: {'line': b'-- Installing: /home/dronelab/vikram/slam-project/install/depthai_ros_msgs/include/depthai_ros_msgs/depthai_ros_msgs/msg/detail/hand_landmark_array__type_support.c\n'}
[5.529738] (depthai_ros_msgs) StdoutLine: {'line': b'-- Installing: /home/dronelab/vikram/slam-project/install/depthai_ros_msgs/include/depthai_ros_msgs/depthai_ros_msgs/msg/detail/track_detection2_d__type_support.c\n'}
[5.529769] (depthai_ros_msgs) StdoutLine: {'line': b'-- Installing: /home/dronelab/vikram/slam-project/install/depthai_ros_msgs/include/depthai_ros_msgs/depthai_ros_msgs/msg/detail/tracked_feature__rosidl_typesupport_introspection_c.h\n'}
[5.529820] (depthai_ros_msgs) StdoutLine: {'line': b'-- Installing: /home/dronelab/vikram/slam-project/install/depthai_ros_msgs/include/depthai_ros_msgs/depthai_ros_msgs/msg/detail/tracked_features__rosidl_typesupport_introspection_c.h\n'}
[5.529860] (depthai_ros_msgs) StdoutLine: {'line': b'-- Installing: /home/dronelab/vikram/slam-project/install/depthai_ros_msgs/include/depthai_ros_msgs/depthai_ros_msgs/msg/detail/hand_landmark__type_support.c\n'}
[5.529893] (depthai_ros_msgs) StdoutLine: {'line': b'-- Installing: /home/dronelab/vikram/slam-project/install/depthai_ros_msgs/include/depthai_ros_msgs/depthai_ros_msgs/msg/detail/track_detection2_d_array__rosidl_typesupport_introspection_c.h\n'}
[5.529926] (depthai_ros_msgs) StdoutLine: {'line': b'-- Installing: /home/dronelab/vikram/slam-project/install/depthai_ros_msgs/include/depthai_ros_msgs/depthai_ros_msgs/msg/detail/spatial_detection__rosidl_typesupport_introspection_c.h\n'}
[5.529974] (depthai_ros_msgs) StdoutLine: {'line': b'-- Installing: /home/dronelab/vikram/slam-project/install/depthai_ros_msgs/include/depthai_ros_msgs/depthai_ros_msgs/msg/detail/auto_focus_ctrl__rosidl_typesupport_introspection_c.h\n'}
[5.530006] (depthai_ros_msgs) StdoutLine: {'line': b'-- Installing: /home/dronelab/vikram/slam-project/install/depthai_ros_msgs/include/depthai_ros_msgs/depthai_ros_msgs/msg/detail/tracked_feature__type_support.c\n'}
[5.530039] (depthai_ros_msgs) StdoutLine: {'line': b'-- Installing: /home/dronelab/vikram/slam-project/install/depthai_ros_msgs/include/depthai_ros_msgs/depthai_ros_msgs/msg/detail/spatial_detection__type_support.c\n'}
[5.530090] (depthai_ros_msgs) StdoutLine: {'line': b'-- Installing: /home/dronelab/vikram/slam-project/install/depthai_ros_msgs/include/depthai_ros_msgs/depthai_ros_msgs/msg/detail/spatial_detection_array__rosidl_typesupport_introspection_c.h\n'}
[5.530133] (depthai_ros_msgs) StdoutLine: {'line': b'-- Installing: /home/dronelab/vikram/slam-project/install/depthai_ros_msgs/include/depthai_ros_msgs/depthai_ros_msgs/msg/detail/hand_landmark__rosidl_typesupport_introspection_c.h\n'}
[5.530163] (depthai_ros_msgs) StdoutLine: {'line': b'-- Installing: /home/dronelab/vikram/slam-project/install/depthai_ros_msgs/include/depthai_ros_msgs/depthai_ros_msgs/msg/detail/imu_with_magnetic_field__rosidl_typesupport_introspection_c.h\n'}
[5.530201] (depthai_ros_msgs) StdoutLine: {'line': b'-- Installing: /home/dronelab/vikram/slam-project/install/depthai_ros_msgs/include/depthai_ros_msgs/depthai_ros_msgs/msg/detail/track_detection2_d__rosidl_typesupport_introspection_c.h\n'}
[5.530253] (depthai_ros_msgs) StdoutLine: {'line': b'-- Installing: /home/dronelab/vikram/slam-project/install/depthai_ros_msgs/include/depthai_ros_msgs/depthai_ros_msgs/msg/detail/track_detection2_d_array__type_support.c\n'}
[5.530286] (depthai_ros_msgs) StdoutLine: {'line': b'-- Installing: /home/dronelab/vikram/slam-project/install/depthai_ros_msgs/include/depthai_ros_msgs/depthai_ros_msgs/msg/detail/hand_landmark_array__rosidl_typesupport_introspection_c.h\n'}
[5.530320] (depthai_ros_msgs) StdoutLine: {'line': b'-- Installing: /home/dronelab/vikram/slam-project/install/depthai_ros_msgs/include/depthai_ros_msgs/depthai_ros_msgs/msg/detail/spatial_detection_array__type_support.c\n'}
[5.530368] (depthai_ros_msgs) StdoutLine: {'line': b'-- Installing: /home/dronelab/vikram/slam-project/install/depthai_ros_msgs/include/depthai_ros_msgs/depthai_ros_msgs/msg/detail/auto_focus_ctrl__type_support.c\n'}
[5.530399] (depthai_ros_msgs) StdoutLine: {'line': b'-- Installing: /home/dronelab/vikram/slam-project/install/depthai_ros_msgs/lib/libdepthai_ros_msgs__rosidl_typesupport_introspection_c.so\n'}
[5.530530] (depthai_ros_msgs) StdoutLine: {'line': b'-- Set runtime path of "/home/dronelab/vikram/slam-project/install/depthai_ros_msgs/lib/libdepthai_ros_msgs__rosidl_typesupport_introspection_c.so" to ""\n'}
[5.530575] (depthai_ros_msgs) StdoutLine: {'line': b'-- Installing: /home/dronelab/vikram/slam-project/install/depthai_ros_msgs/lib/libdepthai_ros_msgs__rosidl_typesupport_c.so\n'}
[5.530690] (depthai_ros_msgs) StdoutLine: {'line': b'-- Set runtime path of "/home/dronelab/vikram/slam-project/install/depthai_ros_msgs/lib/libdepthai_ros_msgs__rosidl_typesupport_c.so" to ""\n'}
[5.530740] (depthai_ros_msgs) StdoutLine: {'line': b'-- Up-to-date: /home/dronelab/vikram/slam-project/install/depthai_ros_msgs/include/depthai_ros_msgs/depthai_ros_msgs\n'}
[5.530772] (depthai_ros_msgs) StdoutLine: {'line': b'-- Up-to-date: /home/dronelab/vikram/slam-project/install/depthai_ros_msgs/include/depthai_ros_msgs/depthai_ros_msgs/srv\n'}
[5.530804] (depthai_ros_msgs) StdoutLine: {'line': b'-- Up-to-date: /home/dronelab/vikram/slam-project/install/depthai_ros_msgs/include/depthai_ros_msgs/depthai_ros_msgs/srv/detail\n'}
[5.530855] (depthai_ros_msgs) StdoutLine: {'line': b'-- Installing: /home/dronelab/vikram/slam-project/install/depthai_ros_msgs/include/depthai_ros_msgs/depthai_ros_msgs/srv/detail/set_local_transform__type_support.cpp\n'}
[5.530887] (depthai_ros_msgs) StdoutLine: {'line': b'-- Installing: /home/dronelab/vikram/slam-project/install/depthai_ros_msgs/include/depthai_ros_msgs/depthai_ros_msgs/srv/detail/set_local_transform__rosidl_typesupport_introspection_cpp.hpp\n'}
[5.530919] (depthai_ros_msgs) StdoutLine: {'line': b'-- Installing: /home/dronelab/vikram/slam-project/install/depthai_ros_msgs/include/depthai_ros_msgs/depthai_ros_msgs/srv/detail/trigger_named__rosidl_typesupport_introspection_cpp.hpp\n'}
[5.530970] (depthai_ros_msgs) StdoutLine: {'line': b'-- Installing: /home/dronelab/vikram/slam-project/install/depthai_ros_msgs/include/depthai_ros_msgs/depthai_ros_msgs/srv/detail/normalized_image_crop__rosidl_typesupport_introspection_cpp.hpp\n'}
[5.531001] (depthai_ros_msgs) StdoutLine: {'line': b'-- Installing: /home/dronelab/vikram/slam-project/install/depthai_ros_msgs/include/depthai_ros_msgs/depthai_ros_msgs/srv/detail/trigger_named__type_support.cpp\n'}
[5.531045] (depthai_ros_msgs) StdoutLine: {'line': b'-- Installing: /home/dronelab/vikram/slam-project/install/depthai_ros_msgs/include/depthai_ros_msgs/depthai_ros_msgs/srv/detail/normalized_image_crop__type_support.cpp\n'}
[5.531091] (depthai_ros_msgs) StdoutLine: {'line': b'-- Up-to-date: /home/dronelab/vikram/slam-project/install/depthai_ros_msgs/include/depthai_ros_msgs/depthai_ros_msgs/msg\n'}
[5.531121] (depthai_ros_msgs) StdoutLine: {'line': b'-- Up-to-date: /home/dronelab/vikram/slam-project/install/depthai_ros_msgs/include/depthai_ros_msgs/depthai_ros_msgs/msg/detail\n'}
[5.531152] (depthai_ros_msgs) StdoutLine: {'line': b'-- Installing: /home/dronelab/vikram/slam-project/install/depthai_ros_msgs/include/depthai_ros_msgs/depthai_ros_msgs/msg/detail/tracked_features__type_support.cpp\n'}
[5.531188] (depthai_ros_msgs) StdoutLine: {'line': b'-- Installing: /home/dronelab/vikram/slam-project/install/depthai_ros_msgs/include/depthai_ros_msgs/depthai_ros_msgs/msg/detail/imu_with_magnetic_field__type_support.cpp\n'}
[5.531238] (depthai_ros_msgs) StdoutLine: {'line': b'-- Installing: /home/dronelab/vikram/slam-project/install/depthai_ros_msgs/include/depthai_ros_msgs/depthai_ros_msgs/msg/detail/spatial_detection__rosidl_typesupport_introspection_cpp.hpp\n'}
[5.531272] (depthai_ros_msgs) StdoutLine: {'line': b'-- Installing: /home/dronelab/vikram/slam-project/install/depthai_ros_msgs/include/depthai_ros_msgs/depthai_ros_msgs/msg/detail/tracked_feature__rosidl_typesupport_introspection_cpp.hpp\n'}
[5.531318] (depthai_ros_msgs) StdoutLine: {'line': b'-- Installing: /home/dronelab/vikram/slam-project/install/depthai_ros_msgs/include/depthai_ros_msgs/depthai_ros_msgs/msg/detail/tracked_features__rosidl_typesupport_introspection_cpp.hpp\n'}
[5.531350] (depthai_ros_msgs) StdoutLine: {'line': b'-- Installing: /home/dronelab/vikram/slam-project/install/depthai_ros_msgs/include/depthai_ros_msgs/depthai_ros_msgs/msg/detail/track_detection2_d_array__rosidl_typesupport_introspection_cpp.hpp\n'}
[5.531383] (depthai_ros_msgs) StdoutLine: {'line': b'-- Installing: /home/dronelab/vikram/slam-project/install/depthai_ros_msgs/include/depthai_ros_msgs/depthai_ros_msgs/msg/detail/auto_focus_ctrl__rosidl_typesupport_introspection_cpp.hpp\n'}
[5.531434] (depthai_ros_msgs) StdoutLine: {'line': b'-- Installing: /home/dronelab/vikram/slam-project/install/depthai_ros_msgs/include/depthai_ros_msgs/depthai_ros_msgs/msg/detail/spatial_detection_array__rosidl_typesupport_introspection_cpp.hpp\n'}
[5.531467] (depthai_ros_msgs) StdoutLine: {'line': b'-- Installing: /home/dronelab/vikram/slam-project/install/depthai_ros_msgs/include/depthai_ros_msgs/depthai_ros_msgs/msg/detail/track_detection2_d__rosidl_typesupport_introspection_cpp.hpp\n'}
[5.531499] (depthai_ros_msgs) StdoutLine: {'line': b'-- Installing: /home/dronelab/vikram/slam-project/install/depthai_ros_msgs/include/depthai_ros_msgs/depthai_ros_msgs/msg/detail/hand_landmark__rosidl_typesupport_introspection_cpp.hpp\n'}
[5.531551] (depthai_ros_msgs) StdoutLine: {'line': b'-- Installing: /home/dronelab/vikram/slam-project/install/depthai_ros_msgs/include/depthai_ros_msgs/depthai_ros_msgs/msg/detail/spatial_detection_array__type_support.cpp\n'}
[5.531582] (depthai_ros_msgs) StdoutLine: {'line': b'-- Installing: /home/dronelab/vikram/slam-project/install/depthai_ros_msgs/include/depthai_ros_msgs/depthai_ros_msgs/msg/detail/track_detection2_d__type_support.cpp\n'}
[5.531613] (depthai_ros_msgs) StdoutLine: {'line': b'-- Installing: /home/dronelab/vikram/slam-project/install/depthai_ros_msgs/include/depthai_ros_msgs/depthai_ros_msgs/msg/detail/spatial_detection__type_support.cpp\n'}
[5.531662] (depthai_ros_msgs) StdoutLine: {'line': b'-- Installing: /home/dronelab/vikram/slam-project/install/depthai_ros_msgs/include/depthai_ros_msgs/depthai_ros_msgs/msg/detail/imu_with_magnetic_field__rosidl_typesupport_introspection_cpp.hpp\n'}
[5.531702] (depthai_ros_msgs) StdoutLine: {'line': b'-- Installing: /home/dronelab/vikram/slam-project/install/depthai_ros_msgs/include/depthai_ros_msgs/depthai_ros_msgs/msg/detail/hand_landmark__type_support.cpp\n'}
[5.531734] (depthai_ros_msgs) StdoutLine: {'line': b'-- Installing: /home/dronelab/vikram/slam-project/install/depthai_ros_msgs/include/depthai_ros_msgs/depthai_ros_msgs/msg/detail/hand_landmark_array__type_support.cpp\n'}
[5.531782] (depthai_ros_msgs) StdoutLine: {'line': b'-- Installing: /home/dronelab/vikram/slam-project/install/depthai_ros_msgs/include/depthai_ros_msgs/depthai_ros_msgs/msg/detail/hand_landmark_array__rosidl_typesupport_introspection_cpp.hpp\n'}
[5.531812] (depthai_ros_msgs) StdoutLine: {'line': b'-- Installing: /home/dronelab/vikram/slam-project/install/depthai_ros_msgs/include/depthai_ros_msgs/depthai_ros_msgs/msg/detail/auto_focus_ctrl__type_support.cpp\n'}
[5.531861] (depthai_ros_msgs) StdoutLine: {'line': b'-- Installing: /home/dronelab/vikram/slam-project/install/depthai_ros_msgs/include/depthai_ros_msgs/depthai_ros_msgs/msg/detail/tracked_feature__type_support.cpp\n'}
[5.531891] (depthai_ros_msgs) StdoutLine: {'line': b'-- Installing: /home/dronelab/vikram/slam-project/install/depthai_ros_msgs/include/depthai_ros_msgs/depthai_ros_msgs/msg/detail/track_detection2_d_array__type_support.cpp\n'}
[5.531933] (depthai_ros_msgs) StdoutLine: {'line': b'-- Installing: /home/dronelab/vikram/slam-project/install/depthai_ros_msgs/lib/libdepthai_ros_msgs__rosidl_typesupport_introspection_cpp.so\n'}
[5.532227] (depthai_ros_msgs) StdoutLine: {'line': b'-- Set runtime path of "/home/dronelab/vikram/slam-project/install/depthai_ros_msgs/lib/libdepthai_ros_msgs__rosidl_typesupport_introspection_cpp.so" to ""\n'}
[5.532272] (depthai_ros_msgs) StdoutLine: {'line': b'-- Installing: /home/dronelab/vikram/slam-project/install/depthai_ros_msgs/lib/libdepthai_ros_msgs__rosidl_typesupport_cpp.so\n'}
[5.532400] (depthai_ros_msgs) StdoutLine: {'line': b'-- Set runtime path of "/home/dronelab/vikram/slam-project/install/depthai_ros_msgs/lib/libdepthai_ros_msgs__rosidl_typesupport_cpp.so" to ""\n'}
[5.532444] (depthai_ros_msgs) StdoutLine: {'line': b'-- Installing: /home/dronelab/vikram/slam-project/install/depthai_ros_msgs/share/depthai_ros_msgs/environment/pythonpath.sh\n'}
[5.532486] (depthai_ros_msgs) StdoutLine: {'line': b'-- Installing: /home/dronelab/vikram/slam-project/install/depthai_ros_msgs/share/depthai_ros_msgs/environment/pythonpath.dsv\n'}
[5.532530] (depthai_ros_msgs) StdoutLine: {'line': b'-- Installing: /home/dronelab/vikram/slam-project/install/depthai_ros_msgs/local/lib/python3.10/dist-packages/depthai_ros_msgs-3.0.9-py3.10.egg-info\n'}
[5.532589] (depthai_ros_msgs) StdoutLine: {'line': b'-- Installing: /home/dronelab/vikram/slam-project/install/depthai_ros_msgs/local/lib/python3.10/dist-packages/depthai_ros_msgs-3.0.9-py3.10.egg-info/PKG-INFO\n'}
[5.532634] (depthai_ros_msgs) StdoutLine: {'line': b'-- Installing: /home/dronelab/vikram/slam-project/install/depthai_ros_msgs/local/lib/python3.10/dist-packages/depthai_ros_msgs-3.0.9-py3.10.egg-info/SOURCES.txt\n'}
[5.532676] (depthai_ros_msgs) StdoutLine: {'line': b'-- Installing: /home/dronelab/vikram/slam-project/install/depthai_ros_msgs/local/lib/python3.10/dist-packages/depthai_ros_msgs-3.0.9-py3.10.egg-info/top_level.txt\n'}
[5.532720] (depthai_ros_msgs) StdoutLine: {'line': b'-- Installing: /home/dronelab/vikram/slam-project/install/depthai_ros_msgs/local/lib/python3.10/dist-packages/depthai_ros_msgs-3.0.9-py3.10.egg-info/dependency_links.txt\n'}
[5.532762] (depthai_ros_msgs) StdoutLine: {'line': b'-- Installing: /home/dronelab/vikram/slam-project/install/depthai_ros_msgs/local/lib/python3.10/dist-packages/depthai_ros_msgs\n'}
[5.532805] (depthai_ros_msgs) StdoutLine: {'line': b'-- Installing: /home/dronelab/vikram/slam-project/install/depthai_ros_msgs/local/lib/python3.10/dist-packages/depthai_ros_msgs/_depthai_ros_msgs_s.ep.rosidl_typesupport_fastrtps_c.c\n'}
[5.532856] (depthai_ros_msgs) StdoutLine: {'line': b'-- Installing: /home/dronelab/vikram/slam-project/install/depthai_ros_msgs/local/lib/python3.10/dist-packages/depthai_ros_msgs/srv\n'}
[5.532899] (depthai_ros_msgs) StdoutLine: {'line': b'-- Installing: /home/dronelab/vikram/slam-project/install/depthai_ros_msgs/local/lib/python3.10/dist-packages/depthai_ros_msgs/srv/_set_local_transform_s.c\n'}
[5.532941] (depthai_ros_msgs) StdoutLine: {'line': b'-- Installing: /home/dronelab/vikram/slam-project/install/depthai_ros_msgs/local/lib/python3.10/dist-packages/depthai_ros_msgs/srv/_set_local_transform.py\n'}
[5.532985] (depthai_ros_msgs) StdoutLine: {'line': b'-- Installing: /home/dronelab/vikram/slam-project/install/depthai_ros_msgs/local/lib/python3.10/dist-packages/depthai_ros_msgs/srv/_normalized_image_crop.py\n'}
[5.533023] (depthai_ros_msgs) StdoutLine: {'line': b'-- Installing: /home/dronelab/vikram/slam-project/install/depthai_ros_msgs/local/lib/python3.10/dist-packages/depthai_ros_msgs/srv/__init__.py\n'}
[5.533067] (depthai_ros_msgs) StdoutLine: {'line': b'-- Installing: /home/dronelab/vikram/slam-project/install/depthai_ros_msgs/local/lib/python3.10/dist-packages/depthai_ros_msgs/srv/_normalized_image_crop_s.c\n'}
[5.533111] (depthai_ros_msgs) StdoutLine: {'line': b'-- Installing: /home/dronelab/vikram/slam-project/install/depthai_ros_msgs/local/lib/python3.10/dist-packages/depthai_ros_msgs/srv/_trigger_named.py\n'}
[5.533160] (depthai_ros_msgs) StdoutLine: {'line': b'-- Installing: /home/dronelab/vikram/slam-project/install/depthai_ros_msgs/local/lib/python3.10/dist-packages/depthai_ros_msgs/srv/_trigger_named_s.c\n'}
[5.533196] (depthai_ros_msgs) StdoutLine: {'line': b'-- Installing: /home/dronelab/vikram/slam-project/install/depthai_ros_msgs/local/lib/python3.10/dist-packages/depthai_ros_msgs/depthai_ros_msgs_s__rosidl_typesupport_c.cpython-310-x86_64-linux-gnu.so\n'}
[5.533239] (depthai_ros_msgs) StdoutLine: {'line': b'-- Installing: /home/dronelab/vikram/slam-project/install/depthai_ros_msgs/local/lib/python3.10/dist-packages/depthai_ros_msgs/depthai_ros_msgs_s__rosidl_typesupport_introspection_c.cpython-310-x86_64-linux-gnu.so\n'}
[5.533293] (depthai_ros_msgs) StdoutLine: {'line': b'-- Installing: /home/dronelab/vikram/slam-project/install/depthai_ros_msgs/local/lib/python3.10/dist-packages/depthai_ros_msgs/depthai_ros_msgs_s__rosidl_typesupport_fastrtps_c.cpython-310-x86_64-linux-gnu.so\n'}
[5.533354] (depthai_ros_msgs) StdoutLine: {'line': b'-- Installing: /home/dronelab/vikram/slam-project/install/depthai_ros_msgs/local/lib/python3.10/dist-packages/depthai_ros_msgs/_depthai_ros_msgs_s.ep.rosidl_typesupport_introspection_c.c\n'}
[5.533424] (depthai_ros_msgs) StdoutLine: {'line': b'-- Installing: /home/dronelab/vikram/slam-project/install/depthai_ros_msgs/local/lib/python3.10/dist-packages/depthai_ros_msgs/msg\n'}
[5.533468] (depthai_ros_msgs) StdoutLine: {'line': b'-- Installing: /home/dronelab/vikram/slam-project/install/depthai_ros_msgs/local/lib/python3.10/dist-packages/depthai_ros_msgs/msg/_auto_focus_ctrl.py\n'}
[5.533512] (depthai_ros_msgs) StdoutLine: {'line': b'-- Installing: /home/dronelab/vikram/slam-project/install/depthai_ros_msgs/local/lib/python3.10/dist-packages/depthai_ros_msgs/msg/_spatial_detection_array.py\n'}
[5.533557] (depthai_ros_msgs) StdoutLine: {'line': b'-- Installing: /home/dronelab/vikram/slam-project/install/depthai_ros_msgs/local/lib/python3.10/dist-packages/depthai_ros_msgs/msg/_track_detection2_d_s.c\n'}
[5.533601] (depthai_ros_msgs) StdoutLine: {'line': b'-- Installing: /home/dronelab/vikram/slam-project/install/depthai_ros_msgs/local/lib/python3.10/dist-packages/depthai_ros_msgs/msg/_track_detection2_d_array.py\n'}
[5.533650] (depthai_ros_msgs) StdoutLine: {'line': b'-- Installing: /home/dronelab/vikram/slam-project/install/depthai_ros_msgs/local/lib/python3.10/dist-packages/depthai_ros_msgs/msg/_spatial_detection_array_s.c\n'}
[5.533681] (depthai_ros_msgs) StdoutLine: {'line': b'-- Installing: /home/dronelab/vikram/slam-project/install/depthai_ros_msgs/local/lib/python3.10/dist-packages/depthai_ros_msgs/msg/_track_detection2_d.py\n'}
[5.533729] (depthai_ros_msgs) StdoutLine: {'line': b'-- Installing: /home/dronelab/vikram/slam-project/install/depthai_ros_msgs/local/lib/python3.10/dist-packages/depthai_ros_msgs/msg/_tracked_feature.py\n'}
[5.533764] (depthai_ros_msgs) StdoutLine: {'line': b'-- Installing: /home/dronelab/vikram/slam-project/install/depthai_ros_msgs/local/lib/python3.10/dist-packages/depthai_ros_msgs/msg/_auto_focus_ctrl_s.c\n'}
[5.533812] (depthai_ros_msgs) StdoutLine: {'line': b'-- Installing: /home/dronelab/vikram/slam-project/install/depthai_ros_msgs/local/lib/python3.10/dist-packages/depthai_ros_msgs/msg/_imu_with_magnetic_field.py\n'}
[5.533845] (depthai_ros_msgs) StdoutLine: {'line': b'-- Installing: /home/dronelab/vikram/slam-project/install/depthai_ros_msgs/local/lib/python3.10/dist-packages/depthai_ros_msgs/msg/_track_detection2_d_array_s.c\n'}
[5.533893] (depthai_ros_msgs) StdoutLine: {'line': b'-- Installing: /home/dronelab/vikram/slam-project/install/depthai_ros_msgs/local/lib/python3.10/dist-packages/depthai_ros_msgs/msg/_tracked_feature_s.c\n'}
[5.533926] (depthai_ros_msgs) StdoutLine: {'line': b'-- Installing: /home/dronelab/vikram/slam-project/install/depthai_ros_msgs/local/lib/python3.10/dist-packages/depthai_ros_msgs/msg/_spatial_detection_s.c\n'}
[5.533975] (depthai_ros_msgs) StdoutLine: {'line': b'-- Installing: /home/dronelab/vikram/slam-project/install/depthai_ros_msgs/local/lib/python3.10/dist-packages/depthai_ros_msgs/msg/_tracked_features.py\n'}
[5.534008] (depthai_ros_msgs) StdoutLine: {'line': b'-- Installing: /home/dronelab/vikram/slam-project/install/depthai_ros_msgs/local/lib/python3.10/dist-packages/depthai_ros_msgs/msg/_hand_landmark_array_s.c\n'}
[5.534057] (depthai_ros_msgs) StdoutLine: {'line': b'-- Installing: /home/dronelab/vikram/slam-project/install/depthai_ros_msgs/local/lib/python3.10/dist-packages/depthai_ros_msgs/msg/__init__.py\n'}
[5.534091] (depthai_ros_msgs) StdoutLine: {'line': b'-- Installing: /home/dronelab/vikram/slam-project/install/depthai_ros_msgs/local/lib/python3.10/dist-packages/depthai_ros_msgs/msg/_spatial_detection.py\n'}
[5.534138] (depthai_ros_msgs) StdoutLine: {'line': b'-- Installing: /home/dronelab/vikram/slam-project/install/depthai_ros_msgs/local/lib/python3.10/dist-packages/depthai_ros_msgs/msg/_hand_landmark_s.c\n'}
[5.534173] (depthai_ros_msgs) StdoutLine: {'line': b'-- Installing: /home/dronelab/vikram/slam-project/install/depthai_ros_msgs/local/lib/python3.10/dist-packages/depthai_ros_msgs/msg/_tracked_features_s.c\n'}
[5.534227] (depthai_ros_msgs) StdoutLine: {'line': b'-- Installing: /home/dronelab/vikram/slam-project/install/depthai_ros_msgs/local/lib/python3.10/dist-packages/depthai_ros_msgs/msg/_hand_landmark.py\n'}
[5.534258] (depthai_ros_msgs) StdoutLine: {'line': b'-- Installing: /home/dronelab/vikram/slam-project/install/depthai_ros_msgs/local/lib/python3.10/dist-packages/depthai_ros_msgs/msg/_imu_with_magnetic_field_s.c\n'}
[5.534289] (depthai_ros_msgs) StdoutLine: {'line': b'-- Installing: /home/dronelab/vikram/slam-project/install/depthai_ros_msgs/local/lib/python3.10/dist-packages/depthai_ros_msgs/msg/_hand_landmark_array.py\n'}
[5.534339] (depthai_ros_msgs) StdoutLine: {'line': b'-- Installing: /home/dronelab/vikram/slam-project/install/depthai_ros_msgs/local/lib/python3.10/dist-packages/depthai_ros_msgs/__init__.py\n'}
[5.534369] (depthai_ros_msgs) StdoutLine: {'line': b'-- Installing: /home/dronelab/vikram/slam-project/install/depthai_ros_msgs/local/lib/python3.10/dist-packages/depthai_ros_msgs/libdepthai_ros_msgs__rosidl_generator_py.so\n'}
[5.534412] (depthai_ros_msgs) StdoutLine: {'line': b'-- Installing: /home/dronelab/vikram/slam-project/install/depthai_ros_msgs/local/lib/python3.10/dist-packages/depthai_ros_msgs/_depthai_ros_msgs_s.ep.rosidl_typesupport_c.c\n'}
[5.570618] (depthai_ros_msgs) StdoutLine: {'line': b"Listing '/home/dronelab/vikram/slam-project/install/depthai_ros_msgs/local/lib/python3.10/dist-packages/depthai_ros_msgs'...\n"}
[5.570715] (depthai_ros_msgs) StdoutLine: {'line': b"Compiling '/home/dronelab/vikram/slam-project/install/depthai_ros_msgs/local/lib/python3.10/dist-packages/depthai_ros_msgs/__init__.py'...\n"}
[5.570760] (depthai_ros_msgs) StdoutLine: {'line': b"Listing '/home/dronelab/vikram/slam-project/install/depthai_ros_msgs/local/lib/python3.10/dist-packages/depthai_ros_msgs/msg'...\n"}
[5.570797] (depthai_ros_msgs) StdoutLine: {'line': b"Compiling '/home/dronelab/vikram/slam-project/install/depthai_ros_msgs/local/lib/python3.10/dist-packages/depthai_ros_msgs/msg/__init__.py'...\n"}
[5.570831] (depthai_ros_msgs) StdoutLine: {'line': b"Compiling '/home/dronelab/vikram/slam-project/install/depthai_ros_msgs/local/lib/python3.10/dist-packages/depthai_ros_msgs/msg/_auto_focus_ctrl.py'...\n"}
[5.570864] (depthai_ros_msgs) StdoutLine: {'line': b"Compiling '/home/dronelab/vikram/slam-project/install/depthai_ros_msgs/local/lib/python3.10/dist-packages/depthai_ros_msgs/msg/_hand_landmark.py'...\n"}
[5.570897] (depthai_ros_msgs) StdoutLine: {'line': b"Compiling '/home/dronelab/vikram/slam-project/install/depthai_ros_msgs/local/lib/python3.10/dist-packages/depthai_ros_msgs/msg/_hand_landmark_array.py'...\n"}
[5.570929] (depthai_ros_msgs) StdoutLine: {'line': b"Compiling '/home/dronelab/vikram/slam-project/install/depthai_ros_msgs/local/lib/python3.10/dist-packages/depthai_ros_msgs/msg/_imu_with_magnetic_field.py'...\n"}
[5.570959] (depthai_ros_msgs) StdoutLine: {'line': b"Compiling '/home/dronelab/vikram/slam-project/install/depthai_ros_msgs/local/lib/python3.10/dist-packages/depthai_ros_msgs/msg/_spatial_detection.py'...\n"}
[5.570990] (depthai_ros_msgs) StdoutLine: {'line': b"Compiling '/home/dronelab/vikram/slam-project/install/depthai_ros_msgs/local/lib/python3.10/dist-packages/depthai_ros_msgs/msg/_spatial_detection_array.py'...\n"}
[5.571021] (depthai_ros_msgs) StdoutLine: {'line': b"Compiling '/home/dronelab/vikram/slam-project/install/depthai_ros_msgs/local/lib/python3.10/dist-packages/depthai_ros_msgs/msg/_track_detection2_d.py'...\n"}
[5.571054] (depthai_ros_msgs) StdoutLine: {'line': b"Compiling '/home/dronelab/vikram/slam-project/install/depthai_ros_msgs/local/lib/python3.10/dist-packages/depthai_ros_msgs/msg/_track_detection2_d_array.py'...\n"}
[5.571089] (depthai_ros_msgs) StdoutLine: {'line': b"Compiling '/home/dronelab/vikram/slam-project/install/depthai_ros_msgs/local/lib/python3.10/dist-packages/depthai_ros_msgs/msg/_tracked_feature.py'...\n"}
[5.571118] (depthai_ros_msgs) StdoutLine: {'line': b"Compiling '/home/dronelab/vikram/slam-project/install/depthai_ros_msgs/local/lib/python3.10/dist-packages/depthai_ros_msgs/msg/_tracked_features.py'...\n"}
[5.571147] (depthai_ros_msgs) StdoutLine: {'line': b"Listing '/home/dronelab/vikram/slam-project/install/depthai_ros_msgs/local/lib/python3.10/dist-packages/depthai_ros_msgs/srv'...\n"}
[5.571182] (depthai_ros_msgs) StdoutLine: {'line': b"Compiling '/home/dronelab/vikram/slam-project/install/depthai_ros_msgs/local/lib/python3.10/dist-packages/depthai_ros_msgs/srv/__init__.py'...\n"}
[5.571213] (depthai_ros_msgs) StdoutLine: {'line': b"Compiling '/home/dronelab/vikram/slam-project/install/depthai_ros_msgs/local/lib/python3.10/dist-packages/depthai_ros_msgs/srv/_normalized_image_crop.py'...\n"}
[5.571242] (depthai_ros_msgs) StdoutLine: {'line': b"Compiling '/home/dronelab/vikram/slam-project/install/depthai_ros_msgs/local/lib/python3.10/dist-packages/depthai_ros_msgs/srv/_set_local_transform.py'...\n"}
[5.571271] (depthai_ros_msgs) StdoutLine: {'line': b"Compiling '/home/dronelab/vikram/slam-project/install/depthai_ros_msgs/local/lib/python3.10/dist-packages/depthai_ros_msgs/srv/_trigger_named.py'...\n"}
[5.573880] (depthai_ros_msgs) StdoutLine: {'line': b'-- Installing: /home/dronelab/vikram/slam-project/install/depthai_ros_msgs/local/lib/python3.10/dist-packages/depthai_ros_msgs/depthai_ros_msgs_s__rosidl_typesupport_fastrtps_c.cpython-310-x86_64-linux-gnu.so\n'}
[5.573961] (depthai_ros_msgs) StdoutLine: {'line': b'-- Set runtime path of "/home/dronelab/vikram/slam-project/install/depthai_ros_msgs/local/lib/python3.10/dist-packages/depthai_ros_msgs/depthai_ros_msgs_s__rosidl_typesupport_fastrtps_c.cpython-310-x86_64-linux-gnu.so" to ""\n'}
[5.574034] (depthai_ros_msgs) StdoutLine: {'line': b'-- Installing: /home/dronelab/vikram/slam-project/install/depthai_ros_msgs/local/lib/python3.10/dist-packages/depthai_ros_msgs/depthai_ros_msgs_s__rosidl_typesupport_introspection_c.cpython-310-x86_64-linux-gnu.so\n'}
[5.574181] (depthai_ros_msgs) StdoutLine: {'line': b'-- Set runtime path of "/home/dronelab/vikram/slam-project/install/depthai_ros_msgs/local/lib/python3.10/dist-packages/depthai_ros_msgs/depthai_ros_msgs_s__rosidl_typesupport_introspection_c.cpython-310-x86_64-linux-gnu.so" to ""\n'}
[5.574222] (depthai_ros_msgs) StdoutLine: {'line': b'-- Installing: /home/dronelab/vikram/slam-project/install/depthai_ros_msgs/local/lib/python3.10/dist-packages/depthai_ros_msgs/depthai_ros_msgs_s__rosidl_typesupport_c.cpython-310-x86_64-linux-gnu.so\n'}
[5.574392] (depthai_ros_msgs) StdoutLine: {'line': b'-- Set runtime path of "/home/dronelab/vikram/slam-project/install/depthai_ros_msgs/local/lib/python3.10/dist-packages/depthai_ros_msgs/depthai_ros_msgs_s__rosidl_typesupport_c.cpython-310-x86_64-linux-gnu.so" to ""\n'}
[5.574425] (depthai_ros_msgs) StdoutLine: {'line': b'-- Installing: /home/dronelab/vikram/slam-project/install/depthai_ros_msgs/lib/libdepthai_ros_msgs__rosidl_generator_py.so\n'}
[5.574566] (depthai_ros_msgs) StdoutLine: {'line': b'-- Set runtime path of "/home/dronelab/vikram/slam-project/install/depthai_ros_msgs/lib/libdepthai_ros_msgs__rosidl_generator_py.so" to ""\n'}
[5.574618] (depthai_ros_msgs) StdoutLine: {'line': b'-- Installing: /home/dronelab/vikram/slam-project/install/depthai_ros_msgs/share/depthai_ros_msgs/msg/AutoFocusCtrl.idl\n'}
[5.574652] (depthai_ros_msgs) StdoutLine: {'line': b'-- Installing: /home/dronelab/vikram/slam-project/install/depthai_ros_msgs/share/depthai_ros_msgs/msg/HandLandmark.idl\n'}
[5.574705] (depthai_ros_msgs) StdoutLine: {'line': b'-- Installing: /home/dronelab/vikram/slam-project/install/depthai_ros_msgs/share/depthai_ros_msgs/msg/HandLandmarkArray.idl\n'}
[5.574738] (depthai_ros_msgs) StdoutLine: {'line': b'-- Installing: /home/dronelab/vikram/slam-project/install/depthai_ros_msgs/share/depthai_ros_msgs/msg/ImuWithMagneticField.idl\n'}
[5.574784] (depthai_ros_msgs) StdoutLine: {'line': b'-- Installing: /home/dronelab/vikram/slam-project/install/depthai_ros_msgs/share/depthai_ros_msgs/msg/TrackedFeature.idl\n'}
[5.574839] (depthai_ros_msgs) StdoutLine: {'line': b'-- Installing: /home/dronelab/vikram/slam-project/install/depthai_ros_msgs/share/depthai_ros_msgs/msg/TrackedFeatures.idl\n'}
[5.574873] (depthai_ros_msgs) StdoutLine: {'line': b'-- Installing: /home/dronelab/vikram/slam-project/install/depthai_ros_msgs/share/depthai_ros_msgs/msg/SpatialDetection.idl\n'}
[5.574918] (depthai_ros_msgs) StdoutLine: {'line': b'-- Installing: /home/dronelab/vikram/slam-project/install/depthai_ros_msgs/share/depthai_ros_msgs/msg/SpatialDetectionArray.idl\n'}
[5.574963] (depthai_ros_msgs) StdoutLine: {'line': b'-- Installing: /home/dronelab/vikram/slam-project/install/depthai_ros_msgs/share/depthai_ros_msgs/msg/TrackDetection2D.idl\n'}
[5.575008] (depthai_ros_msgs) StdoutLine: {'line': b'-- Installing: /home/dronelab/vikram/slam-project/install/depthai_ros_msgs/share/depthai_ros_msgs/msg/TrackDetection2DArray.idl\n'}
[5.575051] (depthai_ros_msgs) StdoutLine: {'line': b'-- Installing: /home/dronelab/vikram/slam-project/install/depthai_ros_msgs/share/depthai_ros_msgs/srv/SetLocalTransform.idl\n'}
[5.575098] (depthai_ros_msgs) StdoutLine: {'line': b'-- Installing: /home/dronelab/vikram/slam-project/install/depthai_ros_msgs/share/depthai_ros_msgs/srv/TriggerNamed.idl\n'}
[5.575149] (depthai_ros_msgs) StdoutLine: {'line': b'-- Installing: /home/dronelab/vikram/slam-project/install/depthai_ros_msgs/share/depthai_ros_msgs/srv/NormalizedImageCrop.idl\n'}
[5.575201] (depthai_ros_msgs) StdoutLine: {'line': b'-- Installing: /home/dronelab/vikram/slam-project/install/depthai_ros_msgs/share/depthai_ros_msgs/msg/AutoFocusCtrl.msg\n'}
[5.575251] (depthai_ros_msgs) StdoutLine: {'line': b'-- Installing: /home/dronelab/vikram/slam-project/install/depthai_ros_msgs/share/depthai_ros_msgs/msg/HandLandmark.msg\n'}
[5.575304] (depthai_ros_msgs) StdoutLine: {'line': b'-- Installing: /home/dronelab/vikram/slam-project/install/depthai_ros_msgs/share/depthai_ros_msgs/msg/HandLandmarkArray.msg\n'}
[5.575359] (depthai_ros_msgs) StdoutLine: {'line': b'-- Installing: /home/dronelab/vikram/slam-project/install/depthai_ros_msgs/share/depthai_ros_msgs/msg/ImuWithMagneticField.msg\n'}
[5.575406] (depthai_ros_msgs) StdoutLine: {'line': b'-- Installing: /home/dronelab/vikram/slam-project/install/depthai_ros_msgs/share/depthai_ros_msgs/msg/TrackedFeature.msg\n'}
[5.575459] (depthai_ros_msgs) StdoutLine: {'line': b'-- Installing: /home/dronelab/vikram/slam-project/install/depthai_ros_msgs/share/depthai_ros_msgs/msg/TrackedFeatures.msg\n'}
[5.575510] (depthai_ros_msgs) StdoutLine: {'line': b'-- Installing: /home/dronelab/vikram/slam-project/install/depthai_ros_msgs/share/depthai_ros_msgs/msg/SpatialDetection.msg\n'}
[5.575566] (depthai_ros_msgs) StdoutLine: {'line': b'-- Installing: /home/dronelab/vikram/slam-project/install/depthai_ros_msgs/share/depthai_ros_msgs/msg/SpatialDetectionArray.msg\n'}
[5.575613] (depthai_ros_msgs) StdoutLine: {'line': b'-- Installing: /home/dronelab/vikram/slam-project/install/depthai_ros_msgs/share/depthai_ros_msgs/msg/TrackDetection2D.msg\n'}
[5.575664] (depthai_ros_msgs) StdoutLine: {'line': b'-- Installing: /home/dronelab/vikram/slam-project/install/depthai_ros_msgs/share/depthai_ros_msgs/msg/TrackDetection2DArray.msg\n'}
[5.575717] (depthai_ros_msgs) StdoutLine: {'line': b'-- Installing: /home/dronelab/vikram/slam-project/install/depthai_ros_msgs/share/depthai_ros_msgs/srv/SetLocalTransform.srv\n'}
[5.575770] (depthai_ros_msgs) StdoutLine: {'line': b'-- Installing: /home/dronelab/vikram/slam-project/install/depthai_ros_msgs/share/depthai_ros_msgs/srv/SetLocalTransform_Request.msg\n'}
[5.575819] (depthai_ros_msgs) StdoutLine: {'line': b'-- Installing: /home/dronelab/vikram/slam-project/install/depthai_ros_msgs/share/depthai_ros_msgs/srv/SetLocalTransform_Response.msg\n'}
[5.575871] (depthai_ros_msgs) StdoutLine: {'line': b'-- Installing: /home/dronelab/vikram/slam-project/install/depthai_ros_msgs/share/depthai_ros_msgs/srv/TriggerNamed.srv\n'}
[5.575922] (depthai_ros_msgs) StdoutLine: {'line': b'-- Installing: /home/dronelab/vikram/slam-project/install/depthai_ros_msgs/share/depthai_ros_msgs/srv/TriggerNamed_Request.msg\n'}
[5.575978] (depthai_ros_msgs) StdoutLine: {'line': b'-- Installing: /home/dronelab/vikram/slam-project/install/depthai_ros_msgs/share/depthai_ros_msgs/srv/TriggerNamed_Response.msg\n'}
[5.576026] (depthai_ros_msgs) StdoutLine: {'line': b'-- Installing: /home/dronelab/vikram/slam-project/install/depthai_ros_msgs/share/depthai_ros_msgs/srv/NormalizedImageCrop.srv\n'}
[5.576076] (depthai_ros_msgs) StdoutLine: {'line': b'-- Installing: /home/dronelab/vikram/slam-project/install/depthai_ros_msgs/share/depthai_ros_msgs/srv/NormalizedImageCrop_Request.msg\n'}
[5.576129] (depthai_ros_msgs) StdoutLine: {'line': b'-- Installing: /home/dronelab/vikram/slam-project/install/depthai_ros_msgs/share/depthai_ros_msgs/srv/NormalizedImageCrop_Response.msg\n'}
[5.576209] (depthai_ros_msgs) StdoutLine: {'line': b'-- Installing: /home/dronelab/vikram/slam-project/install/depthai_ros_msgs/share/ament_index/resource_index/package_run_dependencies/depthai_ros_msgs\n'}
[5.576274] (depthai_ros_msgs) StdoutLine: {'line': b'-- Installing: /home/dronelab/vikram/slam-project/install/depthai_ros_msgs/share/ament_index/resource_index/parent_prefix_path/depthai_ros_msgs\n'}
[5.576328] (depthai_ros_msgs) StdoutLine: {'line': b'-- Installing: /home/dronelab/vikram/slam-project/install/depthai_ros_msgs/share/depthai_ros_msgs/environment/ament_prefix_path.sh\n'}
[5.576384] (depthai_ros_msgs) StdoutLine: {'line': b'-- Installing: /home/dronelab/vikram/slam-project/install/depthai_ros_msgs/share/depthai_ros_msgs/environment/ament_prefix_path.dsv\n'}
[5.576442] (depthai_ros_msgs) StdoutLine: {'line': b'-- Installing: /home/dronelab/vikram/slam-project/install/depthai_ros_msgs/share/depthai_ros_msgs/environment/path.sh\n'}
[5.576493] (depthai_ros_msgs) StdoutLine: {'line': b'-- Installing: /home/dronelab/vikram/slam-project/install/depthai_ros_msgs/share/depthai_ros_msgs/environment/path.dsv\n'}
[5.576545] (depthai_ros_msgs) StdoutLine: {'line': b'-- Installing: /home/dronelab/vikram/slam-project/install/depthai_ros_msgs/share/depthai_ros_msgs/local_setup.bash\n'}
[5.576599] (depthai_ros_msgs) StdoutLine: {'line': b'-- Installing: /home/dronelab/vikram/slam-project/install/depthai_ros_msgs/share/depthai_ros_msgs/local_setup.sh\n'}
[5.576658] (depthai_ros_msgs) StdoutLine: {'line': b'-- Installing: /home/dronelab/vikram/slam-project/install/depthai_ros_msgs/share/depthai_ros_msgs/local_setup.zsh\n'}
[5.576704] (depthai_ros_msgs) StdoutLine: {'line': b'-- Installing: /home/dronelab/vikram/slam-project/install/depthai_ros_msgs/share/depthai_ros_msgs/local_setup.dsv\n'}
[5.576755] (depthai_ros_msgs) StdoutLine: {'line': b'-- Installing: /home/dronelab/vikram/slam-project/install/depthai_ros_msgs/share/depthai_ros_msgs/package.dsv\n'}
[5.576825] (depthai_ros_msgs) StdoutLine: {'line': b'-- Installing: /home/dronelab/vikram/slam-project/install/depthai_ros_msgs/share/ament_index/resource_index/packages/depthai_ros_msgs\n'}
[5.576906] (depthai_ros_msgs) StdoutLine: {'line': b'-- Installing: /home/dronelab/vikram/slam-project/install/depthai_ros_msgs/share/depthai_ros_msgs/cmake/export_depthai_ros_msgs__rosidl_generator_cExport.cmake\n'}
[5.576963] (depthai_ros_msgs) StdoutLine: {'line': b'-- Installing: /home/dronelab/vikram/slam-project/install/depthai_ros_msgs/share/depthai_ros_msgs/cmake/export_depthai_ros_msgs__rosidl_generator_cExport-noconfig.cmake\n'}
[5.577023] (depthai_ros_msgs) StdoutLine: {'line': b'-- Installing: /home/dronelab/vikram/slam-project/install/depthai_ros_msgs/share/depthai_ros_msgs/cmake/export_depthai_ros_msgs__rosidl_typesupport_fastrtps_cExport.cmake\n'}
[5.577083] (depthai_ros_msgs) StdoutLine: {'line': b'-- Installing: /home/dronelab/vikram/slam-project/install/depthai_ros_msgs/share/depthai_ros_msgs/cmake/export_depthai_ros_msgs__rosidl_typesupport_fastrtps_cExport-noconfig.cmake\n'}
[5.577149] (depthai_ros_msgs) StdoutLine: {'line': b'-- Installing: /home/dronelab/vikram/slam-project/install/depthai_ros_msgs/share/depthai_ros_msgs/cmake/export_depthai_ros_msgs__rosidl_generator_cppExport.cmake\n'}
[5.577208] (depthai_ros_msgs) StdoutLine: {'line': b'-- Installing: /home/dronelab/vikram/slam-project/install/depthai_ros_msgs/share/depthai_ros_msgs/cmake/export_depthai_ros_msgs__rosidl_typesupport_fastrtps_cppExport.cmake\n'}
[5.577266] (depthai_ros_msgs) StdoutLine: {'line': b'-- Installing: /home/dronelab/vikram/slam-project/install/depthai_ros_msgs/share/depthai_ros_msgs/cmake/export_depthai_ros_msgs__rosidl_typesupport_fastrtps_cppExport-noconfig.cmake\n'}
[5.577331] (depthai_ros_msgs) StdoutLine: {'line': b'-- Installing: /home/dronelab/vikram/slam-project/install/depthai_ros_msgs/share/depthai_ros_msgs/cmake/depthai_ros_msgs__rosidl_typesupport_introspection_cExport.cmake\n'}
[5.577390] (depthai_ros_msgs) StdoutLine: {'line': b'-- Installing: /home/dronelab/vikram/slam-project/install/depthai_ros_msgs/share/depthai_ros_msgs/cmake/depthai_ros_msgs__rosidl_typesupport_introspection_cExport-noconfig.cmake\n'}
[5.577446] (depthai_ros_msgs) StdoutLine: {'line': b'-- Installing: /home/dronelab/vikram/slam-project/install/depthai_ros_msgs/share/depthai_ros_msgs/cmake/depthai_ros_msgs__rosidl_typesupport_cExport.cmake\n'}
[5.577504] (depthai_ros_msgs) StdoutLine: {'line': b'-- Installing: /home/dronelab/vikram/slam-project/install/depthai_ros_msgs/share/depthai_ros_msgs/cmake/depthai_ros_msgs__rosidl_typesupport_cExport-noconfig.cmake\n'}
[5.577569] (depthai_ros_msgs) StdoutLine: {'line': b'-- Installing: /home/dronelab/vikram/slam-project/install/depthai_ros_msgs/share/depthai_ros_msgs/cmake/depthai_ros_msgs__rosidl_typesupport_introspection_cppExport.cmake\n'}
[5.577628] (depthai_ros_msgs) StdoutLine: {'line': b'-- Installing: /home/dronelab/vikram/slam-project/install/depthai_ros_msgs/share/depthai_ros_msgs/cmake/depthai_ros_msgs__rosidl_typesupport_introspection_cppExport-noconfig.cmake\n'}
[5.577682] (depthai_ros_msgs) StdoutLine: {'line': b'-- Installing: /home/dronelab/vikram/slam-project/install/depthai_ros_msgs/share/depthai_ros_msgs/cmake/depthai_ros_msgs__rosidl_typesupport_cppExport.cmake\n'}
[5.577738] (depthai_ros_msgs) StdoutLine: {'line': b'-- Installing: /home/dronelab/vikram/slam-project/install/depthai_ros_msgs/share/depthai_ros_msgs/cmake/depthai_ros_msgs__rosidl_typesupport_cppExport-noconfig.cmake\n'}
[5.577801] (depthai_ros_msgs) StdoutLine: {'line': b'-- Installing: /home/dronelab/vikram/slam-project/install/depthai_ros_msgs/share/depthai_ros_msgs/cmake/export_depthai_ros_msgs__rosidl_generator_pyExport.cmake\n'}
[5.577863] (depthai_ros_msgs) StdoutLine: {'line': b'-- Installing: /home/dronelab/vikram/slam-project/install/depthai_ros_msgs/share/depthai_ros_msgs/cmake/export_depthai_ros_msgs__rosidl_generator_pyExport-noconfig.cmake\n'}
[5.577916] (depthai_ros_msgs) StdoutLine: {'line': b'-- Installing: /home/dronelab/vikram/slam-project/install/depthai_ros_msgs/share/depthai_ros_msgs/cmake/rosidl_cmake-extras.cmake\n'}
[5.577970] (depthai_ros_msgs) StdoutLine: {'line': b'-- Installing: /home/dronelab/vikram/slam-project/install/depthai_ros_msgs/share/depthai_ros_msgs/cmake/ament_cmake_export_dependencies-extras.cmake\n'}
[5.578031] (depthai_ros_msgs) StdoutLine: {'line': b'-- Installing: /home/dronelab/vikram/slam-project/install/depthai_ros_msgs/share/depthai_ros_msgs/cmake/ament_cmake_export_include_directories-extras.cmake\n'}
[5.578089] (depthai_ros_msgs) StdoutLine: {'line': b'-- Installing: /home/dronelab/vikram/slam-project/install/depthai_ros_msgs/share/depthai_ros_msgs/cmake/ament_cmake_export_libraries-extras.cmake\n'}
[5.578139] (depthai_ros_msgs) StdoutLine: {'line': b'-- Installing: /home/dronelab/vikram/slam-project/install/depthai_ros_msgs/share/depthai_ros_msgs/cmake/ament_cmake_export_targets-extras.cmake\n'}
[5.578194] (depthai_ros_msgs) StdoutLine: {'line': b'-- Installing: /home/dronelab/vikram/slam-project/install/depthai_ros_msgs/share/depthai_ros_msgs/cmake/rosidl_cmake_export_typesupport_targets-extras.cmake\n'}
[5.578254] (depthai_ros_msgs) StdoutLine: {'line': b'-- Installing: /home/dronelab/vikram/slam-project/install/depthai_ros_msgs/share/depthai_ros_msgs/cmake/rosidl_cmake_export_typesupport_libraries-extras.cmake\n'}
[5.578313] (depthai_ros_msgs) StdoutLine: {'line': b'-- Installing: /home/dronelab/vikram/slam-project/install/depthai_ros_msgs/share/depthai_ros_msgs/cmake/depthai_ros_msgsConfig.cmake\n'}
[5.578356] (depthai_ros_msgs) StdoutLine: {'line': b'-- Installing: /home/dronelab/vikram/slam-project/install/depthai_ros_msgs/share/depthai_ros_msgs/cmake/depthai_ros_msgsConfig-version.cmake\n'}
[5.578396] (depthai_ros_msgs) StdoutLine: {'line': b'-- Installing: /home/dronelab/vikram/slam-project/install/depthai_ros_msgs/share/depthai_ros_msgs/package.xml\n'}
[5.579939] (depthai_ros_msgs) CommandEnded: {'returncode': 0}
[5.611527] (-) TimerEvent: {}
[5.711866] (-) TimerEvent: {}
[5.812183] (-) TimerEvent: {}
[5.912488] (-) TimerEvent: {}
[6.012780] (-) TimerEvent: {}
[6.031627] (depthai_ros_msgs) JobEnded: {'identifier': 'depthai_ros_msgs', 'rc': 0}
[6.033414] (depthai_bridge) JobStarted: {'identifier': 'depthai_bridge'}
[6.036757] (depthai_filters) JobStarted: {'identifier': 'depthai_filters'}
[6.041860] (depthai_bridge) JobProgress: {'identifier': 'depthai_bridge', 'progress': 'cmake'}
[6.042051] (depthai_bridge) Command: {'cmd': ['/usr/bin/cmake', '/home/dronelab/vikram/slam-project/src/depthai_bridge', '-DCMAKE_INSTALL_PREFIX=/home/dronelab/vikram/slam-project/install/depthai_bridge'], 'cwd': '/home/dronelab/vikram/slam-project/build/depthai_bridge', 'env': OrderedDict([('LESSOPEN', '| /usr/bin/lesspipe %s'), ('USER', 'dronelab'), ('XDG_SESSION_TYPE', 'x11'), ('SHLVL', '1'), ('LD_LIBRARY_PATH', '/home/dronelab/vikram/slam-project/install/depthai_ros_msgs/lib:/opt/ros/humble/opt/rviz_ogre_vendor/lib:/opt/ros/humble/lib/x86_64-linux-gnu:/opt/ros/humble/lib:/lib:/usr/lib:/usr/lib32:/usr/lib64:/usr/lib/x86_64-linux-gnu:/home/dronelab/ros2_ws/build/hesai_ros_driver/src/driver/HesaiLidar_SDK_2.0/libhesai/'), ('HOME', '/home/dronelab'), ('OLDPWD', '/home/dronelab/vikram'), ('DESKTOP_SESSION', 'ubuntu'), ('NVM_BIN', '/home/dronelab/.nvm/versions/node/v24.11.1/bin'), ('NVM_INC', '/home/dronelab/.nvm/versions/node/v24.11.1/include/node'), ('ROS_PYTHON_VERSION', '3'), ('GNOME_SHELL_SESSION_MODE', 'ubuntu'), ('GTK_MODULES', 'gail:atk-bridge'), ('SYSTEMD_EXEC_PID', '1932'), ('DBUS_SESSION_BUS_ADDRESS', 'unix:path=/run/user/1000/bus'), ('COLORTERM', 'truecolor'), ('NVM_DIR', '/home/dronelab/.nvm'), ('IM_CONFIG_PHASE', '1'), ('ROS_DISTRO', 'humble'), ('GTK_IM_MODULE', 'ibus'), ('LOGNAME', 'dronelab'), ('_', '/usr/bin/colcon'), ('ROS_VERSION', '2'), ('XDG_SESSION_CLASS', 'user'), ('USERNAME', 'dronelab'), ('TERM', 'xterm-256color'), ('GNOME_DESKTOP_SESSION_ID', 'this-is-deprecated'), ('ROS_LOCALHOST_ONLY', '0'), ('WINDOWPATH', '2'), ('PATH', '/home/dronelab/.nvm/versions/node/v24.11.1/bin:/opt/ros/humble/bin:/home/dronelab/.local/bin:/usr/local/sbin:/usr/local/bin:/usr/sbin:/usr/bin:/sbin:/bin:/usr/games:/usr/local/games:/snap/bin:/snap/bin'), ('SESSION_MANAGER', 'local/dambot-mini:@/tmp/.ICE-unix/1689,unix/dambot-mini:/tmp/.ICE-unix/1689'), ('XDG_MENU_PREFIX', 'gnome-'), ('GNOME_TERMINAL_SCREEN', '/org/gnome/Terminal/screen/89d79876_c8a4_463f_9ff8_871092252771'), ('XDG_RUNTIME_DIR', '/run/user/1000'), ('DISPLAY', ':0'), ('LANG', 'en_US.UTF-8'), ('XDG_CURRENT_DESKTOP', 'ubuntu:GNOME'), ('XMODIFIERS', '@im=ibus'), ('XDG_SESSION_DESKTOP', 'ubuntu'), ('XAUTHORITY', '/run/user/1000/gdm/Xauthority'), ('LS_COLORS', 'rs=0:di=01;34:ln=01;36:mh=00:pi=40;33:so=01;35:do=01;35:bd=40;33;01:cd=40;33;01:or=40;31;01:mi=00:su=37;41:sg=30;43:ca=30;41:tw=30;42:ow=34;42:st=37;44:ex=01;32:*.tar=01;31:*.tgz=01;31:*.arc=01;31:*.arj=01;31:*.taz=01;31:*.lha=01;31:*.lz4=01;31:*.lzh=01;31:*.lzma=01;31:*.tlz=01;31:*.txz=01;31:*.tzo=01;31:*.t7z=01;31:*.zip=01;31:*.z=01;31:*.dz=01;31:*.gz=01;31:*.lrz=01;31:*.lz=01;31:*.lzo=01;31:*.xz=01;31:*.zst=01;31:*.tzst=01;31:*.bz2=01;31:*.bz=01;31:*.tbz=01;31:*.tbz2=01;31:*.tz=01;31:*.deb=01;31:*.rpm=01;31:*.jar=01;31:*.war=01;31:*.ear=01;31:*.sar=01;31:*.rar=01;31:*.alz=01;31:*.ace=01;31:*.zoo=01;31:*.cpio=01;31:*.7z=01;31:*.rz=01;31:*.cab=01;31:*.wim=01;31:*.swm=01;31:*.dwm=01;31:*.esd=01;31:*.jpg=01;35:*.jpeg=01;35:*.mjpg=01;35:*.mjpeg=01;35:*.gif=01;35:*.bmp=01;35:*.pbm=01;35:*.pgm=01;35:*.ppm=01;35:*.tga=01;35:*.xbm=01;35:*.xpm=01;35:*.tif=01;35:*.tiff=01;35:*.png=01;35:*.svg=01;35:*.svgz=01;35:*.mng=01;35:*.pcx=01;35:*.mov=01;35:*.mpg=01;35:*.mpeg=01;35:*.m2v=01;35:*.mkv=01;35:*.webm=01;35:*.webp=01;35:*.ogm=01;35:*.mp4=01;35:*.m4v=01;35:*.mp4v=01;35:*.vob=01;35:*.qt=01;35:*.nuv=01;35:*.wmv=01;35:*.asf=01;35:*.rm=01;35:*.rmvb=01;35:*.flc=01;35:*.avi=01;35:*.fli=01;35:*.flv=01;35:*.gl=01;35:*.dl=01;35:*.xcf=01;35:*.xwd=01;35:*.yuv=01;35:*.cgm=01;35:*.emf=01;35:*.ogv=01;35:*.ogx=01;35:*.aac=00;36:*.au=00;36:*.flac=00;36:*.m4a=00;36:*.mid=00;36:*.midi=00;36:*.mka=00;36:*.mp3=00;36:*.mpc=00;36:*.ogg=00;36:*.ra=00;36:*.wav=00;36:*.oga=00;36:*.opus=00;36:*.spx=00;36:*.xspf=00;36:'), ('GNOME_TERMINAL_SERVICE', ':1.316'), ('SSH_AGENT_LAUNCHER', 'gnome-keyring'), ('SSH_AUTH_SOCK', '/run/user/1000/keyring/ssh'), ('AMENT_PREFIX_PATH', '/home/dronelab/vikram/slam-project/install/depthai_ros_msgs:/opt/ros/humble'), ('SHELL', '/bin/bash'), ('QT_ACCESSIBILITY', '1'), ('GDMSESSION', 'ubuntu'), ('LESSCLOSE', '/usr/bin/lesspipe %s %s'), ('GPG_AGENT_INFO', '/run/user/1000/gnupg/S.gpg-agent:0:1'), ('QT_IM_MODULE', 'ibus'), ('PWD', '/home/dronelab/vikram/slam-project/build/depthai_bridge'), ('QT_QPA_PLATFORM', 'xcb'), ('LC_ALL', 'en_US.UTF-8'), ('XDG_CONFIG_DIRS', '/etc/xdg/xdg-ubuntu:/etc/xdg'), ('NVM_CD_FLAGS', ''), ('XDG_DATA_DIRS', '/usr/share/ubuntu:/usr/share/gnome:/usr/local/share/:/usr/share/:/var/lib/snapd/desktop'), ('PYTHONPATH', '/home/dronelab/vikram/slam-project/install/depthai_ros_msgs/local/lib/python3.10/dist-packages:/opt/ros/humble/lib/python3.10/site-packages:/opt/ros/humble/local/lib/python3.10/dist-packages'), ('COLCON', '1'), ('VTE_VERSION', '6800'), ('CMAKE_PREFIX_PATH', '/home/dronelab/vikram/slam-project/install/depthai_ros_msgs:/opt/ros/humble')]), 'shell': False}
[6.043965] (depthai_filters) JobProgress: {'identifier': 'depthai_filters', 'progress': 'cmake'}
[6.044181] (depthai_filters) Command: {'cmd': ['/usr/bin/cmake', '/home/dronelab/vikram/slam-project/src/depthai_filters', '-DCMAKE_INSTALL_PREFIX=/home/dronelab/vikram/slam-project/install/depthai_filters'], 'cwd': '/home/dronelab/vikram/slam-project/build/depthai_filters', 'env': OrderedDict([('LESSOPEN', '| /usr/bin/lesspipe %s'), ('USER', 'dronelab'), ('XDG_SESSION_TYPE', 'x11'), ('SHLVL', '1'), ('LD_LIBRARY_PATH', '/home/dronelab/vikram/slam-project/install/depthai_ros_msgs/lib:/opt/ros/humble/opt/rviz_ogre_vendor/lib:/opt/ros/humble/lib/x86_64-linux-gnu:/opt/ros/humble/lib:/lib:/usr/lib:/usr/lib32:/usr/lib64:/usr/lib/x86_64-linux-gnu:/home/dronelab/ros2_ws/build/hesai_ros_driver/src/driver/HesaiLidar_SDK_2.0/libhesai/'), ('HOME', '/home/dronelab'), ('OLDPWD', '/home/dronelab/vikram'), ('DESKTOP_SESSION', 'ubuntu'), ('NVM_BIN', '/home/dronelab/.nvm/versions/node/v24.11.1/bin'), ('NVM_INC', '/home/dronelab/.nvm/versions/node/v24.11.1/include/node'), ('ROS_PYTHON_VERSION', '3'), ('GNOME_SHELL_SESSION_MODE', 'ubuntu'), ('GTK_MODULES', 'gail:atk-bridge'), ('SYSTEMD_EXEC_PID', '1932'), ('DBUS_SESSION_BUS_ADDRESS', 'unix:path=/run/user/1000/bus'), ('COLORTERM', 'truecolor'), ('NVM_DIR', '/home/dronelab/.nvm'), ('IM_CONFIG_PHASE', '1'), ('ROS_DISTRO', 'humble'), ('GTK_IM_MODULE', 'ibus'), ('LOGNAME', 'dronelab'), ('_', '/usr/bin/colcon'), ('ROS_VERSION', '2'), ('XDG_SESSION_CLASS', 'user'), ('USERNAME', 'dronelab'), ('TERM', 'xterm-256color'), ('GNOME_DESKTOP_SESSION_ID', 'this-is-deprecated'), ('ROS_LOCALHOST_ONLY', '0'), ('WINDOWPATH', '2'), ('PATH', '/home/dronelab/.nvm/versions/node/v24.11.1/bin:/opt/ros/humble/bin:/home/dronelab/.local/bin:/usr/local/sbin:/usr/local/bin:/usr/sbin:/usr/bin:/sbin:/bin:/usr/games:/usr/local/games:/snap/bin:/snap/bin'), ('SESSION_MANAGER', 'local/dambot-mini:@/tmp/.ICE-unix/1689,unix/dambot-mini:/tmp/.ICE-unix/1689'), ('XDG_MENU_PREFIX', 'gnome-'), ('GNOME_TERMINAL_SCREEN', '/org/gnome/Terminal/screen/89d79876_c8a4_463f_9ff8_871092252771'), ('XDG_RUNTIME_DIR', '/run/user/1000'), ('DISPLAY', ':0'), ('LANG', 'en_US.UTF-8'), ('XDG_CURRENT_DESKTOP', 'ubuntu:GNOME'), ('XMODIFIERS', '@im=ibus'), ('XDG_SESSION_DESKTOP', 'ubuntu'), ('XAUTHORITY', '/run/user/1000/gdm/Xauthority'), ('LS_COLORS', 'rs=0:di=01;34:ln=01;36:mh=00:pi=40;33:so=01;35:do=01;35:bd=40;33;01:cd=40;33;01:or=40;31;01:mi=00:su=37;41:sg=30;43:ca=30;41:tw=30;42:ow=34;42:st=37;44:ex=01;32:*.tar=01;31:*.tgz=01;31:*.arc=01;31:*.arj=01;31:*.taz=01;31:*.lha=01;31:*.lz4=01;31:*.lzh=01;31:*.lzma=01;31:*.tlz=01;31:*.txz=01;31:*.tzo=01;31:*.t7z=01;31:*.zip=01;31:*.z=01;31:*.dz=01;31:*.gz=01;31:*.lrz=01;31:*.lz=01;31:*.lzo=01;31:*.xz=01;31:*.zst=01;31:*.tzst=01;31:*.bz2=01;31:*.bz=01;31:*.tbz=01;31:*.tbz2=01;31:*.tz=01;31:*.deb=01;31:*.rpm=01;31:*.jar=01;31:*.war=01;31:*.ear=01;31:*.sar=01;31:*.rar=01;31:*.alz=01;31:*.ace=01;31:*.zoo=01;31:*.cpio=01;31:*.7z=01;31:*.rz=01;31:*.cab=01;31:*.wim=01;31:*.swm=01;31:*.dwm=01;31:*.esd=01;31:*.jpg=01;35:*.jpeg=01;35:*.mjpg=01;35:*.mjpeg=01;35:*.gif=01;35:*.bmp=01;35:*.pbm=01;35:*.pgm=01;35:*.ppm=01;35:*.tga=01;35:*.xbm=01;35:*.xpm=01;35:*.tif=01;35:*.tiff=01;35:*.png=01;35:*.svg=01;35:*.svgz=01;35:*.mng=01;35:*.pcx=01;35:*.mov=01;35:*.mpg=01;35:*.mpeg=01;35:*.m2v=01;35:*.mkv=01;35:*.webm=01;35:*.webp=01;35:*.ogm=01;35:*.mp4=01;35:*.m4v=01;35:*.mp4v=01;35:*.vob=01;35:*.qt=01;35:*.nuv=01;35:*.wmv=01;35:*.asf=01;35:*.rm=01;35:*.rmvb=01;35:*.flc=01;35:*.avi=01;35:*.fli=01;35:*.flv=01;35:*.gl=01;35:*.dl=01;35:*.xcf=01;35:*.xwd=01;35:*.yuv=01;35:*.cgm=01;35:*.emf=01;35:*.ogv=01;35:*.ogx=01;35:*.aac=00;36:*.au=00;36:*.flac=00;36:*.m4a=00;36:*.mid=00;36:*.midi=00;36:*.mka=00;36:*.mp3=00;36:*.mpc=00;36:*.ogg=00;36:*.ra=00;36:*.wav=00;36:*.oga=00;36:*.opus=00;36:*.spx=00;36:*.xspf=00;36:'), ('GNOME_TERMINAL_SERVICE', ':1.316'), ('SSH_AGENT_LAUNCHER', 'gnome-keyring'), ('SSH_AUTH_SOCK', '/run/user/1000/keyring/ssh'), ('AMENT_PREFIX_PATH', '/home/dronelab/vikram/slam-project/install/depthai_ros_msgs:/opt/ros/humble'), ('SHELL', '/bin/bash'), ('QT_ACCESSIBILITY', '1'), ('GDMSESSION', 'ubuntu'), ('LESSCLOSE', '/usr/bin/lesspipe %s %s'), ('GPG_AGENT_INFO', '/run/user/1000/gnupg/S.gpg-agent:0:1'), ('QT_IM_MODULE', 'ibus'), ('PWD', '/home/dronelab/vikram/slam-project/build/depthai_filters'), ('QT_QPA_PLATFORM', 'xcb'), ('LC_ALL', 'en_US.UTF-8'), ('XDG_CONFIG_DIRS', '/etc/xdg/xdg-ubuntu:/etc/xdg'), ('NVM_CD_FLAGS', ''), ('XDG_DATA_DIRS', '/usr/share/ubuntu:/usr/share/gnome:/usr/local/share/:/usr/share/:/var/lib/snapd/desktop'), ('PYTHONPATH', '/home/dronelab/vikram/slam-project/install/depthai_ros_msgs/local/lib/python3.10/dist-packages:/opt/ros/humble/lib/python3.10/site-packages:/opt/ros/humble/local/lib/python3.10/dist-packages'), ('COLCON', '1'), ('VTE_VERSION', '6800'), ('CMAKE_PREFIX_PATH', '/home/dronelab/vikram/slam-project/install/depthai_ros_msgs:/opt/ros/humble')]), 'shell': False}
[6.107714] (depthai_bridge) StdoutLine: {'line': b'-- The CXX compiler identification is GNU 11.4.0\n'}
[6.111482] (depthai_filters) StdoutLine: {'line': b'-- The CXX compiler identification is GNU 11.4.0\n'}
[6.112837] (-) TimerEvent: {}
[6.141011] (depthai_bridge) StdoutLine: {'line': b'-- The C compiler identification is GNU 11.4.0\n'}
[6.145836] (depthai_filters) StdoutLine: {'line': b'-- The C compiler identification is GNU 11.4.0\n'}
[6.146975] (depthai_bridge) StdoutLine: {'line': b'-- Detecting CXX compiler ABI info\n'}
[6.153688] (depthai_filters) StdoutLine: {'line': b'-- Detecting CXX compiler ABI info\n'}
[6.212980] (-) TimerEvent: {}
[6.233627] (depthai_bridge) StdoutLine: {'line': b'-- Detecting CXX compiler ABI info - done\n'}
[6.236039] (depthai_filters) StdoutLine: {'line': b'-- Detecting CXX compiler ABI info - done\n'}
[6.240218] (depthai_bridge) StdoutLine: {'line': b'-- Check for working CXX compiler: /usr/bin/c++ - skipped\n'}
[6.240456] (depthai_bridge) StdoutLine: {'line': b'-- Detecting CXX compile features\n'}
[6.240888] (depthai_bridge) StdoutLine: {'line': b'-- Detecting CXX compile features - done\n'}
[6.241841] (depthai_filters) StdoutLine: {'line': b'-- Check for working CXX compiler: /usr/bin/c++ - skipped\n'}
[6.242154] (depthai_filters) StdoutLine: {'line': b'-- Detecting CXX compile features\n'}
[6.242627] (depthai_filters) StdoutLine: {'line': b'-- Detecting CXX compile features - done\n'}
[6.243908] (depthai_bridge) StdoutLine: {'line': b'-- Detecting C compiler ABI info\n'}
[6.245878] (depthai_filters) StdoutLine: {'line': b'-- Detecting C compiler ABI info\n'}
[6.313158] (-) TimerEvent: {}
[6.324404] (depthai_bridge) StdoutLine: {'line': b'-- Detecting C compiler ABI info - done\n'}
[6.327365] (depthai_filters) StdoutLine: {'line': b'-- Detecting C compiler ABI info - done\n'}
[6.329405] (depthai_bridge) StdoutLine: {'line': b'-- Check for working C compiler: /usr/bin/cc - skipped\n'}
[6.329595] (depthai_bridge) StdoutLine: {'line': b'-- Detecting C compile features\n'}
[6.329867] (depthai_bridge) StdoutLine: {'line': b'-- Detecting C compile features - done\n'}
[6.331246] (depthai_bridge) StdoutLine: {'line': b'-- Found ament_index_cpp: 1.4.0 (/opt/ros/humble/share/ament_index_cpp/cmake)\n'}
[6.332607] (depthai_bridge) StdoutLine: {'line': b'-- Found camera_info_manager: 3.1.9 (/opt/ros/humble/share/camera_info_manager/cmake)\n'}
[6.336049] (depthai_filters) StdoutLine: {'line': b'-- Check for working C compiler: /usr/bin/cc - skipped\n'}
[6.336330] (depthai_filters) StdoutLine: {'line': b'-- Detecting C compile features\n'}
[6.336541] (depthai_filters) StdoutLine: {'line': b'-- Detecting C compile features - done\n'}
[6.337691] (depthai_filters) StdoutLine: {'line': b'-- Found ament_cmake_auto: 1.3.9 (/opt/ros/humble/share/ament_cmake_auto/cmake)\n'}
[6.413347] (-) TimerEvent: {}
[6.438379] (depthai_bridge) StdoutLine: {'line': b'-- Found Python3: /usr/bin/python3 (found version "3.10.12") found components: Interpreter \n'}
[6.447496] (depthai_filters) StdoutLine: {'line': b'-- Found Python3: /usr/bin/python3 (found version "3.10.12") found components: Interpreter \n'}
[6.513561] (-) TimerEvent: {}
[6.526526] (depthai_bridge) StdoutLine: {'line': b'-- Found rosidl_generator_c: 3.1.5 (/opt/ros/humble/share/rosidl_generator_c/cmake)\n'}
[6.529374] (depthai_bridge) StdoutLine: {'line': b'-- Found rosidl_adapter: 3.1.5 (/opt/ros/humble/share/rosidl_adapter/cmake)\n'}
[6.534518] (depthai_bridge) StdoutLine: {'line': b'-- Found rosidl_generator_cpp: 3.1.5 (/opt/ros/humble/share/rosidl_generator_cpp/cmake)\n'}
[6.542483] (depthai_bridge) StdoutLine: {'line': b'-- Using all available rosidl_typesupport_c: rosidl_typesupport_fastrtps_c;rosidl_typesupport_introspection_c\n'}
[6.554292] (depthai_bridge) StdoutLine: {'line': b'-- Using all available rosidl_typesupport_cpp: rosidl_typesupport_fastrtps_cpp;rosidl_typesupport_introspection_cpp\n'}
[6.567995] (depthai_filters) StdoutLine: {'line': b'-- Found rosidl_generator_c: 3.1.5 (/opt/ros/humble/share/rosidl_generator_c/cmake)\n'}
[6.570846] (depthai_filters) StdoutLine: {'line': b'-- Found rosidl_adapter: 3.1.5 (/opt/ros/humble/share/rosidl_adapter/cmake)\n'}
[6.575767] (depthai_filters) StdoutLine: {'line': b'-- Found rosidl_generator_cpp: 3.1.5 (/opt/ros/humble/share/rosidl_generator_cpp/cmake)\n'}
[6.584025] (depthai_filters) StdoutLine: {'line': b'-- Using all available rosidl_typesupport_c: rosidl_typesupport_fastrtps_c;rosidl_typesupport_introspection_c\n'}
[6.595716] (depthai_filters) StdoutLine: {'line': b'-- Using all available rosidl_typesupport_cpp: rosidl_typesupport_fastrtps_cpp;rosidl_typesupport_introspection_cpp\n'}
[6.596899] (depthai_bridge) StdoutLine: {'line': b'-- Found rmw_implementation_cmake: 6.1.2 (/opt/ros/humble/share/rmw_implementation_cmake/cmake)\n'}
[6.598391] (depthai_bridge) StdoutLine: {'line': b'-- Found rmw_fastrtps_cpp: 6.2.6 (/opt/ros/humble/share/rmw_fastrtps_cpp/cmake)\n'}
[6.613708] (-) TimerEvent: {}
[6.667017] (depthai_bridge) StdoutLine: {'line': b'-- Found OpenSSL: /usr/lib/x86_64-linux-gnu/libcrypto.so (found version "3.0.2")  \n'}
[6.686842] (depthai_bridge) StdoutLine: {'line': b'-- Found FastRTPS: /opt/ros/humble/include  \n'}
[6.713830] (-) TimerEvent: {}
[6.718332] (depthai_bridge) StdoutLine: {'line': b"-- Using RMW implementation 'rmw_fastrtps_cpp' as default\n"}
[6.723945] (depthai_bridge) StdoutLine: {'line': b'-- Looking for pthread.h\n'}
[6.765906] (depthai_filters) StdoutLine: {'line': b'-- Found rmw_implementation_cmake: 6.1.2 (/opt/ros/humble/share/rmw_implementation_cmake/cmake)\n'}
[6.767487] (depthai_filters) StdoutLine: {'line': b'-- Found rmw_fastrtps_cpp: 6.2.6 (/opt/ros/humble/share/rmw_fastrtps_cpp/cmake)\n'}
[6.772384] (depthai_bridge) StdoutLine: {'line': b'-- Looking for pthread.h - found\n'}
[6.772544] (depthai_bridge) StdoutLine: {'line': b'-- Performing Test CMAKE_HAVE_LIBC_PTHREAD\n'}
[6.813902] (-) TimerEvent: {}
[6.827531] (depthai_bridge) StdoutLine: {'line': b'-- Performing Test CMAKE_HAVE_LIBC_PTHREAD - Success\n'}
[6.828958] (depthai_bridge) StdoutLine: {'line': b'-- Found Threads: TRUE  \n'}
[6.843705] (depthai_filters) StdoutLine: {'line': b'-- Found OpenSSL: /usr/lib/x86_64-linux-gnu/libcrypto.so (found version "3.0.2")  \n'}
[6.861545] (depthai_filters) StdoutLine: {'line': b'-- Found FastRTPS: /opt/ros/humble/include  \n'}
[6.894981] (depthai_filters) StdoutLine: {'line': b"-- Using RMW implementation 'rmw_fastrtps_cpp' as default\n"}
[6.901185] (depthai_filters) StdoutLine: {'line': b'-- Looking for pthread.h\n'}
[6.913961] (-) TimerEvent: {}
[6.951477] (depthai_filters) StdoutLine: {'line': b'-- Looking for pthread.h - found\n'}
[6.951581] (depthai_filters) StdoutLine: {'line': b'-- Performing Test CMAKE_HAVE_LIBC_PTHREAD\n'}
[6.999766] (depthai_filters) StdoutLine: {'line': b'-- Performing Test CMAKE_HAVE_LIBC_PTHREAD - Success\n'}
[7.000585] (depthai_filters) StdoutLine: {'line': b'-- Found Threads: TRUE  \n'}
[7.014105] (-) TimerEvent: {}
[7.050492] (depthai_bridge) StdoutLine: {'line': b'-- Found cv_bridge: 3.2.1 (/opt/ros/humble/share/cv_bridge/cmake)\n'}
[7.060400] (depthai_bridge) StdoutLine: {'line': b'-- Found depthai_ros_msgs: 3.0.9 (/home/dronelab/vikram/slam-project/install/depthai_ros_msgs/share/depthai_ros_msgs/cmake)\n'}
[7.114265] (-) TimerEvent: {}
[7.202411] (depthai_bridge) StdoutLine: {'line': b'-- Found image_transport: 3.1.9 (/opt/ros/humble/share/image_transport/cmake)\n'}
[7.214335] (-) TimerEvent: {}
[7.230999] (depthai_bridge) StdoutLine: {'line': b'-- Found nav_msgs: 4.2.4 (/opt/ros/humble/share/nav_msgs/cmake)\n'}
[7.284365] (depthai_bridge) StdoutLine: {'line': b'-- Found stereo_msgs: 4.2.4 (/opt/ros/humble/share/stereo_msgs/cmake)\n'}
[7.314491] (-) TimerEvent: {}
[7.338411] (depthai_bridge) StdoutLine: {'line': b'-- Found tf2_ros: 0.25.7 (/opt/ros/humble/share/tf2_ros/cmake)\n'}
[7.383135] (depthai_filters) StdoutLine: {'line': b'-- Configuring done\n'}
[7.392128] (depthai_filters) StdoutLine: {'line': b'-- Generating done\n'}
[7.393004] (depthai_filters) StdoutLine: {'line': b'-- Build files have been written to: /home/dronelab/vikram/slam-project/build/depthai_filters\n'}
[7.399269] (depthai_filters) CommandEnded: {'returncode': 0}
[7.399917] (depthai_filters) JobProgress: {'identifier': 'depthai_filters', 'progress': 'build'}
[7.400404] (depthai_filters) Command: {'cmd': ['/usr/bin/cmake', '--build', '/home/dronelab/vikram/slam-project/build/depthai_filters', '--', '-j32', '-l32'], 'cwd': '/home/dronelab/vikram/slam-project/build/depthai_filters', 'env': OrderedDict([('LESSOPEN', '| /usr/bin/lesspipe %s'), ('USER', 'dronelab'), ('XDG_SESSION_TYPE', 'x11'), ('SHLVL', '1'), ('LD_LIBRARY_PATH', '/home/dronelab/vikram/slam-project/install/depthai_ros_msgs/lib:/opt/ros/humble/opt/rviz_ogre_vendor/lib:/opt/ros/humble/lib/x86_64-linux-gnu:/opt/ros/humble/lib:/lib:/usr/lib:/usr/lib32:/usr/lib64:/usr/lib/x86_64-linux-gnu:/home/dronelab/ros2_ws/build/hesai_ros_driver/src/driver/HesaiLidar_SDK_2.0/libhesai/'), ('HOME', '/home/dronelab'), ('OLDPWD', '/home/dronelab/vikram'), ('DESKTOP_SESSION', 'ubuntu'), ('NVM_BIN', '/home/dronelab/.nvm/versions/node/v24.11.1/bin'), ('NVM_INC', '/home/dronelab/.nvm/versions/node/v24.11.1/include/node'), ('ROS_PYTHON_VERSION', '3'), ('GNOME_SHELL_SESSION_MODE', 'ubuntu'), ('GTK_MODULES', 'gail:atk-bridge'), ('SYSTEMD_EXEC_PID', '1932'), ('DBUS_SESSION_BUS_ADDRESS', 'unix:path=/run/user/1000/bus'), ('COLORTERM', 'truecolor'), ('NVM_DIR', '/home/dronelab/.nvm'), ('IM_CONFIG_PHASE', '1'), ('ROS_DISTRO', 'humble'), ('GTK_IM_MODULE', 'ibus'), ('LOGNAME', 'dronelab'), ('_', '/usr/bin/colcon'), ('ROS_VERSION', '2'), ('XDG_SESSION_CLASS', 'user'), ('USERNAME', 'dronelab'), ('TERM', 'xterm-256color'), ('GNOME_DESKTOP_SESSION_ID', 'this-is-deprecated'), ('ROS_LOCALHOST_ONLY', '0'), ('WINDOWPATH', '2'), ('PATH', '/home/dronelab/.nvm/versions/node/v24.11.1/bin:/opt/ros/humble/bin:/home/dronelab/.local/bin:/usr/local/sbin:/usr/local/bin:/usr/sbin:/usr/bin:/sbin:/bin:/usr/games:/usr/local/games:/snap/bin:/snap/bin'), ('SESSION_MANAGER', 'local/dambot-mini:@/tmp/.ICE-unix/1689,unix/dambot-mini:/tmp/.ICE-unix/1689'), ('XDG_MENU_PREFIX', 'gnome-'), ('GNOME_TERMINAL_SCREEN', '/org/gnome/Terminal/screen/89d79876_c8a4_463f_9ff8_871092252771'), ('XDG_RUNTIME_DIR', '/run/user/1000'), ('DISPLAY', ':0'), ('LANG', 'en_US.UTF-8'), ('XDG_CURRENT_DESKTOP', 'ubuntu:GNOME'), ('XMODIFIERS', '@im=ibus'), ('XDG_SESSION_DESKTOP', 'ubuntu'), ('XAUTHORITY', '/run/user/1000/gdm/Xauthority'), ('LS_COLORS', 'rs=0:di=01;34:ln=01;36:mh=00:pi=40;33:so=01;35:do=01;35:bd=40;33;01:cd=40;33;01:or=40;31;01:mi=00:su=37;41:sg=30;43:ca=30;41:tw=30;42:ow=34;42:st=37;44:ex=01;32:*.tar=01;31:*.tgz=01;31:*.arc=01;31:*.arj=01;31:*.taz=01;31:*.lha=01;31:*.lz4=01;31:*.lzh=01;31:*.lzma=01;31:*.tlz=01;31:*.txz=01;31:*.tzo=01;31:*.t7z=01;31:*.zip=01;31:*.z=01;31:*.dz=01;31:*.gz=01;31:*.lrz=01;31:*.lz=01;31:*.lzo=01;31:*.xz=01;31:*.zst=01;31:*.tzst=01;31:*.bz2=01;31:*.bz=01;31:*.tbz=01;31:*.tbz2=01;31:*.tz=01;31:*.deb=01;31:*.rpm=01;31:*.jar=01;31:*.war=01;31:*.ear=01;31:*.sar=01;31:*.rar=01;31:*.alz=01;31:*.ace=01;31:*.zoo=01;31:*.cpio=01;31:*.7z=01;31:*.rz=01;31:*.cab=01;31:*.wim=01;31:*.swm=01;31:*.dwm=01;31:*.esd=01;31:*.jpg=01;35:*.jpeg=01;35:*.mjpg=01;35:*.mjpeg=01;35:*.gif=01;35:*.bmp=01;35:*.pbm=01;35:*.pgm=01;35:*.ppm=01;35:*.tga=01;35:*.xbm=01;35:*.xpm=01;35:*.tif=01;35:*.tiff=01;35:*.png=01;35:*.svg=01;35:*.svgz=01;35:*.mng=01;35:*.pcx=01;35:*.mov=01;35:*.mpg=01;35:*.mpeg=01;35:*.m2v=01;35:*.mkv=01;35:*.webm=01;35:*.webp=01;35:*.ogm=01;35:*.mp4=01;35:*.m4v=01;35:*.mp4v=01;35:*.vob=01;35:*.qt=01;35:*.nuv=01;35:*.wmv=01;35:*.asf=01;35:*.rm=01;35:*.rmvb=01;35:*.flc=01;35:*.avi=01;35:*.fli=01;35:*.flv=01;35:*.gl=01;35:*.dl=01;35:*.xcf=01;35:*.xwd=01;35:*.yuv=01;35:*.cgm=01;35:*.emf=01;35:*.ogv=01;35:*.ogx=01;35:*.aac=00;36:*.au=00;36:*.flac=00;36:*.m4a=00;36:*.mid=00;36:*.midi=00;36:*.mka=00;36:*.mp3=00;36:*.mpc=00;36:*.ogg=00;36:*.ra=00;36:*.wav=00;36:*.oga=00;36:*.opus=00;36:*.spx=00;36:*.xspf=00;36:'), ('GNOME_TERMINAL_SERVICE', ':1.316'), ('SSH_AGENT_LAUNCHER', 'gnome-keyring'), ('SSH_AUTH_SOCK', '/run/user/1000/keyring/ssh'), ('AMENT_PREFIX_PATH', '/home/dronelab/vikram/slam-project/install/depthai_ros_msgs:/opt/ros/humble'), ('SHELL', '/bin/bash'), ('QT_ACCESSIBILITY', '1'), ('GDMSESSION', 'ubuntu'), ('LESSCLOSE', '/usr/bin/lesspipe %s %s'), ('GPG_AGENT_INFO', '/run/user/1000/gnupg/S.gpg-agent:0:1'), ('QT_IM_MODULE', 'ibus'), ('PWD', '/home/dronelab/vikram/slam-project/build/depthai_filters'), ('QT_QPA_PLATFORM', 'xcb'), ('LC_ALL', 'en_US.UTF-8'), ('XDG_CONFIG_DIRS', '/etc/xdg/xdg-ubuntu:/etc/xdg'), ('NVM_CD_FLAGS', ''), ('XDG_DATA_DIRS', '/usr/share/ubuntu:/usr/share/gnome:/usr/local/share/:/usr/share/:/var/lib/snapd/desktop'), ('PYTHONPATH', '/home/dronelab/vikram/slam-project/install/depthai_ros_msgs/local/lib/python3.10/dist-packages:/opt/ros/humble/lib/python3.10/site-packages:/opt/ros/humble/local/lib/python3.10/dist-packages'), ('COLCON', '1'), ('VTE_VERSION', '6800'), ('CMAKE_PREFIX_PATH', '/home/dronelab/vikram/slam-project/install/depthai_ros_msgs:/opt/ros/humble')]), 'shell': False}
[7.414658] (-) TimerEvent: {}
[7.438081] (depthai_filters) StdoutLine: {'line': b'[ 11%] \x1b[32mBuilding CXX object CMakeFiles/depthai_filters.dir/src/wls_filter.cpp.o\x1b[0m\n'}
[7.438484] (depthai_filters) StdoutLine: {'line': b'[ 22%] \x1b[32mBuilding CXX object CMakeFiles/depthai_filters.dir/src/detection2d_overlay.cpp.o\x1b[0m\n'}
[7.438734] (depthai_filters) StdoutLine: {'line': b'[ 44%] \x1b[32mBuilding CXX object CMakeFiles/depthai_filters.dir/src/segmentation_overlay.cpp.o\x1b[0m\n'}
[7.438770] (depthai_filters) StdoutLine: {'line': b'[ 44%] \x1b[32mBuilding CXX object CMakeFiles/depthai_filters.dir/src/spatial_bb.cpp.o\x1b[0m\n'}
[7.439315] (depthai_filters) StdoutLine: {'line': b'[ 66%] \x1b[32mBuilding CXX object CMakeFiles/depthai_filters.dir/src/feature_tracker_overlay.cpp.o\x1b[0m\n'}
[7.439350] (depthai_filters) StdoutLine: {'line': b'[ 66%] \x1b[32mBuilding CXX object CMakeFiles/depthai_filters.dir/src/thermal_temp.cpp.o\x1b[0m\n'}
[7.439612] (depthai_filters) StdoutLine: {'line': b'[ 77%] \x1b[32mBuilding CXX object CMakeFiles/depthai_filters.dir/src/features_3d.cpp.o\x1b[0m\n'}
[7.439800] (depthai_filters) StdoutLine: {'line': b'[ 88%] \x1b[32mBuilding CXX object CMakeFiles/depthai_filters.dir/src/utils.cpp.o\x1b[0m\n'}
[7.446299] (depthai_filters) StderrLine: {'line': b'In file included from \x1b[01m\x1b[K/home/dronelab/vikram/slam-project/src/depthai_filters/src/feature_tracker_overlay.cpp:1\x1b[m\x1b[K:\n'}
[7.446427] (depthai_filters) StderrLine: {'line': b'\x1b[01m\x1b[K/home/dronelab/vikram/slam-project/src/depthai_filters/include/depthai_filters/feature_tracker_overlay.hpp:3:10:\x1b[m\x1b[K \x1b[01;31m\x1b[Kfatal error: \x1b[m\x1b[Kcv_bridge/cv_bridge.hpp: No such file or directory\n'}
[7.446467] (depthai_filters) StderrLine: {'line': b'    3 | #include \x1b[01;31m\x1b[K"cv_bridge/cv_bridge.hpp"\x1b[m\x1b[K\n'}
[7.446498] (depthai_filters) StderrLine: {'line': b'      |          \x1b[01;31m\x1b[K^~~~~~~~~~~~~~~~~~~~~~~~~\x1b[m\x1b[K\n'}
[7.446531] (depthai_filters) StderrLine: {'line': b'compilation terminated.\n'}
[7.446967] (depthai_filters) StderrLine: {'line': b'gmake[2]: *** [CMakeFiles/depthai_filters.dir/build.make:132: CMakeFiles/depthai_filters.dir/src/feature_tracker_overlay.cpp.o] Error 1\n'}
[7.447002] (depthai_filters) StderrLine: {'line': b'gmake[2]: *** Waiting for unfinished jobs....\n'}
[7.514765] (-) TimerEvent: {}
[7.548738] (depthai_filters) StderrLine: {'line': b'\x1b[01m\x1b[K/home/dronelab/vikram/slam-project/src/depthai_filters/src/utils.cpp:3:10:\x1b[m\x1b[K \x1b[01;31m\x1b[Kfatal error: \x1b[m\x1b[Kcv_bridge/cv_bridge.hpp: No such file or directory\n'}
[7.548893] (depthai_filters) StderrLine: {'line': b'    3 | #include \x1b[01;31m\x1b[K"cv_bridge/cv_bridge.hpp"\x1b[m\x1b[K\n'}
[7.548946] (depthai_filters) StderrLine: {'line': b'      |          \x1b[01;31m\x1b[K^~~~~~~~~~~~~~~~~~~~~~~~~\x1b[m\x1b[K\n'}
[7.548995] (depthai_filters) StderrLine: {'line': b'compilation terminated.\n'}
[7.550678] (depthai_filters) StderrLine: {'line': b'gmake[2]: *** [CMakeFiles/depthai_filters.dir/build.make:174: CMakeFiles/depthai_filters.dir/src/utils.cpp.o] Error 1\n'}
[7.559252] (depthai_bridge) StdoutLine: {'line': b'-- Found tf2_geometry_msgs: 0.25.7 (/opt/ros/humble/share/tf2_geometry_msgs/cmake)\n'}
[7.568026] (depthai_bridge) StdoutLine: {'line': b'-- Found eigen3_cmake_module: 0.1.1 (/opt/ros/humble/share/eigen3_cmake_module/cmake)\n'}
[7.568874] (depthai_bridge) StdoutLine: {'line': b'-- Found Eigen3: TRUE (found version "3.4.0") \n'}
[7.568943] (depthai_bridge) StdoutLine: {'line': b'-- Ensuring Eigen3 include directory is part of orocos-kdl CMake target\n'}
[7.573663] (depthai_filters) StderrLine: {'line': b'\x1b[01m\x1b[K/home/dronelab/vikram/slam-project/src/depthai_filters/src/thermal_temp.cpp:3:10:\x1b[m\x1b[K \x1b[01;31m\x1b[Kfatal error: \x1b[m\x1b[Kcv_bridge/cv_bridge.hpp: No such file or directory\n'}
[7.573764] (depthai_filters) StderrLine: {'line': b'    3 | #include \x1b[01;31m\x1b[K"cv_bridge/cv_bridge.hpp"\x1b[m\x1b[K\n'}
[7.573804] (depthai_filters) StderrLine: {'line': b'      |          \x1b[01;31m\x1b[K^~~~~~~~~~~~~~~~~~~~~~~~~\x1b[m\x1b[K\n'}
[7.573838] (depthai_filters) StderrLine: {'line': b'compilation terminated.\n'}
[7.574458] (depthai_filters) StderrLine: {'line': b'\x1b[01m\x1b[K/home/dronelab/vikram/slam-project/src/depthai_filters/src/detection2d_overlay.cpp:3:10:\x1b[m\x1b[K \x1b[01;31m\x1b[Kfatal error: \x1b[m\x1b[Kcv_bridge/cv_bridge.hpp: No such file or directory\n'}
[7.574523] (depthai_filters) StderrLine: {'line': b'    3 | #include \x1b[01;31m\x1b[K"cv_bridge/cv_bridge.hpp"\x1b[m\x1b[K\n'}
[7.574560] (depthai_filters) StderrLine: {'line': b'      |          \x1b[01;31m\x1b[K^~~~~~~~~~~~~~~~~~~~~~~~~\x1b[m\x1b[K\n'}
[7.574595] (depthai_filters) StderrLine: {'line': b'compilation terminated.\n'}
[7.574937] (depthai_filters) StderrLine: {'line': b'\x1b[01m\x1b[K/home/dronelab/vikram/slam-project/src/depthai_filters/src/features_3d.cpp:3:10:\x1b[m\x1b[K \x1b[01;31m\x1b[Kfatal error: \x1b[m\x1b[Kcv_bridge/cv_bridge.hpp: No such file or directory\n'}
[7.574976] (depthai_filters) StderrLine: {'line': b'    3 | #include \x1b[01;31m\x1b[K"cv_bridge/cv_bridge.hpp"\x1b[m\x1b[K\n'}
[7.575005] (depthai_filters) StderrLine: {'line': b'      |          \x1b[01;31m\x1b[K^~~~~~~~~~~~~~~~~~~~~~~~~\x1b[m\x1b[K\n'}
[7.575030] (depthai_filters) StderrLine: {'line': b'compilation terminated.\n'}
[7.575544] (depthai_filters) StderrLine: {'line': b'gmake[2]: *** [CMakeFiles/depthai_filters.dir/build.make:160: CMakeFiles/depthai_filters.dir/src/thermal_temp.cpp.o] Error 1\n'}
[7.576045] (depthai_filters) StderrLine: {'line': b'\x1b[01m\x1b[K/home/dronelab/vikram/slam-project/src/depthai_filters/src/segmentation_overlay.cpp:3:10:\x1b[m\x1b[K \x1b[01;31m\x1b[Kfatal error: \x1b[m\x1b[Kcv_bridge/cv_bridge.hpp: No such file or directory\n'}
[7.576118] (depthai_filters) StderrLine: {'line': b'    3 | #include \x1b[01;31m\x1b[K"cv_bridge/cv_bridge.hpp"\x1b[m\x1b[K\n'}
[7.576154] (depthai_filters) StderrLine: {'line': b'      |          \x1b[01;31m\x1b[K^~~~~~~~~~~~~~~~~~~~~~~~~\x1b[m\x1b[K\n'}
[7.576458] (depthai_filters) StderrLine: {'line': b'compilation terminated.\n'}
[7.576495] (depthai_filters) StderrLine: {'line': b'gmake[2]: *** [CMakeFiles/depthai_filters.dir/build.make:76: CMakeFiles/depthai_filters.dir/src/detection2d_overlay.cpp.o] Error 1\n'}
[7.576524] (depthai_filters) StderrLine: {'line': b'gmake[2]: *** [CMakeFiles/depthai_filters.dir/build.make:146: CMakeFiles/depthai_filters.dir/src/features_3d.cpp.o] Error 1\n'}
[7.577530] (depthai_filters) StderrLine: {'line': b'gmake[2]: *** [CMakeFiles/depthai_filters.dir/build.make:90: CMakeFiles/depthai_filters.dir/src/segmentation_overlay.cpp.o] Error 1\n'}
[7.579594] (depthai_filters) StderrLine: {'line': b'In file included from \x1b[01m\x1b[K/home/dronelab/vikram/slam-project/src/depthai_filters/src/spatial_bb.cpp:1\x1b[m\x1b[K:\n'}
[7.579667] (depthai_filters) StderrLine: {'line': b'\x1b[01m\x1b[K/home/dronelab/vikram/slam-project/src/depthai_filters/include/depthai_filters/spatial_bb.hpp:5:10:\x1b[m\x1b[K \x1b[01;31m\x1b[Kfatal error: \x1b[m\x1b[Kmessage_filters/sync_policies/latest_time.hpp: No such file or directory\n'}
[7.579706] (depthai_filters) StderrLine: {'line': b'    5 | #include \x1b[01;31m\x1b[K"message_filters/sync_policies/latest_time.hpp"\x1b[m\x1b[K\n'}
[7.579734] (depthai_filters) StderrLine: {'line': b'      |          \x1b[01;31m\x1b[K^~~~~~~~~~~~~~~~~~~~~~~~~~~~~~~~~~~~~~~~~~~~~~~\x1b[m\x1b[K\n'}
[7.579760] (depthai_filters) StderrLine: {'line': b'compilation terminated.\n'}
[7.580709] (depthai_bridge) StderrLine: {'line': b'\x1b[31mCMake Error at CMakeLists.txt:29 (find_package):\n'}
[7.580792] (depthai_bridge) StderrLine: {'line': b'  By not providing "Findffmpeg_image_transport_msgs.cmake" in\n'}
[7.580829] (depthai_bridge) StderrLine: {'line': b'  CMAKE_MODULE_PATH this project has asked CMake to find a package\n'}
[7.580859] (depthai_bridge) StderrLine: {'line': b'  configuration file provided by "ffmpeg_image_transport_msgs", but CMake did\n'}
[7.580888] (depthai_bridge) StderrLine: {'line': b'  not find one.\n'}
[7.580916] (depthai_bridge) StderrLine: {'line': b'\n'}
[7.580944] (depthai_bridge) StderrLine: {'line': b'  Could not find a package configuration file provided by\n'}
[7.580972] (depthai_bridge) StderrLine: {'line': b'  "ffmpeg_image_transport_msgs" with any of the following names:\n'}
[7.580998] (depthai_bridge) StderrLine: {'line': b'\n'}
[7.581024] (depthai_bridge) StderrLine: {'line': b'    ffmpeg_image_transport_msgsConfig.cmake\n'}
[7.581051] (depthai_bridge) StderrLine: {'line': b'    ffmpeg_image_transport_msgs-config.cmake\n'}
[7.581102] (depthai_bridge) StderrLine: {'line': b'\n'}
[7.581129] (depthai_bridge) StderrLine: {'line': b'  Add the installation prefix of "ffmpeg_image_transport_msgs" to\n'}
[7.581153] (depthai_bridge) StderrLine: {'line': b'  CMAKE_PREFIX_PATH or set "ffmpeg_image_transport_msgs_DIR" to a directory\n'}
[7.581185] (depthai_bridge) StderrLine: {'line': b'  containing one of the above files.  If "ffmpeg_image_transport_msgs"\n'}
[7.581209] (depthai_bridge) StderrLine: {'line': b'  provides a separate development package or SDK, be sure it has been\n'}
[7.581233] (depthai_bridge) StderrLine: {'line': b'  installed.\n'}
[7.581257] (depthai_bridge) StderrLine: {'line': b'\n'}
[7.581282] (depthai_bridge) StderrLine: {'line': b'\x1b[0m\n'}
[7.581307] (depthai_bridge) StdoutLine: {'line': b'-- Configuring incomplete, errors occurred!\n'}
[7.581338] (depthai_bridge) StdoutLine: {'line': b'See also "/home/dronelab/vikram/slam-project/build/depthai_bridge/CMakeFiles/CMakeOutput.log".\n'}
[7.581365] (depthai_filters) StderrLine: {'line': b'gmake[2]: *** [CMakeFiles/depthai_filters.dir/build.make:104: CMakeFiles/depthai_filters.dir/src/spatial_bb.cpp.o] Error 1\n'}
[7.586880] (depthai_bridge) CommandEnded: {'returncode': 1}
[7.596473] (depthai_bridge) JobEnded: {'identifier': 'depthai_bridge', 'rc': 1}
[7.598617] (depthai_filters) StderrLine: {'line': b'\x1b[01m\x1b[K/home/dronelab/vikram/slam-project/src/depthai_filters/src/wls_filter.cpp:5:10:\x1b[m\x1b[K \x1b[01;31m\x1b[Kfatal error: \x1b[m\x1b[Kcv_bridge/cv_bridge.hpp: No such file or directory\n'}
[7.598685] (depthai_filters) StderrLine: {'line': b'    5 | #include \x1b[01;31m\x1b[K"cv_bridge/cv_bridge.hpp"\x1b[m\x1b[K\n'}
[7.598715] (depthai_filters) StderrLine: {'line': b'      |          \x1b[01;31m\x1b[K^~~~~~~~~~~~~~~~~~~~~~~~~\x1b[m\x1b[K\n'}
[7.598741] (depthai_filters) StderrLine: {'line': b'compilation terminated.\n'}
[7.600154] (depthai_filters) StderrLine: {'line': b'gmake[2]: *** [CMakeFiles/depthai_filters.dir/build.make:118: CMakeFiles/depthai_filters.dir/src/wls_filter.cpp.o] Error 1\n'}
[7.600574] (depthai_filters) StderrLine: {'line': b'gmake[1]: *** [CMakeFiles/Makefile2:137: CMakeFiles/depthai_filters.dir/all] Error 2\n'}
[7.600801] (depthai_filters) StderrLine: {'line': b'gmake: *** [Makefile:146: all] Error 2\n'}
[7.602226] (depthai_filters) JobEnded: {'identifier': 'depthai_filters', 'rc': 'SIGINT'}
[7.612602] (depthai_examples) JobSkipped: {'identifier': 'depthai_examples'}
[7.612653] (depthai_ros_driver) JobSkipped: {'identifier': 'depthai_ros_driver'}
[7.612665] (depthai-ros) JobSkipped: {'identifier': 'depthai-ros'}
[7.612677] (-) EventReactorShutdown: {}
