[0.000000] (-) TimerEvent: {}
[0.000491] (depthai_descriptions) JobQueued: {'identifier': 'depthai_descriptions', 'dependencies': OrderedDict()}
[0.000529] (depthai_ros_msgs) JobQueued: {'identifier': 'depthai_ros_msgs', 'dependencies': OrderedDict()}
[0.000552] (depthai_bridge) JobQueued: {'identifier': 'depthai_bridge', 'dependencies': OrderedDict([('depthai_ros_msgs', '/home/dronelab/vikram/slam-project/install/depthai_ros_msgs')])}
[0.000574] (depthai_filters) JobQueued: {'identifier': 'depthai_filters', 'dependencies': OrderedDict([('depthai_ros_msgs', '/home/dronelab/vikram/slam-project/install/depthai_ros_msgs')])}
[0.000594] (depthai_examples) JobQueued: {'identifier': 'depthai_examples', 'dependencies': OrderedDict([('depthai_descriptions', '/home/dronelab/vikram/slam-project/install/depthai_descriptions'), ('depthai_ros_msgs', '/home/dronelab/vikram/slam-project/install/depthai_ros_msgs'), ('depthai_bridge', '/home/dronelab/vikram/slam-project/install/depthai_bridge')])}
[0.000616] (depthai_ros_driver) JobQueued: {'identifier': 'depthai_ros_driver', 'dependencies': OrderedDict([('depthai_descriptions', '/home/dronelab/vikram/slam-project/install/depthai_descriptions'), ('depthai_ros_msgs', '/home/dronelab/vikram/slam-project/install/depthai_ros_msgs'), ('depthai_bridge', '/home/dronelab/vikram/slam-project/install/depthai_bridge')])}
[0.000636] (depthai-ros) JobQueued: {'identifier': 'depthai-ros', 'dependencies': OrderedDict([('depthai_descriptions', '/home/dronelab/vikram/slam-project/install/depthai_descriptions'), ('depthai_ros_msgs', '/home/dronelab/vikram/slam-project/install/depthai_ros_msgs'), ('depthai_bridge', '/home/dronelab/vikram/slam-project/install/depthai_bridge'), ('depthai_filters', '/home/dronelab/vikram/slam-project/install/depthai_filters'), ('depthai_examples', '/home/dronelab/vikram/slam-project/install/depthai_examples'), ('depthai_ros_driver', '/home/dronelab/vikram/slam-project/install/depthai_ros_driver')])}
[0.000664] (depthai_ros_msgs) JobStarted: {'identifier': 'depthai_ros_msgs'}
[0.003783] (depthai_descriptions) JobStarted: {'identifier': 'depthai_descriptions'}
[0.007327] (depthai_ros_msgs) JobProgress: {'identifier': 'depthai_ros_msgs', 'progress': 'cmake'}
[0.007363] (depthai_ros_msgs) JobProgress: {'identifier': 'depthai_ros_msgs', 'progress': 'build'}
[0.007528] (depthai_ros_msgs) Command: {'cmd': ['/usr/bin/cmake', '--build', '/home/dronelab/vikram/slam-project/build/depthai_ros_msgs', '--', '-j32', '-l32'], 'cwd': '/home/dronelab/vikram/slam-project/build/depthai_ros_msgs', 'env': OrderedDict([('LESSOPEN', '| /usr/bin/lesspipe %s'), ('USER', 'dronelab'), ('XDG_SESSION_TYPE', 'x11'), ('SHLVL', '1'), ('LD_LIBRARY_PATH', '/opt/ros/humble/opt/rviz_ogre_vendor/lib:/opt/ros/humble/lib/x86_64-linux-gnu:/opt/ros/humble/lib:/lib:/usr/lib:/usr/lib32:/usr/lib64:/usr/lib/x86_64-linux-gnu:/home/dronelab/ros2_ws/build/hesai_ros_driver/src/driver/HesaiLidar_SDK_2.0/libhesai/'), ('HOME', '/home/dronelab'), ('OLDPWD', '/home/dronelab/vikram/slam-project/src'), ('DESKTOP_SESSION', 'ubuntu'), ('NVM_BIN', '/home/dronelab/.nvm/versions/node/v24.11.1/bin'), ('NVM_INC', '/home/dronelab/.nvm/versions/node/v24.11.1/include/node'), ('ROS_PYTHON_VERSION', '3'), ('GNOME_SHELL_SESSION_MODE', 'ubuntu'), ('GTK_MODULES', 'gail:atk-bridge'), ('SYSTEMD_EXEC_PID', '1932'), ('DBUS_SESSION_BUS_ADDRESS', 'unix:path=/run/user/1000/bus'), ('COLORTERM', 'truecolor'), ('NVM_DIR', '/home/dronelab/.nvm'), ('IM_CONFIG_PHASE', '1'), ('ROS_DISTRO', 'humble'), ('GTK_IM_MODULE', 'ibus'), ('LOGNAME', 'dronelab'), ('_', '/usr/bin/colcon'), ('ROS_VERSION', '2'), ('XDG_SESSION_CLASS', 'user'), ('USERNAME', 'dronelab'), ('TERM', 'xterm-256color'), ('GNOME_DESKTOP_SESSION_ID', 'this-is-deprecated'), ('ROS_LOCALHOST_ONLY', '0'), ('WINDOWPATH', '2'), ('PATH', '/home/dronelab/.nvm/versions/node/v24.11.1/bin:/opt/ros/humble/bin:/home/dronelab/.local/bin:/usr/local/sbin:/usr/local/bin:/usr/sbin:/usr/bin:/sbin:/bin:/usr/games:/usr/local/games:/snap/bin:/snap/bin'), ('SESSION_MANAGER', 'local/dambot-mini:@/tmp/.ICE-unix/1689,unix/dambot-mini:/tmp/.ICE-unix/1689'), ('XDG_MENU_PREFIX', 'gnome-'), ('GNOME_TERMINAL_SCREEN', '/org/gnome/Terminal/screen/89d79876_c8a4_463f_9ff8_871092252771'), ('XDG_RUNTIME_DIR', '/run/user/1000'), ('DISPLAY', ':0'), ('LANG', 'en_US.UTF-8'), ('XDG_CURRENT_DESKTOP', 'ubuntu:GNOME'), ('XMODIFIERS', '@im=ibus'), ('XDG_SESSION_DESKTOP', 'ubuntu'), ('XAUTHORITY', '/run/user/1000/gdm/Xauthority'), ('LS_COLORS', 'rs=0:di=01;34:ln=01;36:mh=00:pi=40;33:so=01;35:do=01;35:bd=40;33;01:cd=40;33;01:or=40;31;01:mi=00:su=37;41:sg=30;43:ca=30;41:tw=30;42:ow=34;42:st=37;44:ex=01;32:*.tar=01;31:*.tgz=01;31:*.arc=01;31:*.arj=01;31:*.taz=01;31:*.lha=01;31:*.lz4=01;31:*.lzh=01;31:*.lzma=01;31:*.tlz=01;31:*.txz=01;31:*.tzo=01;31:*.t7z=01;31:*.zip=01;31:*.z=01;31:*.dz=01;31:*.gz=01;31:*.lrz=01;31:*.lz=01;31:*.lzo=01;31:*.xz=01;31:*.zst=01;31:*.tzst=01;31:*.bz2=01;31:*.bz=01;31:*.tbz=01;31:*.tbz2=01;31:*.tz=01;31:*.deb=01;31:*.rpm=01;31:*.jar=01;31:*.war=01;31:*.ear=01;31:*.sar=01;31:*.rar=01;31:*.alz=01;31:*.ace=01;31:*.zoo=01;31:*.cpio=01;31:*.7z=01;31:*.rz=01;31:*.cab=01;31:*.wim=01;31:*.swm=01;31:*.dwm=01;31:*.esd=01;31:*.jpg=01;35:*.jpeg=01;35:*.mjpg=01;35:*.mjpeg=01;35:*.gif=01;35:*.bmp=01;35:*.pbm=01;35:*.pgm=01;35:*.ppm=01;35:*.tga=01;35:*.xbm=01;35:*.xpm=01;35:*.tif=01;35:*.tiff=01;35:*.png=01;35:*.svg=01;35:*.svgz=01;35:*.mng=01;35:*.pcx=01;35:*.mov=01;35:*.mpg=01;35:*.mpeg=01;35:*.m2v=01;35:*.mkv=01;35:*.webm=01;35:*.webp=01;35:*.ogm=01;35:*.mp4=01;35:*.m4v=01;35:*.mp4v=01;35:*.vob=01;35:*.qt=01;35:*.nuv=01;35:*.wmv=01;35:*.asf=01;35:*.rm=01;35:*.rmvb=01;35:*.flc=01;35:*.avi=01;35:*.fli=01;35:*.flv=01;35:*.gl=01;35:*.dl=01;35:*.xcf=01;35:*.xwd=01;35:*.yuv=01;35:*.cgm=01;35:*.emf=01;35:*.ogv=01;35:*.ogx=01;35:*.aac=00;36:*.au=00;36:*.flac=00;36:*.m4a=00;36:*.mid=00;36:*.midi=00;36:*.mka=00;36:*.mp3=00;36:*.mpc=00;36:*.ogg=00;36:*.ra=00;36:*.wav=00;36:*.oga=00;36:*.opus=00;36:*.spx=00;36:*.xspf=00;36:'), ('GNOME_TERMINAL_SERVICE', ':1.316'), ('SSH_AGENT_LAUNCHER', 'gnome-keyring'), ('SSH_AUTH_SOCK', '/run/user/1000/keyring/ssh'), ('AMENT_PREFIX_PATH', '/opt/ros/humble'), ('SHELL', '/bin/bash'), ('QT_ACCESSIBILITY', '1'), ('GDMSESSION', 'ubuntu'), ('LESSCLOSE', '/usr/bin/lesspipe %s %s'), ('GPG_AGENT_INFO', '/run/user/1000/gnupg/S.gpg-agent:0:1'), ('QT_IM_MODULE', 'ibus'), ('PWD', '/home/dronelab/vikram/slam-project/build/depthai_ros_msgs'), ('QT_QPA_PLATFORM', 'xcb'), ('LC_ALL', 'en_US.UTF-8'), ('XDG_CONFIG_DIRS', '/etc/xdg/xdg-ubuntu:/etc/xdg'), ('NVM_CD_FLAGS', ''), ('XDG_DATA_DIRS', '/usr/share/ubuntu:/usr/share/gnome:/usr/local/share/:/usr/share/:/var/lib/snapd/desktop'), ('PYTHONPATH', '/opt/ros/humble/lib/python3.10/site-packages:/opt/ros/humble/local/lib/python3.10/dist-packages'), ('COLCON', '1'), ('VTE_VERSION', '6800'), ('CMAKE_PREFIX_PATH', '/opt/ros/humble')]), 'shell': False}
[0.010013] (depthai_descriptions) JobProgress: {'identifier': 'depthai_descriptions', 'progress': 'cmake'}
[0.010309] (depthai_descriptions) JobProgress: {'identifier': 'depthai_descriptions', 'progress': 'build'}
[0.010609] (depthai_descriptions) Command: {'cmd': ['/usr/bin/cmake', '--build', '/home/dronelab/vikram/slam-project/build/depthai_descriptions', '--', '-j32', '-l32'], 'cwd': '/home/dronelab/vikram/slam-project/build/depthai_descriptions', 'env': OrderedDict([('LESSOPEN', '| /usr/bin/lesspipe %s'), ('USER', 'dronelab'), ('XDG_SESSION_TYPE', 'x11'), ('SHLVL', '1'), ('LD_LIBRARY_PATH', '/opt/ros/humble/opt/rviz_ogre_vendor/lib:/opt/ros/humble/lib/x86_64-linux-gnu:/opt/ros/humble/lib:/lib:/usr/lib:/usr/lib32:/usr/lib64:/usr/lib/x86_64-linux-gnu:/home/dronelab/ros2_ws/build/hesai_ros_driver/src/driver/HesaiLidar_SDK_2.0/libhesai/'), ('HOME', '/home/dronelab'), ('OLDPWD', '/home/dronelab/vikram/slam-project/src'), ('DESKTOP_SESSION', 'ubuntu'), ('NVM_BIN', '/home/dronelab/.nvm/versions/node/v24.11.1/bin'), ('NVM_INC', '/home/dronelab/.nvm/versions/node/v24.11.1/include/node'), ('ROS_PYTHON_VERSION', '3'), ('GNOME_SHELL_SESSION_MODE', 'ubuntu'), ('GTK_MODULES', 'gail:atk-bridge'), ('SYSTEMD_EXEC_PID', '1932'), ('DBUS_SESSION_BUS_ADDRESS', 'unix:path=/run/user/1000/bus'), ('COLORTERM', 'truecolor'), ('NVM_DIR', '/home/dronelab/.nvm'), ('IM_CONFIG_PHASE', '1'), ('ROS_DISTRO', 'humble'), ('GTK_IM_MODULE', 'ibus'), ('LOGNAME', 'dronelab'), ('_', '/usr/bin/colcon'), ('ROS_VERSION', '2'), ('XDG_SESSION_CLASS', 'user'), ('USERNAME', 'dronelab'), ('TERM', 'xterm-256color'), ('GNOME_DESKTOP_SESSION_ID', 'this-is-deprecated'), ('ROS_LOCALHOST_ONLY', '0'), ('WINDOWPATH', '2'), ('PATH', '/home/dronelab/.nvm/versions/node/v24.11.1/bin:/opt/ros/humble/bin:/home/dronelab/.local/bin:/usr/local/sbin:/usr/local/bin:/usr/sbin:/usr/bin:/sbin:/bin:/usr/games:/usr/local/games:/snap/bin:/snap/bin'), ('SESSION_MANAGER', 'local/dambot-mini:@/tmp/.ICE-unix/1689,unix/dambot-mini:/tmp/.ICE-unix/1689'), ('XDG_MENU_PREFIX', 'gnome-'), ('GNOME_TERMINAL_SCREEN', '/org/gnome/Terminal/screen/89d79876_c8a4_463f_9ff8_871092252771'), ('XDG_RUNTIME_DIR', '/run/user/1000'), ('DISPLAY', ':0'), ('LANG', 'en_US.UTF-8'), ('XDG_CURRENT_DESKTOP', 'ubuntu:GNOME'), ('XMODIFIERS', '@im=ibus'), ('XDG_SESSION_DESKTOP', 'ubuntu'), ('XAUTHORITY', '/run/user/1000/gdm/Xauthority'), ('LS_COLORS', 'rs=0:di=01;34:ln=01;36:mh=00:pi=40;33:so=01;35:do=01;35:bd=40;33;01:cd=40;33;01:or=40;31;01:mi=00:su=37;41:sg=30;43:ca=30;41:tw=30;42:ow=34;42:st=37;44:ex=01;32:*.tar=01;31:*.tgz=01;31:*.arc=01;31:*.arj=01;31:*.taz=01;31:*.lha=01;31:*.lz4=01;31:*.lzh=01;31:*.lzma=01;31:*.tlz=01;31:*.txz=01;31:*.tzo=01;31:*.t7z=01;31:*.zip=01;31:*.z=01;31:*.dz=01;31:*.gz=01;31:*.lrz=01;31:*.lz=01;31:*.lzo=01;31:*.xz=01;31:*.zst=01;31:*.tzst=01;31:*.bz2=01;31:*.bz=01;31:*.tbz=01;31:*.tbz2=01;31:*.tz=01;31:*.deb=01;31:*.rpm=01;31:*.jar=01;31:*.war=01;31:*.ear=01;31:*.sar=01;31:*.rar=01;31:*.alz=01;31:*.ace=01;31:*.zoo=01;31:*.cpio=01;31:*.7z=01;31:*.rz=01;31:*.cab=01;31:*.wim=01;31:*.swm=01;31:*.dwm=01;31:*.esd=01;31:*.jpg=01;35:*.jpeg=01;35:*.mjpg=01;35:*.mjpeg=01;35:*.gif=01;35:*.bmp=01;35:*.pbm=01;35:*.pgm=01;35:*.ppm=01;35:*.tga=01;35:*.xbm=01;35:*.xpm=01;35:*.tif=01;35:*.tiff=01;35:*.png=01;35:*.svg=01;35:*.svgz=01;35:*.mng=01;35:*.pcx=01;35:*.mov=01;35:*.mpg=01;35:*.mpeg=01;35:*.m2v=01;35:*.mkv=01;35:*.webm=01;35:*.webp=01;35:*.ogm=01;35:*.mp4=01;35:*.m4v=01;35:*.mp4v=01;35:*.vob=01;35:*.qt=01;35:*.nuv=01;35:*.wmv=01;35:*.asf=01;35:*.rm=01;35:*.rmvb=01;35:*.flc=01;35:*.avi=01;35:*.fli=01;35:*.flv=01;35:*.gl=01;35:*.dl=01;35:*.xcf=01;35:*.xwd=01;35:*.yuv=01;35:*.cgm=01;35:*.emf=01;35:*.ogv=01;35:*.ogx=01;35:*.aac=00;36:*.au=00;36:*.flac=00;36:*.m4a=00;36:*.mid=00;36:*.midi=00;36:*.mka=00;36:*.mp3=00;36:*.mpc=00;36:*.ogg=00;36:*.ra=00;36:*.wav=00;36:*.oga=00;36:*.opus=00;36:*.spx=00;36:*.xspf=00;36:'), ('GNOME_TERMINAL_SERVICE', ':1.316'), ('SSH_AGENT_LAUNCHER', 'gnome-keyring'), ('SSH_AUTH_SOCK', '/run/user/1000/keyring/ssh'), ('AMENT_PREFIX_PATH', '/opt/ros/humble'), ('SHELL', '/bin/bash'), ('QT_ACCESSIBILITY', '1'), ('GDMSESSION', 'ubuntu'), ('LESSCLOSE', '/usr/bin/lesspipe %s %s'), ('GPG_AGENT_INFO', '/run/user/1000/gnupg/S.gpg-agent:0:1'), ('QT_IM_MODULE', 'ibus'), ('PWD', '/home/dronelab/vikram/slam-project/build/depthai_descriptions'), ('QT_QPA_PLATFORM', 'xcb'), ('LC_ALL', 'en_US.UTF-8'), ('XDG_CONFIG_DIRS', '/etc/xdg/xdg-ubuntu:/etc/xdg'), ('NVM_CD_FLAGS', ''), ('XDG_DATA_DIRS', '/usr/share/ubuntu:/usr/share/gnome:/usr/local/share/:/usr/share/:/var/lib/snapd/desktop'), ('PYTHONPATH', '/opt/ros/humble/lib/python3.10/site-packages:/opt/ros/humble/local/lib/python3.10/dist-packages'), ('COLCON', '1'), ('VTE_VERSION', '6800'), ('CMAKE_PREFIX_PATH', '/opt/ros/humble')]), 'shell': False}
[0.038171] (depthai_descriptions) CommandEnded: {'returncode': 0}
[0.049267] (depthai_ros_msgs) StdoutLine: {'line': b'[  0%] Built target depthai_ros_msgs__cpp\n'}
[0.051723] (depthai_ros_msgs) StdoutLine: {'line': b'[ 12%] Built target depthai_ros_msgs__rosidl_generator_c\n'}
[0.052261] (depthai_descriptions) JobProgress: {'identifier': 'depthai_descriptions', 'progress': 'install'}
[0.054070] (depthai_ros_msgs) StdoutLine: {'line': b'[ 12%] Built target ament_cmake_python_copy_depthai_ros_msgs\n'}
[0.059994] (depthai_descriptions) Command: {'cmd': ['/usr/bin/cmake', '--install', '/home/dronelab/vikram/slam-project/build/depthai_descriptions'], 'cwd': '/home/dronelab/vikram/slam-project/build/depthai_descriptions', 'env': OrderedDict([('LESSOPEN', '| /usr/bin/lesspipe %s'), ('USER', 'dronelab'), ('XDG_SESSION_TYPE', 'x11'), ('SHLVL', '1'), ('LD_LIBRARY_PATH', '/opt/ros/humble/opt/rviz_ogre_vendor/lib:/opt/ros/humble/lib/x86_64-linux-gnu:/opt/ros/humble/lib:/lib:/usr/lib:/usr/lib32:/usr/lib64:/usr/lib/x86_64-linux-gnu:/home/dronelab/ros2_ws/build/hesai_ros_driver/src/driver/HesaiLidar_SDK_2.0/libhesai/'), ('HOME', '/home/dronelab'), ('OLDPWD', '/home/dronelab/vikram/slam-project/src'), ('DESKTOP_SESSION', 'ubuntu'), ('NVM_BIN', '/home/dronelab/.nvm/versions/node/v24.11.1/bin'), ('NVM_INC', '/home/dronelab/.nvm/versions/node/v24.11.1/include/node'), ('ROS_PYTHON_VERSION', '3'), ('GNOME_SHELL_SESSION_MODE', 'ubuntu'), ('GTK_MODULES', 'gail:atk-bridge'), ('SYSTEMD_EXEC_PID', '1932'), ('DBUS_SESSION_BUS_ADDRESS', 'unix:path=/run/user/1000/bus'), ('COLORTERM', 'truecolor'), ('NVM_DIR', '/home/dronelab/.nvm'), ('IM_CONFIG_PHASE', '1'), ('ROS_DISTRO', 'humble'), ('GTK_IM_MODULE', 'ibus'), ('LOGNAME', 'dronelab'), ('_', '/usr/bin/colcon'), ('ROS_VERSION', '2'), ('XDG_SESSION_CLASS', 'user'), ('USERNAME', 'dronelab'), ('TERM', 'xterm-256color'), ('GNOME_DESKTOP_SESSION_ID', 'this-is-deprecated'), ('ROS_LOCALHOST_ONLY', '0'), ('WINDOWPATH', '2'), ('PATH', '/home/dronelab/.nvm/versions/node/v24.11.1/bin:/opt/ros/humble/bin:/home/dronelab/.local/bin:/usr/local/sbin:/usr/local/bin:/usr/sbin:/usr/bin:/sbin:/bin:/usr/games:/usr/local/games:/snap/bin:/snap/bin'), ('SESSION_MANAGER', 'local/dambot-mini:@/tmp/.ICE-unix/1689,unix/dambot-mini:/tmp/.ICE-unix/1689'), ('XDG_MENU_PREFIX', 'gnome-'), ('GNOME_TERMINAL_SCREEN', '/org/gnome/Terminal/screen/89d79876_c8a4_463f_9ff8_871092252771'), ('XDG_RUNTIME_DIR', '/run/user/1000'), ('DISPLAY', ':0'), ('LANG', 'en_US.UTF-8'), ('XDG_CURRENT_DESKTOP', 'ubuntu:GNOME'), ('XMODIFIERS', '@im=ibus'), ('XDG_SESSION_DESKTOP', 'ubuntu'), ('XAUTHORITY', '/run/user/1000/gdm/Xauthority'), ('LS_COLORS', 'rs=0:di=01;34:ln=01;36:mh=00:pi=40;33:so=01;35:do=01;35:bd=40;33;01:cd=40;33;01:or=40;31;01:mi=00:su=37;41:sg=30;43:ca=30;41:tw=30;42:ow=34;42:st=37;44:ex=01;32:*.tar=01;31:*.tgz=01;31:*.arc=01;31:*.arj=01;31:*.taz=01;31:*.lha=01;31:*.lz4=01;31:*.lzh=01;31:*.lzma=01;31:*.tlz=01;31:*.txz=01;31:*.tzo=01;31:*.t7z=01;31:*.zip=01;31:*.z=01;31:*.dz=01;31:*.gz=01;31:*.lrz=01;31:*.lz=01;31:*.lzo=01;31:*.xz=01;31:*.zst=01;31:*.tzst=01;31:*.bz2=01;31:*.bz=01;31:*.tbz=01;31:*.tbz2=01;31:*.tz=01;31:*.deb=01;31:*.rpm=01;31:*.jar=01;31:*.war=01;31:*.ear=01;31:*.sar=01;31:*.rar=01;31:*.alz=01;31:*.ace=01;31:*.zoo=01;31:*.cpio=01;31:*.7z=01;31:*.rz=01;31:*.cab=01;31:*.wim=01;31:*.swm=01;31:*.dwm=01;31:*.esd=01;31:*.jpg=01;35:*.jpeg=01;35:*.mjpg=01;35:*.mjpeg=01;35:*.gif=01;35:*.bmp=01;35:*.pbm=01;35:*.pgm=01;35:*.ppm=01;35:*.tga=01;35:*.xbm=01;35:*.xpm=01;35:*.tif=01;35:*.tiff=01;35:*.png=01;35:*.svg=01;35:*.svgz=01;35:*.mng=01;35:*.pcx=01;35:*.mov=01;35:*.mpg=01;35:*.mpeg=01;35:*.m2v=01;35:*.mkv=01;35:*.webm=01;35:*.webp=01;35:*.ogm=01;35:*.mp4=01;35:*.m4v=01;35:*.mp4v=01;35:*.vob=01;35:*.qt=01;35:*.nuv=01;35:*.wmv=01;35:*.asf=01;35:*.rm=01;35:*.rmvb=01;35:*.flc=01;35:*.avi=01;35:*.fli=01;35:*.flv=01;35:*.gl=01;35:*.dl=01;35:*.xcf=01;35:*.xwd=01;35:*.yuv=01;35:*.cgm=01;35:*.emf=01;35:*.ogv=01;35:*.ogx=01;35:*.aac=00;36:*.au=00;36:*.flac=00;36:*.m4a=00;36:*.mid=00;36:*.midi=00;36:*.mka=00;36:*.mp3=00;36:*.mpc=00;36:*.ogg=00;36:*.ra=00;36:*.wav=00;36:*.oga=00;36:*.opus=00;36:*.spx=00;36:*.xspf=00;36:'), ('GNOME_TERMINAL_SERVICE', ':1.316'), ('SSH_AGENT_LAUNCHER', 'gnome-keyring'), ('SSH_AUTH_SOCK', '/run/user/1000/keyring/ssh'), ('AMENT_PREFIX_PATH', '/opt/ros/humble'), ('SHELL', '/bin/bash'), ('QT_ACCESSIBILITY', '1'), ('GDMSESSION', 'ubuntu'), ('LESSCLOSE', '/usr/bin/lesspipe %s %s'), ('GPG_AGENT_INFO', '/run/user/1000/gnupg/S.gpg-agent:0:1'), ('QT_IM_MODULE', 'ibus'), ('PWD', '/home/dronelab/vikram/slam-project/build/depthai_descriptions'), ('QT_QPA_PLATFORM', 'xcb'), ('LC_ALL', 'en_US.UTF-8'), ('XDG_CONFIG_DIRS', '/etc/xdg/xdg-ubuntu:/etc/xdg'), ('NVM_CD_FLAGS', ''), ('XDG_DATA_DIRS', '/usr/share/ubuntu:/usr/share/gnome:/usr/local/share/:/usr/share/:/var/lib/snapd/desktop'), ('PYTHONPATH', '/opt/ros/humble/lib/python3.10/site-packages:/opt/ros/humble/local/lib/python3.10/dist-packages'), ('COLCON', '1'), ('VTE_VERSION', '6800'), ('CMAKE_PREFIX_PATH', '/opt/ros/humble')]), 'shell': False}
[0.065324] (depthai_descriptions) StdoutLine: {'line': b'-- Install configuration: ""\n'}
[0.065881] (depthai_descriptions) StdoutLine: {'line': b'-- Up-to-date: /home/dronelab/vikram/slam-project/install/depthai_descriptions/share/depthai_descriptions/launch\n'}
[0.066176] (depthai_descriptions) StdoutLine: {'line': b'-- Up-to-date: /home/dronelab/vikram/slam-project/install/depthai_descriptions/share/depthai_descriptions/launch/urdf_launch.py\n'}
[0.066246] (depthai_descriptions) StdoutLine: {'line': b'-- Up-to-date: /home/dronelab/vikram/slam-project/install/depthai_descriptions/share/depthai_descriptions/urdf\n'}
[0.066311] (depthai_descriptions) StdoutLine: {'line': b'-- Up-to-date: /home/dronelab/vikram/slam-project/install/depthai_descriptions/share/depthai_descriptions/urdf/depthai_descr.urdf.xacro\n'}
[0.066377] (depthai_descriptions) StdoutLine: {'line': b'-- Up-to-date: /home/dronelab/vikram/slam-project/install/depthai_descriptions/share/depthai_descriptions/urdf/include\n'}
[0.066434] (depthai_descriptions) StdoutLine: {'line': b'-- Up-to-date: /home/dronelab/vikram/slam-project/install/depthai_descriptions/share/depthai_descriptions/urdf/include/base_macro.urdf.xacro\n'}
[0.066493] (depthai_descriptions) StdoutLine: {'line': b'-- Up-to-date: /home/dronelab/vikram/slam-project/install/depthai_descriptions/share/depthai_descriptions/urdf/include/depthai_macro.urdf.xacro\n'}
[0.066550] (depthai_descriptions) StdoutLine: {'line': b'-- Up-to-date: /home/dronelab/vikram/slam-project/install/depthai_descriptions/share/depthai_descriptions/urdf/base_descr.urdf.xacro\n'}
[0.066606] (depthai_descriptions) StdoutLine: {'line': b'-- Up-to-date: /home/dronelab/vikram/slam-project/install/depthai_descriptions/share/depthai_descriptions/urdf/models\n'}
[0.066661] (depthai_descriptions) StdoutLine: {'line': b'-- Up-to-date: /home/dronelab/vikram/slam-project/install/depthai_descriptions/share/depthai_descriptions/urdf/models/OAK-T.stl\n'}
[0.066723] (depthai_descriptions) StdoutLine: {'line': b'-- Up-to-date: /home/dronelab/vikram/slam-project/install/depthai_descriptions/share/depthai_descriptions/urdf/models/OAK-D-S2-POE.stl\n'}
[0.066783] (depthai_descriptions) StdoutLine: {'line': b'-- Up-to-date: /home/dronelab/vikram/slam-project/install/depthai_descriptions/share/depthai_descriptions/urdf/models/OAK-D.stl\n'}
[0.066844] (depthai_descriptions) StdoutLine: {'line': b'-- Up-to-date: /home/dronelab/vikram/slam-project/install/depthai_descriptions/share/depthai_descriptions/urdf/models/OAK-D-SR.stl\n'}
[0.066902] (depthai_descriptions) StdoutLine: {'line': b'-- Up-to-date: /home/dronelab/vikram/slam-project/install/depthai_descriptions/share/depthai_descriptions/urdf/models/OAK-D-LITE.stl\n'}
[0.066960] (depthai_descriptions) StdoutLine: {'line': b'-- Up-to-date: /home/dronelab/vikram/slam-project/install/depthai_descriptions/share/depthai_descriptions/urdf/models/OAK-D-POE.stl\n'}
[0.067017] (depthai_descriptions) StdoutLine: {'line': b'-- Up-to-date: /home/dronelab/vikram/slam-project/install/depthai_descriptions/share/depthai_descriptions/urdf/models/OAK-D-CM4-POE.stl\n'}
[0.067075] (depthai_descriptions) StdoutLine: {'line': b'-- Up-to-date: /home/dronelab/vikram/slam-project/install/depthai_descriptions/share/depthai_descriptions/urdf/models/OAK-D-IOT-75.stl\n'}
[0.067132] (depthai_descriptions) StdoutLine: {'line': b'-- Up-to-date: /home/dronelab/vikram/slam-project/install/depthai_descriptions/share/depthai_descriptions/urdf/models/OAK-D-LR.stl\n'}
[0.067189] (depthai_descriptions) StdoutLine: {'line': b'-- Up-to-date: /home/dronelab/vikram/slam-project/install/depthai_descriptions/share/depthai_descriptions/urdf/models/OAK-D-PRO-W.stl\n'}
[0.067465] (depthai_descriptions) StdoutLine: {'line': b'-- Up-to-date: /home/dronelab/vikram/slam-project/install/depthai_descriptions/share/depthai_descriptions/urdf/models/OAK-D-S2.stl\n'}
[0.067659] (depthai_descriptions) StdoutLine: {'line': b'-- Up-to-date: /home/dronelab/vikram/slam-project/install/depthai_descriptions/share/depthai_descriptions/urdf/models/OAK-D-PRO.stl\n'}
[0.067739] (depthai_descriptions) StdoutLine: {'line': b'-- Up-to-date: /home/dronelab/vikram/slam-project/install/depthai_descriptions/share/depthai_descriptions/urdf/models/OAK4-D.stl\n'}
[0.067814] (depthai_descriptions) StdoutLine: {'line': b'-- Up-to-date: /home/dronelab/vikram/slam-project/install/depthai_descriptions/share/depthai_descriptions/urdf/models/OAK-D-SR-POE.stl\n'}
[0.068022] (depthai_descriptions) StdoutLine: {'line': b'-- Up-to-date: /home/dronelab/vikram/slam-project/install/depthai_descriptions/share/depthai_descriptions/urdf/models/OAK4-S.stl\n'}
[0.068092] (depthai_descriptions) StdoutLine: {'line': b'-- Up-to-date: /home/dronelab/vikram/slam-project/install/depthai_descriptions/share/depthai_descriptions/urdf/models/OAK-1.stl\n'}
[0.068245] (depthai_descriptions) StdoutLine: {'line': b'-- Up-to-date: /home/dronelab/vikram/slam-project/install/depthai_descriptions/share/depthai_descriptions/environment/depthai_descriptions.sh\n'}
[0.068319] (depthai_descriptions) StdoutLine: {'line': b'-- Up-to-date: /home/dronelab/vikram/slam-project/install/depthai_descriptions/share/depthai_descriptions/environment/depthai_descriptions.dsv\n'}
[0.068778] (depthai_descriptions) StdoutLine: {'line': b'-- Up-to-date: /home/dronelab/vikram/slam-project/install/depthai_descriptions/share/ament_index/resource_index/package_run_dependencies/depthai_descriptions\n'}
[0.068850] (depthai_descriptions) StdoutLine: {'line': b'-- Up-to-date: /home/dronelab/vikram/slam-project/install/depthai_descriptions/share/ament_index/resource_index/parent_prefix_path/depthai_descriptions\n'}
[0.068917] (depthai_descriptions) StdoutLine: {'line': b'-- Up-to-date: /home/dronelab/vikram/slam-project/install/depthai_descriptions/share/depthai_descriptions/environment/ament_prefix_path.sh\n'}
[0.068983] (depthai_descriptions) StdoutLine: {'line': b'-- Up-to-date: /home/dronelab/vikram/slam-project/install/depthai_descriptions/share/depthai_descriptions/environment/ament_prefix_path.dsv\n'}
[0.069161] (depthai_descriptions) StdoutLine: {'line': b'-- Up-to-date: /home/dronelab/vikram/slam-project/install/depthai_descriptions/share/depthai_descriptions/environment/path.sh\n'}
[0.069227] (depthai_descriptions) StdoutLine: {'line': b'-- Up-to-date: /home/dronelab/vikram/slam-project/install/depthai_descriptions/share/depthai_descriptions/environment/path.dsv\n'}
[0.069291] (depthai_descriptions) StdoutLine: {'line': b'-- Up-to-date: /home/dronelab/vikram/slam-project/install/depthai_descriptions/share/depthai_descriptions/local_setup.bash\n'}
[0.069496] (depthai_descriptions) StdoutLine: {'line': b'-- Up-to-date: /home/dronelab/vikram/slam-project/install/depthai_descriptions/share/depthai_descriptions/local_setup.sh\n'}
[0.069566] (depthai_descriptions) StdoutLine: {'line': b'-- Up-to-date: /home/dronelab/vikram/slam-project/install/depthai_descriptions/share/depthai_descriptions/local_setup.zsh\n'}
[0.069630] (depthai_descriptions) StdoutLine: {'line': b'-- Up-to-date: /home/dronelab/vikram/slam-project/install/depthai_descriptions/share/depthai_descriptions/local_setup.dsv\n'}
[0.069695] (depthai_descriptions) StdoutLine: {'line': b'-- Installing: /home/dronelab/vikram/slam-project/install/depthai_descriptions/share/depthai_descriptions/package.dsv\n'}
[0.069759] (depthai_descriptions) StdoutLine: {'line': b'-- Up-to-date: /home/dronelab/vikram/slam-project/install/depthai_descriptions/share/ament_index/resource_index/packages/depthai_descriptions\n'}
[0.069824] (depthai_descriptions) StdoutLine: {'line': b'-- Up-to-date: /home/dronelab/vikram/slam-project/install/depthai_descriptions/share/depthai_descriptions/cmake/depthai_descriptionsConfig.cmake\n'}
[0.069893] (depthai_descriptions) StdoutLine: {'line': b'-- Up-to-date: /home/dronelab/vikram/slam-project/install/depthai_descriptions/share/depthai_descriptions/cmake/depthai_descriptionsConfig-version.cmake\n'}
[0.069957] (depthai_descriptions) StdoutLine: {'line': b'-- Up-to-date: /home/dronelab/vikram/slam-project/install/depthai_descriptions/share/depthai_descriptions/package.xml\n'}
[0.070021] (depthai_descriptions) CommandEnded: {'returncode': 0}
[0.070809] (depthai_ros_msgs) StdoutLine: {'line': b'[ 24%] Built target depthai_ros_msgs__rosidl_typesupport_c\n'}
[0.071467] (depthai_ros_msgs) StdoutLine: {'line': b'[ 37%] Built target depthai_ros_msgs__rosidl_typesupport_fastrtps_cpp\n'}
[0.071757] (depthai_ros_msgs) StdoutLine: {'line': b'[ 48%] Built target depthai_ros_msgs__rosidl_typesupport_cpp\n'}
[0.073881] (depthai_ros_msgs) StdoutLine: {'line': b'[ 60%] Built target depthai_ros_msgs__rosidl_typesupport_introspection_cpp\n'}
[0.074415] (depthai_ros_msgs) StdoutLine: {'line': b'[ 72%] Built target depthai_ros_msgs__rosidl_typesupport_introspection_c\n'}
[0.074824] (depthai_ros_msgs) StdoutLine: {'line': b'[ 84%] Built target depthai_ros_msgs__rosidl_typesupport_fastrtps_c\n'}
[0.090998] (depthai_ros_msgs) StdoutLine: {'line': b'[ 84%] Built target depthai_ros_msgs\n'}
[0.096534] (depthai_descriptions) JobEnded: {'identifier': 'depthai_descriptions', 'rc': 0}
[0.099824] (-) TimerEvent: {}
[0.107615] (depthai_ros_msgs) StdoutLine: {'line': b'[ 85%] Built target depthai_ros_msgs__py\n'}
[0.126833] (depthai_ros_msgs) StdoutLine: {'line': b'[ 96%] Built target depthai_ros_msgs__rosidl_generator_py\n'}
[0.142151] (depthai_ros_msgs) StdoutLine: {'line': b'[ 98%] Built target depthai_ros_msgs__rosidl_typesupport_introspection_c__pyext\n'}
[0.142556] (depthai_ros_msgs) StdoutLine: {'line': b'[ 99%] Built target depthai_ros_msgs__rosidl_typesupport_c__pyext\n'}
[0.143137] (depthai_ros_msgs) StdoutLine: {'line': b'[100%] Built target depthai_ros_msgs__rosidl_typesupport_fastrtps_c__pyext\n'}
[0.199327] (depthai_ros_msgs) StdoutLine: {'line': b'running egg_info\n'}
[0.199673] (depthai_ros_msgs) StdoutLine: {'line': b'writing depthai_ros_msgs.egg-info/PKG-INFO\n'}
[0.199782] (depthai_ros_msgs) StdoutLine: {'line': b'writing dependency_links to depthai_ros_msgs.egg-info/dependency_links.txt\n'}
[0.199863] (depthai_ros_msgs) StdoutLine: {'line': b'writing top-level names to depthai_ros_msgs.egg-info/top_level.txt\n'}
[0.199897] (-) TimerEvent: {}
[0.201856] (depthai_ros_msgs) StdoutLine: {'line': b"reading manifest file 'depthai_ros_msgs.egg-info/SOURCES.txt'\n"}
[0.202570] (depthai_ros_msgs) StdoutLine: {'line': b"writing manifest file 'depthai_ros_msgs.egg-info/SOURCES.txt'\n"}
[0.218629] (depthai_ros_msgs) StdoutLine: {'line': b'[100%] Built target ament_cmake_python_build_depthai_ros_msgs_egg\n'}
[0.227316] (depthai_ros_msgs) CommandEnded: {'returncode': 0}
[0.300016] (-) TimerEvent: {}
[0.400356] (-) TimerEvent: {}
[0.500778] (-) TimerEvent: {}
[0.601092] (-) TimerEvent: {}
[0.647636] (depthai_ros_msgs) JobProgress: {'identifier': 'depthai_ros_msgs', 'progress': 'install'}
[0.648271] (depthai_ros_msgs) Command: {'cmd': ['/usr/bin/cmake', '--install', '/home/dronelab/vikram/slam-project/build/depthai_ros_msgs'], 'cwd': '/home/dronelab/vikram/slam-project/build/depthai_ros_msgs', 'env': OrderedDict([('LESSOPEN', '| /usr/bin/lesspipe %s'), ('USER', 'dronelab'), ('XDG_SESSION_TYPE', 'x11'), ('SHLVL', '1'), ('LD_LIBRARY_PATH', '/opt/ros/humble/opt/rviz_ogre_vendor/lib:/opt/ros/humble/lib/x86_64-linux-gnu:/opt/ros/humble/lib:/lib:/usr/lib:/usr/lib32:/usr/lib64:/usr/lib/x86_64-linux-gnu:/home/dronelab/ros2_ws/build/hesai_ros_driver/src/driver/HesaiLidar_SDK_2.0/libhesai/'), ('HOME', '/home/dronelab'), ('OLDPWD', '/home/dronelab/vikram/slam-project/src'), ('DESKTOP_SESSION', 'ubuntu'), ('NVM_BIN', '/home/dronelab/.nvm/versions/node/v24.11.1/bin'), ('NVM_INC', '/home/dronelab/.nvm/versions/node/v24.11.1/include/node'), ('ROS_PYTHON_VERSION', '3'), ('GNOME_SHELL_SESSION_MODE', 'ubuntu'), ('GTK_MODULES', 'gail:atk-bridge'), ('SYSTEMD_EXEC_PID', '1932'), ('DBUS_SESSION_BUS_ADDRESS', 'unix:path=/run/user/1000/bus'), ('COLORTERM', 'truecolor'), ('NVM_DIR', '/home/dronelab/.nvm'), ('IM_CONFIG_PHASE', '1'), ('ROS_DISTRO', 'humble'), ('GTK_IM_MODULE', 'ibus'), ('LOGNAME', 'dronelab'), ('_', '/usr/bin/colcon'), ('ROS_VERSION', '2'), ('XDG_SESSION_CLASS', 'user'), ('USERNAME', 'dronelab'), ('TERM', 'xterm-256color'), ('GNOME_DESKTOP_SESSION_ID', 'this-is-deprecated'), ('ROS_LOCALHOST_ONLY', '0'), ('WINDOWPATH', '2'), ('PATH', '/home/dronelab/.nvm/versions/node/v24.11.1/bin:/opt/ros/humble/bin:/home/dronelab/.local/bin:/usr/local/sbin:/usr/local/bin:/usr/sbin:/usr/bin:/sbin:/bin:/usr/games:/usr/local/games:/snap/bin:/snap/bin'), ('SESSION_MANAGER', 'local/dambot-mini:@/tmp/.ICE-unix/1689,unix/dambot-mini:/tmp/.ICE-unix/1689'), ('XDG_MENU_PREFIX', 'gnome-'), ('GNOME_TERMINAL_SCREEN', '/org/gnome/Terminal/screen/89d79876_c8a4_463f_9ff8_871092252771'), ('XDG_RUNTIME_DIR', '/run/user/1000'), ('DISPLAY', ':0'), ('LANG', 'en_US.UTF-8'), ('XDG_CURRENT_DESKTOP', 'ubuntu:GNOME'), ('XMODIFIERS', '@im=ibus'), ('XDG_SESSION_DESKTOP', 'ubuntu'), ('XAUTHORITY', '/run/user/1000/gdm/Xauthority'), ('LS_COLORS', 'rs=0:di=01;34:ln=01;36:mh=00:pi=40;33:so=01;35:do=01;35:bd=40;33;01:cd=40;33;01:or=40;31;01:mi=00:su=37;41:sg=30;43:ca=30;41:tw=30;42:ow=34;42:st=37;44:ex=01;32:*.tar=01;31:*.tgz=01;31:*.arc=01;31:*.arj=01;31:*.taz=01;31:*.lha=01;31:*.lz4=01;31:*.lzh=01;31:*.lzma=01;31:*.tlz=01;31:*.txz=01;31:*.tzo=01;31:*.t7z=01;31:*.zip=01;31:*.z=01;31:*.dz=01;31:*.gz=01;31:*.lrz=01;31:*.lz=01;31:*.lzo=01;31:*.xz=01;31:*.zst=01;31:*.tzst=01;31:*.bz2=01;31:*.bz=01;31:*.tbz=01;31:*.tbz2=01;31:*.tz=01;31:*.deb=01;31:*.rpm=01;31:*.jar=01;31:*.war=01;31:*.ear=01;31:*.sar=01;31:*.rar=01;31:*.alz=01;31:*.ace=01;31:*.zoo=01;31:*.cpio=01;31:*.7z=01;31:*.rz=01;31:*.cab=01;31:*.wim=01;31:*.swm=01;31:*.dwm=01;31:*.esd=01;31:*.jpg=01;35:*.jpeg=01;35:*.mjpg=01;35:*.mjpeg=01;35:*.gif=01;35:*.bmp=01;35:*.pbm=01;35:*.pgm=01;35:*.ppm=01;35:*.tga=01;35:*.xbm=01;35:*.xpm=01;35:*.tif=01;35:*.tiff=01;35:*.png=01;35:*.svg=01;35:*.svgz=01;35:*.mng=01;35:*.pcx=01;35:*.mov=01;35:*.mpg=01;35:*.mpeg=01;35:*.m2v=01;35:*.mkv=01;35:*.webm=01;35:*.webp=01;35:*.ogm=01;35:*.mp4=01;35:*.m4v=01;35:*.mp4v=01;35:*.vob=01;35:*.qt=01;35:*.nuv=01;35:*.wmv=01;35:*.asf=01;35:*.rm=01;35:*.rmvb=01;35:*.flc=01;35:*.avi=01;35:*.fli=01;35:*.flv=01;35:*.gl=01;35:*.dl=01;35:*.xcf=01;35:*.xwd=01;35:*.yuv=01;35:*.cgm=01;35:*.emf=01;35:*.ogv=01;35:*.ogx=01;35:*.aac=00;36:*.au=00;36:*.flac=00;36:*.m4a=00;36:*.mid=00;36:*.midi=00;36:*.mka=00;36:*.mp3=00;36:*.mpc=00;36:*.ogg=00;36:*.ra=00;36:*.wav=00;36:*.oga=00;36:*.opus=00;36:*.spx=00;36:*.xspf=00;36:'), ('GNOME_TERMINAL_SERVICE', ':1.316'), ('SSH_AGENT_LAUNCHER', 'gnome-keyring'), ('SSH_AUTH_SOCK', '/run/user/1000/keyring/ssh'), ('AMENT_PREFIX_PATH', '/opt/ros/humble'), ('SHELL', '/bin/bash'), ('QT_ACCESSIBILITY', '1'), ('GDMSESSION', 'ubuntu'), ('LESSCLOSE', '/usr/bin/lesspipe %s %s'), ('GPG_AGENT_INFO', '/run/user/1000/gnupg/S.gpg-agent:0:1'), ('QT_IM_MODULE', 'ibus'), ('PWD', '/home/dronelab/vikram/slam-project/build/depthai_ros_msgs'), ('QT_QPA_PLATFORM', 'xcb'), ('LC_ALL', 'en_US.UTF-8'), ('XDG_CONFIG_DIRS', '/etc/xdg/xdg-ubuntu:/etc/xdg'), ('NVM_CD_FLAGS', ''), ('XDG_DATA_DIRS', '/usr/share/ubuntu:/usr/share/gnome:/usr/local/share/:/usr/share/:/var/lib/snapd/desktop'), ('PYTHONPATH', '/opt/ros/humble/lib/python3.10/site-packages:/opt/ros/humble/local/lib/python3.10/dist-packages'), ('COLCON', '1'), ('VTE_VERSION', '6800'), ('CMAKE_PREFIX_PATH', '/opt/ros/humble')]), 'shell': False}
[0.660932] (depthai_ros_msgs) StdoutLine: {'line': b'-- Install configuration: ""\n'}
[0.661164] (depthai_ros_msgs) StdoutLine: {'line': b'-- Up-to-date: /home/dronelab/vikram/slam-project/install/depthai_ros_msgs/share/ament_index/resource_index/rosidl_interfaces/depthai_ros_msgs\n'}
[0.661363] (depthai_ros_msgs) StdoutLine: {'line': b'-- Up-to-date: /home/dronelab/vikram/slam-project/install/depthai_ros_msgs/include/depthai_ros_msgs/depthai_ros_msgs\n'}
[0.661459] (depthai_ros_msgs) StdoutLine: {'line': b'-- Up-to-date: /home/dronelab/vikram/slam-project/install/depthai_ros_msgs/include/depthai_ros_msgs/depthai_ros_msgs/srv\n'}
[0.661620] (depthai_ros_msgs) StdoutLine: {'line': b'-- Up-to-date: /home/dronelab/vikram/slam-project/install/depthai_ros_msgs/include/depthai_ros_msgs/depthai_ros_msgs/srv/normalized_image_crop.h\n'}
[0.661705] (depthai_ros_msgs) StdoutLine: {'line': b'-- Up-to-date: /home/dronelab/vikram/slam-project/install/depthai_ros_msgs/include/depthai_ros_msgs/depthai_ros_msgs/srv/trigger_named.h\n'}
[0.661780] (depthai_ros_msgs) StdoutLine: {'line': b'-- Up-to-date: /home/dronelab/vikram/slam-project/install/depthai_ros_msgs/include/depthai_ros_msgs/depthai_ros_msgs/srv/set_local_transform.h\n'}
[0.661855] (depthai_ros_msgs) StdoutLine: {'line': b'-- Up-to-date: /home/dronelab/vikram/slam-project/install/depthai_ros_msgs/include/depthai_ros_msgs/depthai_ros_msgs/srv/detail\n'}
[0.661929] (depthai_ros_msgs) StdoutLine: {'line': b'-- Up-to-date: /home/dronelab/vikram/slam-project/install/depthai_ros_msgs/include/depthai_ros_msgs/depthai_ros_msgs/srv/detail/trigger_named__functions.c\n'}
[0.662004] (depthai_ros_msgs) StdoutLine: {'line': b'-- Up-to-date: /home/dronelab/vikram/slam-project/install/depthai_ros_msgs/include/depthai_ros_msgs/depthai_ros_msgs/srv/detail/normalized_image_crop__functions.h\n'}
[0.662078] (depthai_ros_msgs) StdoutLine: {'line': b'-- Up-to-date: /home/dronelab/vikram/slam-project/install/depthai_ros_msgs/include/depthai_ros_msgs/depthai_ros_msgs/srv/detail/set_local_transform__functions.c\n'}
[0.662151] (depthai_ros_msgs) StdoutLine: {'line': b'-- Up-to-date: /home/dronelab/vikram/slam-project/install/depthai_ros_msgs/include/depthai_ros_msgs/depthai_ros_msgs/srv/detail/trigger_named__struct.h\n'}
[0.662223] (depthai_ros_msgs) StdoutLine: {'line': b'-- Up-to-date: /home/dronelab/vikram/slam-project/install/depthai_ros_msgs/include/depthai_ros_msgs/depthai_ros_msgs/srv/detail/normalized_image_crop__type_support.h\n'}
[0.662295] (depthai_ros_msgs) StdoutLine: {'line': b'-- Up-to-date: /home/dronelab/vikram/slam-project/install/depthai_ros_msgs/include/depthai_ros_msgs/depthai_ros_msgs/srv/detail/set_local_transform__struct.h\n'}
[0.662441] (depthai_ros_msgs) StdoutLine: {'line': b'-- Up-to-date: /home/dronelab/vikram/slam-project/install/depthai_ros_msgs/include/depthai_ros_msgs/depthai_ros_msgs/srv/detail/set_local_transform__functions.h\n'}
[0.662514] (depthai_ros_msgs) StdoutLine: {'line': b'-- Up-to-date: /home/dronelab/vikram/slam-project/install/depthai_ros_msgs/include/depthai_ros_msgs/depthai_ros_msgs/srv/detail/set_local_transform__type_support.h\n'}
[0.662584] (depthai_ros_msgs) StdoutLine: {'line': b'-- Up-to-date: /home/dronelab/vikram/slam-project/install/depthai_ros_msgs/include/depthai_ros_msgs/depthai_ros_msgs/srv/detail/trigger_named__type_support.h\n'}
[0.662658] (depthai_ros_msgs) StdoutLine: {'line': b'-- Up-to-date: /home/dronelab/vikram/slam-project/install/depthai_ros_msgs/include/depthai_ros_msgs/depthai_ros_msgs/srv/detail/normalized_image_crop__struct.h\n'}
[0.662731] (depthai_ros_msgs) StdoutLine: {'line': b'-- Up-to-date: /home/dronelab/vikram/slam-project/install/depthai_ros_msgs/include/depthai_ros_msgs/depthai_ros_msgs/srv/detail/trigger_named__functions.h\n'}
[0.662802] (depthai_ros_msgs) StdoutLine: {'line': b'-- Up-to-date: /home/dronelab/vikram/slam-project/install/depthai_ros_msgs/include/depthai_ros_msgs/depthai_ros_msgs/srv/detail/normalized_image_crop__functions.c\n'}
[0.662880] (depthai_ros_msgs) StdoutLine: {'line': b'-- Up-to-date: /home/dronelab/vikram/slam-project/install/depthai_ros_msgs/include/depthai_ros_msgs/depthai_ros_msgs/msg\n'}
[0.663116] (depthai_ros_msgs) StdoutLine: {'line': b'-- Up-to-date: /home/dronelab/vikram/slam-project/install/depthai_ros_msgs/include/depthai_ros_msgs/depthai_ros_msgs/msg/spatial_detection.h\n'}
[0.663197] (depthai_ros_msgs) StdoutLine: {'line': b'-- Up-to-date: /home/dronelab/vikram/slam-project/install/depthai_ros_msgs/include/depthai_ros_msgs/depthai_ros_msgs/msg/tracked_feature.h\n'}
[0.663472] (depthai_ros_msgs) StdoutLine: {'line': b'-- Up-to-date: /home/dronelab/vikram/slam-project/install/depthai_ros_msgs/include/depthai_ros_msgs/depthai_ros_msgs/msg/spatial_detection_array.h\n'}
[0.663550] (depthai_ros_msgs) StdoutLine: {'line': b'-- Up-to-date: /home/dronelab/vikram/slam-project/install/depthai_ros_msgs/include/depthai_ros_msgs/depthai_ros_msgs/msg/tracked_features.h\n'}
[0.663627] (depthai_ros_msgs) StdoutLine: {'line': b'-- Up-to-date: /home/dronelab/vikram/slam-project/install/depthai_ros_msgs/include/depthai_ros_msgs/depthai_ros_msgs/msg/imu_with_magnetic_field.h\n'}
[0.663701] (depthai_ros_msgs) StdoutLine: {'line': b'-- Up-to-date: /home/dronelab/vikram/slam-project/install/depthai_ros_msgs/include/depthai_ros_msgs/depthai_ros_msgs/msg/track_detection2_d_array.h\n'}
[0.663772] (depthai_ros_msgs) StdoutLine: {'line': b'-- Up-to-date: /home/dronelab/vikram/slam-project/install/depthai_ros_msgs/include/depthai_ros_msgs/depthai_ros_msgs/msg/auto_focus_ctrl.h\n'}
[0.663841] (depthai_ros_msgs) StdoutLine: {'line': b'-- Up-to-date: /home/dronelab/vikram/slam-project/install/depthai_ros_msgs/include/depthai_ros_msgs/depthai_ros_msgs/msg/track_detection2_d.h\n'}
[0.663911] (depthai_ros_msgs) StdoutLine: {'line': b'-- Up-to-date: /home/dronelab/vikram/slam-project/install/depthai_ros_msgs/include/depthai_ros_msgs/depthai_ros_msgs/msg/hand_landmark.h\n'}
[0.663980] (depthai_ros_msgs) StdoutLine: {'line': b'-- Up-to-date: /home/dronelab/vikram/slam-project/install/depthai_ros_msgs/include/depthai_ros_msgs/depthai_ros_msgs/msg/detail\n'}
[0.664049] (depthai_ros_msgs) StdoutLine: {'line': b'-- Up-to-date: /home/dronelab/vikram/slam-project/install/depthai_ros_msgs/include/depthai_ros_msgs/depthai_ros_msgs/msg/detail/track_detection2_d__struct.h\n'}
[0.664119] (depthai_ros_msgs) StdoutLine: {'line': b'-- Up-to-date: /home/dronelab/vikram/slam-project/install/depthai_ros_msgs/include/depthai_ros_msgs/depthai_ros_msgs/msg/detail/spatial_detection_array__type_support.h\n'}
[0.664190] (depthai_ros_msgs) StdoutLine: {'line': b'-- Up-to-date: /home/dronelab/vikram/slam-project/install/depthai_ros_msgs/include/depthai_ros_msgs/depthai_ros_msgs/msg/detail/tracked_features__functions.c\n'}
[0.664259] (depthai_ros_msgs) StdoutLine: {'line': b'-- Up-to-date: /home/dronelab/vikram/slam-project/install/depthai_ros_msgs/include/depthai_ros_msgs/depthai_ros_msgs/msg/detail/track_detection2_d__type_support.h\n'}
[0.664338] (depthai_ros_msgs) StdoutLine: {'line': b'-- Up-to-date: /home/dronelab/vikram/slam-project/install/depthai_ros_msgs/include/depthai_ros_msgs/depthai_ros_msgs/msg/detail/tracked_feature__functions.h\n'}
[0.664412] (depthai_ros_msgs) StdoutLine: {'line': b'-- Up-to-date: /home/dronelab/vikram/slam-project/install/depthai_ros_msgs/include/depthai_ros_msgs/depthai_ros_msgs/msg/detail/tracked_features__functions.h\n'}
[0.664481] (depthai_ros_msgs) StdoutLine: {'line': b'-- Up-to-date: /home/dronelab/vikram/slam-project/install/depthai_ros_msgs/include/depthai_ros_msgs/depthai_ros_msgs/msg/detail/track_detection2_d_array__struct.h\n'}
[0.664549] (depthai_ros_msgs) StdoutLine: {'line': b'-- Up-to-date: /home/dronelab/vikram/slam-project/install/depthai_ros_msgs/include/depthai_ros_msgs/depthai_ros_msgs/msg/detail/tracked_features__type_support.h\n'}
[0.664623] (depthai_ros_msgs) StdoutLine: {'line': b'-- Up-to-date: /home/dronelab/vikram/slam-project/install/depthai_ros_msgs/include/depthai_ros_msgs/depthai_ros_msgs/msg/detail/hand_landmark__functions.c\n'}
[0.664694] (depthai_ros_msgs) StdoutLine: {'line': b'-- Up-to-date: /home/dronelab/vikram/slam-project/install/depthai_ros_msgs/include/depthai_ros_msgs/depthai_ros_msgs/msg/detail/hand_landmark_array__type_support.h\n'}
[0.664762] (depthai_ros_msgs) StdoutLine: {'line': b'-- Up-to-date: /home/dronelab/vikram/slam-project/install/depthai_ros_msgs/include/depthai_ros_msgs/depthai_ros_msgs/msg/detail/spatial_detection__functions.c\n'}
[0.664830] (depthai_ros_msgs) StdoutLine: {'line': b'-- Up-to-date: /home/dronelab/vikram/slam-project/install/depthai_ros_msgs/include/depthai_ros_msgs/depthai_ros_msgs/msg/detail/auto_focus_ctrl__functions.c\n'}
[0.664890] (depthai_ros_msgs) StdoutLine: {'line': b'-- Up-to-date: /home/dronelab/vikram/slam-project/install/depthai_ros_msgs/include/depthai_ros_msgs/depthai_ros_msgs/msg/detail/hand_landmark__struct.h\n'}
[0.664947] (depthai_ros_msgs) StdoutLine: {'line': b'-- Up-to-date: /home/dronelab/vikram/slam-project/install/depthai_ros_msgs/include/depthai_ros_msgs/depthai_ros_msgs/msg/detail/auto_focus_ctrl__type_support.h\n'}
[0.665004] (depthai_ros_msgs) StdoutLine: {'line': b'-- Up-to-date: /home/dronelab/vikram/slam-project/install/depthai_ros_msgs/include/depthai_ros_msgs/depthai_ros_msgs/msg/detail/track_detection2_d_array__functions.h\n'}
[0.665060] (depthai_ros_msgs) StdoutLine: {'line': b'-- Up-to-date: /home/dronelab/vikram/slam-project/install/depthai_ros_msgs/include/depthai_ros_msgs/depthai_ros_msgs/msg/detail/hand_landmark_array__functions.h\n'}
[0.665122] (depthai_ros_msgs) StdoutLine: {'line': b'-- Up-to-date: /home/dronelab/vikram/slam-project/install/depthai_ros_msgs/include/depthai_ros_msgs/depthai_ros_msgs/msg/detail/track_detection2_d__functions.h\n'}
[0.665178] (depthai_ros_msgs) StdoutLine: {'line': b'-- Up-to-date: /home/dronelab/vikram/slam-project/install/depthai_ros_msgs/include/depthai_ros_msgs/depthai_ros_msgs/msg/detail/track_detection2_d_array__functions.c\n'}
[0.665237] (depthai_ros_msgs) StdoutLine: {'line': b'-- Up-to-date: /home/dronelab/vikram/slam-project/install/depthai_ros_msgs/include/depthai_ros_msgs/depthai_ros_msgs/msg/detail/hand_landmark_array__functions.c\n'}
[0.665295] (depthai_ros_msgs) StdoutLine: {'line': b'-- Up-to-date: /home/dronelab/vikram/slam-project/install/depthai_ros_msgs/include/depthai_ros_msgs/depthai_ros_msgs/msg/detail/spatial_detection_array__struct.h\n'}
[0.665361] (depthai_ros_msgs) StdoutLine: {'line': b'-- Up-to-date: /home/dronelab/vikram/slam-project/install/depthai_ros_msgs/include/depthai_ros_msgs/depthai_ros_msgs/msg/detail/imu_with_magnetic_field__type_support.h\n'}
[0.665418] (depthai_ros_msgs) StdoutLine: {'line': b'-- Up-to-date: /home/dronelab/vikram/slam-project/install/depthai_ros_msgs/include/depthai_ros_msgs/depthai_ros_msgs/msg/detail/hand_landmark__functions.h\n'}
[0.665474] (depthai_ros_msgs) StdoutLine: {'line': b'-- Up-to-date: /home/dronelab/vikram/slam-project/install/depthai_ros_msgs/include/depthai_ros_msgs/depthai_ros_msgs/msg/detail/hand_landmark__type_support.h\n'}
[0.665533] (depthai_ros_msgs) StdoutLine: {'line': b'-- Up-to-date: /home/dronelab/vikram/slam-project/install/depthai_ros_msgs/include/depthai_ros_msgs/depthai_ros_msgs/msg/detail/tracked_feature__type_support.h\n'}
[0.665589] (depthai_ros_msgs) StdoutLine: {'line': b'-- Up-to-date: /home/dronelab/vikram/slam-project/install/depthai_ros_msgs/include/depthai_ros_msgs/depthai_ros_msgs/msg/detail/spatial_detection__type_support.h\n'}
[0.665798] (depthai_ros_msgs) StdoutLine: {'line': b'-- Up-to-date: /home/dronelab/vikram/slam-project/install/depthai_ros_msgs/include/depthai_ros_msgs/depthai_ros_msgs/msg/detail/imu_with_magnetic_field__functions.h\n'}
[0.665907] (depthai_ros_msgs) StdoutLine: {'line': b'-- Up-to-date: /home/dronelab/vikram/slam-project/install/depthai_ros_msgs/include/depthai_ros_msgs/depthai_ros_msgs/msg/detail/tracked_feature__struct.h\n'}
[0.665977] (depthai_ros_msgs) StdoutLine: {'line': b'-- Up-to-date: /home/dronelab/vikram/slam-project/install/depthai_ros_msgs/include/depthai_ros_msgs/depthai_ros_msgs/msg/detail/tracked_features__struct.h\n'}
[0.666042] (depthai_ros_msgs) StdoutLine: {'line': b'-- Up-to-date: /home/dronelab/vikram/slam-project/install/depthai_ros_msgs/include/depthai_ros_msgs/depthai_ros_msgs/msg/detail/spatial_detection_array__functions.h\n'}
[0.666105] (depthai_ros_msgs) StdoutLine: {'line': b'-- Up-to-date: /home/dronelab/vikram/slam-project/install/depthai_ros_msgs/include/depthai_ros_msgs/depthai_ros_msgs/msg/detail/imu_with_magnetic_field__functions.c\n'}
[0.666167] (depthai_ros_msgs) StdoutLine: {'line': b'-- Up-to-date: /home/dronelab/vikram/slam-project/install/depthai_ros_msgs/include/depthai_ros_msgs/depthai_ros_msgs/msg/detail/tracked_feature__functions.c\n'}
[0.666522] (depthai_ros_msgs) StdoutLine: {'line': b'-- Up-to-date: /home/dronelab/vikram/slam-project/install/depthai_ros_msgs/include/depthai_ros_msgs/depthai_ros_msgs/msg/detail/track_detection2_d_array__type_support.h\n'}
[0.666591] (depthai_ros_msgs) StdoutLine: {'line': b'-- Up-to-date: /home/dronelab/vikram/slam-project/install/depthai_ros_msgs/include/depthai_ros_msgs/depthai_ros_msgs/msg/detail/track_detection2_d__functions.c\n'}
[0.666751] (depthai_ros_msgs) StdoutLine: {'line': b'-- Up-to-date: /home/dronelab/vikram/slam-project/install/depthai_ros_msgs/include/depthai_ros_msgs/depthai_ros_msgs/msg/detail/spatial_detection__functions.h\n'}
[0.666821] (depthai_ros_msgs) StdoutLine: {'line': b'-- Up-to-date: /home/dronelab/vikram/slam-project/install/depthai_ros_msgs/include/depthai_ros_msgs/depthai_ros_msgs/msg/detail/spatial_detection__struct.h\n'}
[0.666883] (depthai_ros_msgs) StdoutLine: {'line': b'-- Up-to-date: /home/dronelab/vikram/slam-project/install/depthai_ros_msgs/include/depthai_ros_msgs/depthai_ros_msgs/msg/detail/hand_landmark_array__struct.h\n'}
[0.666943] (depthai_ros_msgs) StdoutLine: {'line': b'-- Up-to-date: /home/dronelab/vikram/slam-project/install/depthai_ros_msgs/include/depthai_ros_msgs/depthai_ros_msgs/msg/detail/auto_focus_ctrl__functions.h\n'}
[0.667000] (depthai_ros_msgs) StdoutLine: {'line': b'-- Up-to-date: /home/dronelab/vikram/slam-project/install/depthai_ros_msgs/include/depthai_ros_msgs/depthai_ros_msgs/msg/detail/auto_focus_ctrl__struct.h\n'}
[0.667060] (depthai_ros_msgs) StdoutLine: {'line': b'-- Up-to-date: /home/dronelab/vikram/slam-project/install/depthai_ros_msgs/include/depthai_ros_msgs/depthai_ros_msgs/msg/detail/spatial_detection_array__functions.c\n'}
[0.667121] (depthai_ros_msgs) StdoutLine: {'line': b'-- Up-to-date: /home/dronelab/vikram/slam-project/install/depthai_ros_msgs/include/depthai_ros_msgs/depthai_ros_msgs/msg/detail/imu_with_magnetic_field__struct.h\n'}
[0.667181] (depthai_ros_msgs) StdoutLine: {'line': b'-- Up-to-date: /home/dronelab/vikram/slam-project/install/depthai_ros_msgs/include/depthai_ros_msgs/depthai_ros_msgs/msg/hand_landmark_array.h\n'}
[0.667239] (depthai_ros_msgs) StdoutLine: {'line': b'-- Up-to-date: /home/dronelab/vikram/slam-project/install/depthai_ros_msgs/include/depthai_ros_msgs/depthai_ros_msgs/msg/rosidl_generator_c__visibility_control.h\n'}
[0.667507] (depthai_ros_msgs) StdoutLine: {'line': b'-- Up-to-date: /home/dronelab/vikram/slam-project/install/depthai_ros_msgs/share/depthai_ros_msgs/environment/library_path.sh\n'}
[0.667573] (depthai_ros_msgs) StdoutLine: {'line': b'-- Up-to-date: /home/dronelab/vikram/slam-project/install/depthai_ros_msgs/share/depthai_ros_msgs/environment/library_path.dsv\n'}
[0.667634] (depthai_ros_msgs) StdoutLine: {'line': b'-- Up-to-date: /home/dronelab/vikram/slam-project/install/depthai_ros_msgs/lib/libdepthai_ros_msgs__rosidl_generator_c.so\n'}
[0.667693] (depthai_ros_msgs) StdoutLine: {'line': b'-- Up-to-date: /home/dronelab/vikram/slam-project/install/depthai_ros_msgs/include/depthai_ros_msgs/depthai_ros_msgs\n'}
[0.667753] (depthai_ros_msgs) StdoutLine: {'line': b'-- Up-to-date: /home/dronelab/vikram/slam-project/install/depthai_ros_msgs/include/depthai_ros_msgs/depthai_ros_msgs/srv\n'}
[0.667812] (depthai_ros_msgs) StdoutLine: {'line': b'-- Up-to-date: /home/dronelab/vikram/slam-project/install/depthai_ros_msgs/include/depthai_ros_msgs/depthai_ros_msgs/srv/detail\n'}
[0.667868] (depthai_ros_msgs) StdoutLine: {'line': b'-- Up-to-date: /home/dronelab/vikram/slam-project/install/depthai_ros_msgs/include/depthai_ros_msgs/depthai_ros_msgs/srv/detail/normalized_image_crop__rosidl_typesupport_fastrtps_c.h\n'}
[0.667926] (depthai_ros_msgs) StdoutLine: {'line': b'-- Up-to-date: /home/dronelab/vikram/slam-project/install/depthai_ros_msgs/include/depthai_ros_msgs/depthai_ros_msgs/srv/detail/set_local_transform__rosidl_typesupport_fastrtps_c.h\n'}
[0.667984] (depthai_ros_msgs) StdoutLine: {'line': b'-- Up-to-date: /home/dronelab/vikram/slam-project/install/depthai_ros_msgs/include/depthai_ros_msgs/depthai_ros_msgs/srv/detail/trigger_named__rosidl_typesupport_fastrtps_c.h\n'}
[0.668069] (depthai_ros_msgs) StdoutLine: {'line': b'-- Up-to-date: /home/dronelab/vikram/slam-project/install/depthai_ros_msgs/include/depthai_ros_msgs/depthai_ros_msgs/msg\n'}
[0.668127] (depthai_ros_msgs) StdoutLine: {'line': b'-- Up-to-date: /home/dronelab/vikram/slam-project/install/depthai_ros_msgs/include/depthai_ros_msgs/depthai_ros_msgs/msg/rosidl_typesupport_fastrtps_c__visibility_control.h\n'}
[0.668186] (depthai_ros_msgs) StdoutLine: {'line': b'-- Up-to-date: /home/dronelab/vikram/slam-project/install/depthai_ros_msgs/include/depthai_ros_msgs/depthai_ros_msgs/msg/detail\n'}
[0.668243] (depthai_ros_msgs) StdoutLine: {'line': b'-- Up-to-date: /home/dronelab/vikram/slam-project/install/depthai_ros_msgs/include/depthai_ros_msgs/depthai_ros_msgs/msg/detail/hand_landmark__rosidl_typesupport_fastrtps_c.h\n'}
[0.668299] (depthai_ros_msgs) StdoutLine: {'line': b'-- Up-to-date: /home/dronelab/vikram/slam-project/install/depthai_ros_msgs/include/depthai_ros_msgs/depthai_ros_msgs/msg/detail/track_detection2_d__rosidl_typesupport_fastrtps_c.h\n'}
[0.668366] (depthai_ros_msgs) StdoutLine: {'line': b'-- Up-to-date: /home/dronelab/vikram/slam-project/install/depthai_ros_msgs/include/depthai_ros_msgs/depthai_ros_msgs/msg/detail/imu_with_magnetic_field__rosidl_typesupport_fastrtps_c.h\n'}
[0.668425] (depthai_ros_msgs) StdoutLine: {'line': b'-- Up-to-date: /home/dronelab/vikram/slam-project/install/depthai_ros_msgs/include/depthai_ros_msgs/depthai_ros_msgs/msg/detail/tracked_feature__rosidl_typesupport_fastrtps_c.h\n'}
[0.668546] (depthai_ros_msgs) StdoutLine: {'line': b'-- Up-to-date: /home/dronelab/vikram/slam-project/install/depthai_ros_msgs/include/depthai_ros_msgs/depthai_ros_msgs/msg/detail/hand_landmark_array__rosidl_typesupport_fastrtps_c.h\n'}
[0.668586] (depthai_ros_msgs) StdoutLine: {'line': b'-- Up-to-date: /home/dronelab/vikram/slam-project/install/depthai_ros_msgs/include/depthai_ros_msgs/depthai_ros_msgs/msg/detail/tracked_features__rosidl_typesupport_fastrtps_c.h\n'}
[0.668625] (depthai_ros_msgs) StdoutLine: {'line': b'-- Up-to-date: /home/dronelab/vikram/slam-project/install/depthai_ros_msgs/include/depthai_ros_msgs/depthai_ros_msgs/msg/detail/track_detection2_d_array__rosidl_typesupport_fastrtps_c.h\n'}
[0.668665] (depthai_ros_msgs) StdoutLine: {'line': b'-- Up-to-date: /home/dronelab/vikram/slam-project/install/depthai_ros_msgs/include/depthai_ros_msgs/depthai_ros_msgs/msg/detail/auto_focus_ctrl__rosidl_typesupport_fastrtps_c.h\n'}
[0.668703] (depthai_ros_msgs) StdoutLine: {'line': b'-- Up-to-date: /home/dronelab/vikram/slam-project/install/depthai_ros_msgs/include/depthai_ros_msgs/depthai_ros_msgs/msg/detail/spatial_detection_array__rosidl_typesupport_fastrtps_c.h\n'}
[0.668742] (depthai_ros_msgs) StdoutLine: {'line': b'-- Up-to-date: /home/dronelab/vikram/slam-project/install/depthai_ros_msgs/include/depthai_ros_msgs/depthai_ros_msgs/msg/detail/spatial_detection__rosidl_typesupport_fastrtps_c.h\n'}
[0.668780] (depthai_ros_msgs) StdoutLine: {'line': b'-- Up-to-date: /home/dronelab/vikram/slam-project/install/depthai_ros_msgs/lib/libdepthai_ros_msgs__rosidl_typesupport_fastrtps_c.so\n'}
[0.668819] (depthai_ros_msgs) StdoutLine: {'line': b'-- Up-to-date: /home/dronelab/vikram/slam-project/install/depthai_ros_msgs/include/depthai_ros_msgs/depthai_ros_msgs\n'}
[0.668858] (depthai_ros_msgs) StdoutLine: {'line': b'-- Up-to-date: /home/dronelab/vikram/slam-project/install/depthai_ros_msgs/include/depthai_ros_msgs/depthai_ros_msgs/srv\n'}
[0.668899] (depthai_ros_msgs) StdoutLine: {'line': b'-- Up-to-date: /home/dronelab/vikram/slam-project/install/depthai_ros_msgs/include/depthai_ros_msgs/depthai_ros_msgs/srv/normalized_image_crop.hpp\n'}
[0.668994] (depthai_ros_msgs) StdoutLine: {'line': b'-- Up-to-date: /home/dronelab/vikram/slam-project/install/depthai_ros_msgs/include/depthai_ros_msgs/depthai_ros_msgs/srv/trigger_named.hpp\n'}
[0.669038] (depthai_ros_msgs) StdoutLine: {'line': b'-- Up-to-date: /home/dronelab/vikram/slam-project/install/depthai_ros_msgs/include/depthai_ros_msgs/depthai_ros_msgs/srv/set_local_transform.hpp\n'}
[0.669079] (depthai_ros_msgs) StdoutLine: {'line': b'-- Up-to-date: /home/dronelab/vikram/slam-project/install/depthai_ros_msgs/include/depthai_ros_msgs/depthai_ros_msgs/srv/detail\n'}
[0.669118] (depthai_ros_msgs) StdoutLine: {'line': b'-- Up-to-date: /home/dronelab/vikram/slam-project/install/depthai_ros_msgs/include/depthai_ros_msgs/depthai_ros_msgs/srv/detail/set_local_transform__traits.hpp\n'}
[0.669161] (depthai_ros_msgs) StdoutLine: {'line': b'-- Up-to-date: /home/dronelab/vikram/slam-project/install/depthai_ros_msgs/include/depthai_ros_msgs/depthai_ros_msgs/srv/detail/set_local_transform__struct.hpp\n'}
[0.669201] (depthai_ros_msgs) StdoutLine: {'line': b'-- Up-to-date: /home/dronelab/vikram/slam-project/install/depthai_ros_msgs/include/depthai_ros_msgs/depthai_ros_msgs/srv/detail/normalized_image_crop__traits.hpp\n'}
[0.669241] (depthai_ros_msgs) StdoutLine: {'line': b'-- Up-to-date: /home/dronelab/vikram/slam-project/install/depthai_ros_msgs/include/depthai_ros_msgs/depthai_ros_msgs/srv/detail/normalized_image_crop__struct.hpp\n'}
[0.669280] (depthai_ros_msgs) StdoutLine: {'line': b'-- Up-to-date: /home/dronelab/vikram/slam-project/install/depthai_ros_msgs/include/depthai_ros_msgs/depthai_ros_msgs/srv/detail/trigger_named__struct.hpp\n'}
[0.669325] (depthai_ros_msgs) StdoutLine: {'line': b'-- Up-to-date: /home/dronelab/vikram/slam-project/install/depthai_ros_msgs/include/depthai_ros_msgs/depthai_ros_msgs/srv/detail/trigger_named__traits.hpp\n'}
[0.669367] (depthai_ros_msgs) StdoutLine: {'line': b'-- Up-to-date: /home/dronelab/vikram/slam-project/install/depthai_ros_msgs/include/depthai_ros_msgs/depthai_ros_msgs/srv/detail/trigger_named__builder.hpp\n'}
[0.669407] (depthai_ros_msgs) StdoutLine: {'line': b'-- Up-to-date: /home/dronelab/vikram/slam-project/install/depthai_ros_msgs/include/depthai_ros_msgs/depthai_ros_msgs/srv/detail/set_local_transform__builder.hpp\n'}
[0.669447] (depthai_ros_msgs) StdoutLine: {'line': b'-- Up-to-date: /home/dronelab/vikram/slam-project/install/depthai_ros_msgs/include/depthai_ros_msgs/depthai_ros_msgs/srv/detail/normalized_image_crop__builder.hpp\n'}
[0.669486] (depthai_ros_msgs) StdoutLine: {'line': b'-- Up-to-date: /home/dronelab/vikram/slam-project/install/depthai_ros_msgs/include/depthai_ros_msgs/depthai_ros_msgs/msg\n'}
[0.669527] (depthai_ros_msgs) StdoutLine: {'line': b'-- Up-to-date: /home/dronelab/vikram/slam-project/install/depthai_ros_msgs/include/depthai_ros_msgs/depthai_ros_msgs/msg/auto_focus_ctrl.hpp\n'}
[0.669568] (depthai_ros_msgs) StdoutLine: {'line': b'-- Up-to-date: /home/dronelab/vikram/slam-project/install/depthai_ros_msgs/include/depthai_ros_msgs/depthai_ros_msgs/msg/spatial_detection.hpp\n'}
[0.669610] (depthai_ros_msgs) StdoutLine: {'line': b'-- Up-to-date: /home/dronelab/vikram/slam-project/install/depthai_ros_msgs/include/depthai_ros_msgs/depthai_ros_msgs/msg/spatial_detection_array.hpp\n'}
[0.669651] (depthai_ros_msgs) StdoutLine: {'line': b'-- Up-to-date: /home/dronelab/vikram/slam-project/install/depthai_ros_msgs/include/depthai_ros_msgs/depthai_ros_msgs/msg/track_detection2_d_array.hpp\n'}
[0.669692] (depthai_ros_msgs) StdoutLine: {'line': b'-- Up-to-date: /home/dronelab/vikram/slam-project/install/depthai_ros_msgs/include/depthai_ros_msgs/depthai_ros_msgs/msg/track_detection2_d.hpp\n'}
[0.669732] (depthai_ros_msgs) StdoutLine: {'line': b'-- Up-to-date: /home/dronelab/vikram/slam-project/install/depthai_ros_msgs/include/depthai_ros_msgs/depthai_ros_msgs/msg/hand_landmark_array.hpp\n'}
[0.669772] (depthai_ros_msgs) StdoutLine: {'line': b'-- Up-to-date: /home/dronelab/vikram/slam-project/install/depthai_ros_msgs/include/depthai_ros_msgs/depthai_ros_msgs/msg/hand_landmark.hpp\n'}
[0.669810] (depthai_ros_msgs) StdoutLine: {'line': b'-- Up-to-date: /home/dronelab/vikram/slam-project/install/depthai_ros_msgs/include/depthai_ros_msgs/depthai_ros_msgs/msg/detail\n'}
[0.669866] (depthai_ros_msgs) StdoutLine: {'line': b'-- Up-to-date: /home/dronelab/vikram/slam-project/install/depthai_ros_msgs/include/depthai_ros_msgs/depthai_ros_msgs/msg/detail/track_detection2_d_array__traits.hpp\n'}
[0.669907] (depthai_ros_msgs) StdoutLine: {'line': b'-- Up-to-date: /home/dronelab/vikram/slam-project/install/depthai_ros_msgs/include/depthai_ros_msgs/depthai_ros_msgs/msg/detail/track_detection2_d_array__struct.hpp\n'}
[0.669945] (depthai_ros_msgs) StdoutLine: {'line': b'-- Up-to-date: /home/dronelab/vikram/slam-project/install/depthai_ros_msgs/include/depthai_ros_msgs/depthai_ros_msgs/msg/detail/tracked_feature__traits.hpp\n'}
[0.669984] (depthai_ros_msgs) StdoutLine: {'line': b'-- Up-to-date: /home/dronelab/vikram/slam-project/install/depthai_ros_msgs/include/depthai_ros_msgs/depthai_ros_msgs/msg/detail/track_detection2_d__traits.hpp\n'}
[0.670024] (depthai_ros_msgs) StdoutLine: {'line': b'-- Up-to-date: /home/dronelab/vikram/slam-project/install/depthai_ros_msgs/include/depthai_ros_msgs/depthai_ros_msgs/msg/detail/auto_focus_ctrl__builder.hpp\n'}
[0.670063] (depthai_ros_msgs) StdoutLine: {'line': b'-- Up-to-date: /home/dronelab/vikram/slam-project/install/depthai_ros_msgs/include/depthai_ros_msgs/depthai_ros_msgs/msg/detail/hand_landmark_array__builder.hpp\n'}
[0.670166] (depthai_ros_msgs) StdoutLine: {'line': b'-- Up-to-date: /home/dronelab/vikram/slam-project/install/depthai_ros_msgs/include/depthai_ros_msgs/depthai_ros_msgs/msg/detail/hand_landmark__traits.hpp\n'}
[0.670208] (depthai_ros_msgs) StdoutLine: {'line': b'-- Up-to-date: /home/dronelab/vikram/slam-project/install/depthai_ros_msgs/include/depthai_ros_msgs/depthai_ros_msgs/msg/detail/hand_landmark__builder.hpp\n'}
[0.670248] (depthai_ros_msgs) StdoutLine: {'line': b'-- Up-to-date: /home/dronelab/vikram/slam-project/install/depthai_ros_msgs/include/depthai_ros_msgs/depthai_ros_msgs/msg/detail/spatial_detection__builder.hpp\n'}
[0.670288] (depthai_ros_msgs) StdoutLine: {'line': b'-- Up-to-date: /home/dronelab/vikram/slam-project/install/depthai_ros_msgs/include/depthai_ros_msgs/depthai_ros_msgs/msg/detail/spatial_detection_array__builder.hpp\n'}
[0.670334] (depthai_ros_msgs) StdoutLine: {'line': b'-- Up-to-date: /home/dronelab/vikram/slam-project/install/depthai_ros_msgs/include/depthai_ros_msgs/depthai_ros_msgs/msg/detail/imu_with_magnetic_field__traits.hpp\n'}
[0.670375] (depthai_ros_msgs) StdoutLine: {'line': b'-- Up-to-date: /home/dronelab/vikram/slam-project/install/depthai_ros_msgs/include/depthai_ros_msgs/depthai_ros_msgs/msg/detail/auto_focus_ctrl__traits.hpp\n'}
[0.670416] (depthai_ros_msgs) StdoutLine: {'line': b'-- Up-to-date: /home/dronelab/vikram/slam-project/install/depthai_ros_msgs/include/depthai_ros_msgs/depthai_ros_msgs/msg/detail/auto_focus_ctrl__struct.hpp\n'}
[0.670457] (depthai_ros_msgs) StdoutLine: {'line': b'-- Up-to-date: /home/dronelab/vikram/slam-project/install/depthai_ros_msgs/include/depthai_ros_msgs/depthai_ros_msgs/msg/detail/tracked_features__builder.hpp\n'}
[0.670496] (depthai_ros_msgs) StdoutLine: {'line': b'-- Up-to-date: /home/dronelab/vikram/slam-project/install/depthai_ros_msgs/include/depthai_ros_msgs/depthai_ros_msgs/msg/detail/spatial_detection__struct.hpp\n'}
[0.670536] (depthai_ros_msgs) StdoutLine: {'line': b'-- Up-to-date: /home/dronelab/vikram/slam-project/install/depthai_ros_msgs/include/depthai_ros_msgs/depthai_ros_msgs/msg/detail/hand_landmark_array__struct.hpp\n'}
[0.670575] (depthai_ros_msgs) StdoutLine: {'line': b'-- Up-to-date: /home/dronelab/vikram/slam-project/install/depthai_ros_msgs/include/depthai_ros_msgs/depthai_ros_msgs/msg/detail/track_detection2_d__struct.hpp\n'}
[0.670614] (depthai_ros_msgs) StdoutLine: {'line': b'-- Up-to-date: /home/dronelab/vikram/slam-project/install/depthai_ros_msgs/include/depthai_ros_msgs/depthai_ros_msgs/msg/detail/tracked_feature__struct.hpp\n'}
[0.670653] (depthai_ros_msgs) StdoutLine: {'line': b'-- Up-to-date: /home/dronelab/vikram/slam-project/install/depthai_ros_msgs/include/depthai_ros_msgs/depthai_ros_msgs/msg/detail/spatial_detection__traits.hpp\n'}
[0.670697] (depthai_ros_msgs) StdoutLine: {'line': b'-- Up-to-date: /home/dronelab/vikram/slam-project/install/depthai_ros_msgs/include/depthai_ros_msgs/depthai_ros_msgs/msg/detail/imu_with_magnetic_field__struct.hpp\n'}
[0.670736] (depthai_ros_msgs) StdoutLine: {'line': b'-- Up-to-date: /home/dronelab/vikram/slam-project/install/depthai_ros_msgs/include/depthai_ros_msgs/depthai_ros_msgs/msg/detail/track_detection2_d__builder.hpp\n'}
[0.670775] (depthai_ros_msgs) StdoutLine: {'line': b'-- Up-to-date: /home/dronelab/vikram/slam-project/install/depthai_ros_msgs/include/depthai_ros_msgs/depthai_ros_msgs/msg/detail/hand_landmark_array__traits.hpp\n'}
[0.670814] (depthai_ros_msgs) StdoutLine: {'line': b'-- Up-to-date: /home/dronelab/vikram/slam-project/install/depthai_ros_msgs/include/depthai_ros_msgs/depthai_ros_msgs/msg/detail/spatial_detection_array__traits.hpp\n'}
[0.670853] (depthai_ros_msgs) StdoutLine: {'line': b'-- Up-to-date: /home/dronelab/vikram/slam-project/install/depthai_ros_msgs/include/depthai_ros_msgs/depthai_ros_msgs/msg/detail/tracked_features__traits.hpp\n'}
[0.670891] (depthai_ros_msgs) StdoutLine: {'line': b'-- Up-to-date: /home/dronelab/vikram/slam-project/install/depthai_ros_msgs/include/depthai_ros_msgs/depthai_ros_msgs/msg/detail/track_detection2_d_array__builder.hpp\n'}
[0.670930] (depthai_ros_msgs) StdoutLine: {'line': b'-- Up-to-date: /home/dronelab/vikram/slam-project/install/depthai_ros_msgs/include/depthai_ros_msgs/depthai_ros_msgs/msg/detail/tracked_feature__builder.hpp\n'}
[0.670968] (depthai_ros_msgs) StdoutLine: {'line': b'-- Up-to-date: /home/dronelab/vikram/slam-project/install/depthai_ros_msgs/include/depthai_ros_msgs/depthai_ros_msgs/msg/detail/imu_with_magnetic_field__builder.hpp\n'}
[0.671007] (depthai_ros_msgs) StdoutLine: {'line': b'-- Up-to-date: /home/dronelab/vikram/slam-project/install/depthai_ros_msgs/include/depthai_ros_msgs/depthai_ros_msgs/msg/detail/hand_landmark__struct.hpp\n'}
[0.671045] (depthai_ros_msgs) StdoutLine: {'line': b'-- Up-to-date: /home/dronelab/vikram/slam-project/install/depthai_ros_msgs/include/depthai_ros_msgs/depthai_ros_msgs/msg/detail/spatial_detection_array__struct.hpp\n'}
[0.671085] (depthai_ros_msgs) StdoutLine: {'line': b'-- Up-to-date: /home/dronelab/vikram/slam-project/install/depthai_ros_msgs/include/depthai_ros_msgs/depthai_ros_msgs/msg/detail/tracked_features__struct.hpp\n'}
[0.671124] (depthai_ros_msgs) StdoutLine: {'line': b'-- Up-to-date: /home/dronelab/vikram/slam-project/install/depthai_ros_msgs/include/depthai_ros_msgs/depthai_ros_msgs/msg/tracked_feature.hpp\n'}
[0.671162] (depthai_ros_msgs) StdoutLine: {'line': b'-- Up-to-date: /home/dronelab/vikram/slam-project/install/depthai_ros_msgs/include/depthai_ros_msgs/depthai_ros_msgs/msg/imu_with_magnetic_field.hpp\n'}
[0.671205] (depthai_ros_msgs) StdoutLine: {'line': b'-- Up-to-date: /home/dronelab/vikram/slam-project/install/depthai_ros_msgs/include/depthai_ros_msgs/depthai_ros_msgs/msg/tracked_features.hpp\n'}
[0.671244] (depthai_ros_msgs) StdoutLine: {'line': b'-- Up-to-date: /home/dronelab/vikram/slam-project/install/depthai_ros_msgs/include/depthai_ros_msgs/depthai_ros_msgs\n'}
[0.671283] (depthai_ros_msgs) StdoutLine: {'line': b'-- Up-to-date: /home/dronelab/vikram/slam-project/install/depthai_ros_msgs/include/depthai_ros_msgs/depthai_ros_msgs/srv\n'}
[0.671325] (depthai_ros_msgs) StdoutLine: {'line': b'-- Up-to-date: /home/dronelab/vikram/slam-project/install/depthai_ros_msgs/include/depthai_ros_msgs/depthai_ros_msgs/srv/detail\n'}
[0.671367] (depthai_ros_msgs) StdoutLine: {'line': b'-- Up-to-date: /home/dronelab/vikram/slam-project/install/depthai_ros_msgs/include/depthai_ros_msgs/depthai_ros_msgs/srv/detail/set_local_transform__rosidl_typesupport_fastrtps_cpp.hpp\n'}
[0.671406] (depthai_ros_msgs) StdoutLine: {'line': b'-- Up-to-date: /home/dronelab/vikram/slam-project/install/depthai_ros_msgs/include/depthai_ros_msgs/depthai_ros_msgs/srv/detail/dds_fastrtps\n'}
[0.671446] (depthai_ros_msgs) StdoutLine: {'line': b'-- Up-to-date: /home/dronelab/vikram/slam-project/install/depthai_ros_msgs/include/depthai_ros_msgs/depthai_ros_msgs/srv/detail/trigger_named__rosidl_typesupport_fastrtps_cpp.hpp\n'}
[0.671487] (depthai_ros_msgs) StdoutLine: {'line': b'-- Up-to-date: /home/dronelab/vikram/slam-project/install/depthai_ros_msgs/include/depthai_ros_msgs/depthai_ros_msgs/srv/detail/normalized_image_crop__rosidl_typesupport_fastrtps_cpp.hpp\n'}
[0.671526] (depthai_ros_msgs) StdoutLine: {'line': b'-- Up-to-date: /home/dronelab/vikram/slam-project/install/depthai_ros_msgs/include/depthai_ros_msgs/depthai_ros_msgs/msg\n'}
[0.671565] (depthai_ros_msgs) StdoutLine: {'line': b'-- Up-to-date: /home/dronelab/vikram/slam-project/install/depthai_ros_msgs/include/depthai_ros_msgs/depthai_ros_msgs/msg/rosidl_typesupport_fastrtps_cpp__visibility_control.h\n'}
[0.671606] (depthai_ros_msgs) StdoutLine: {'line': b'-- Up-to-date: /home/dronelab/vikram/slam-project/install/depthai_ros_msgs/include/depthai_ros_msgs/depthai_ros_msgs/msg/detail\n'}
[0.671644] (depthai_ros_msgs) StdoutLine: {'line': b'-- Up-to-date: /home/dronelab/vikram/slam-project/install/depthai_ros_msgs/include/depthai_ros_msgs/depthai_ros_msgs/msg/detail/track_detection2_d_array__rosidl_typesupport_fastrtps_cpp.hpp\n'}
[0.671686] (depthai_ros_msgs) StdoutLine: {'line': b'-- Up-to-date: /home/dronelab/vikram/slam-project/install/depthai_ros_msgs/include/depthai_ros_msgs/depthai_ros_msgs/msg/detail/dds_fastrtps\n'}
[0.671726] (depthai_ros_msgs) StdoutLine: {'line': b'-- Up-to-date: /home/dronelab/vikram/slam-project/install/depthai_ros_msgs/include/depthai_ros_msgs/depthai_ros_msgs/msg/detail/tracked_feature__rosidl_typesupport_fastrtps_cpp.hpp\n'}
[0.671764] (depthai_ros_msgs) StdoutLine: {'line': b'-- Up-to-date: /home/dronelab/vikram/slam-project/install/depthai_ros_msgs/include/depthai_ros_msgs/depthai_ros_msgs/msg/detail/track_detection2_d__rosidl_typesupport_fastrtps_cpp.hpp\n'}
[0.671803] (depthai_ros_msgs) StdoutLine: {'line': b'-- Up-to-date: /home/dronelab/vikram/slam-project/install/depthai_ros_msgs/include/depthai_ros_msgs/depthai_ros_msgs/msg/detail/hand_landmark__rosidl_typesupport_fastrtps_cpp.hpp\n'}
[0.671842] (depthai_ros_msgs) StdoutLine: {'line': b'-- Up-to-date: /home/dronelab/vikram/slam-project/install/depthai_ros_msgs/include/depthai_ros_msgs/depthai_ros_msgs/msg/detail/imu_with_magnetic_field__rosidl_typesupport_fastrtps_cpp.hpp\n'}
[0.671882] (depthai_ros_msgs) StdoutLine: {'line': b'-- Up-to-date: /home/dronelab/vikram/slam-project/install/depthai_ros_msgs/include/depthai_ros_msgs/depthai_ros_msgs/msg/detail/auto_focus_ctrl__rosidl_typesupport_fastrtps_cpp.hpp\n'}
[0.671920] (depthai_ros_msgs) StdoutLine: {'line': b'-- Up-to-date: /home/dronelab/vikram/slam-project/install/depthai_ros_msgs/include/depthai_ros_msgs/depthai_ros_msgs/msg/detail/tracked_features__rosidl_typesupport_fastrtps_cpp.hpp\n'}
[0.671960] (depthai_ros_msgs) StdoutLine: {'line': b'-- Up-to-date: /home/dronelab/vikram/slam-project/install/depthai_ros_msgs/include/depthai_ros_msgs/depthai_ros_msgs/msg/detail/spatial_detection__rosidl_typesupport_fastrtps_cpp.hpp\n'}
[0.671998] (depthai_ros_msgs) StdoutLine: {'line': b'-- Up-to-date: /home/dronelab/vikram/slam-project/install/depthai_ros_msgs/include/depthai_ros_msgs/depthai_ros_msgs/msg/detail/hand_landmark_array__rosidl_typesupport_fastrtps_cpp.hpp\n'}
[0.672037] (depthai_ros_msgs) StdoutLine: {'line': b'-- Up-to-date: /home/dronelab/vikram/slam-project/install/depthai_ros_msgs/include/depthai_ros_msgs/depthai_ros_msgs/msg/detail/spatial_detection_array__rosidl_typesupport_fastrtps_cpp.hpp\n'}
[0.672076] (depthai_ros_msgs) StdoutLine: {'line': b'-- Up-to-date: /home/dronelab/vikram/slam-project/install/depthai_ros_msgs/lib/libdepthai_ros_msgs__rosidl_typesupport_fastrtps_cpp.so\n'}
[0.672114] (depthai_ros_msgs) StdoutLine: {'line': b'-- Up-to-date: /home/dronelab/vikram/slam-project/install/depthai_ros_msgs/include/depthai_ros_msgs/depthai_ros_msgs\n'}
[0.672153] (depthai_ros_msgs) StdoutLine: {'line': b'-- Up-to-date: /home/dronelab/vikram/slam-project/install/depthai_ros_msgs/include/depthai_ros_msgs/depthai_ros_msgs/srv\n'}
[0.672230] (depthai_ros_msgs) StdoutLine: {'line': b'-- Up-to-date: /home/dronelab/vikram/slam-project/install/depthai_ros_msgs/include/depthai_ros_msgs/depthai_ros_msgs/srv/detail\n'}
[0.672269] (depthai_ros_msgs) StdoutLine: {'line': b'-- Up-to-date: /home/dronelab/vikram/slam-project/install/depthai_ros_msgs/include/depthai_ros_msgs/depthai_ros_msgs/srv/detail/set_local_transform__rosidl_typesupport_introspection_c.h\n'}
[0.672307] (depthai_ros_msgs) StdoutLine: {'line': b'-- Up-to-date: /home/dronelab/vikram/slam-project/install/depthai_ros_msgs/include/depthai_ros_msgs/depthai_ros_msgs/srv/detail/normalized_image_crop__type_support.c\n'}
[0.672345] (depthai_ros_msgs) StdoutLine: {'line': b'-- Up-to-date: /home/dronelab/vikram/slam-project/install/depthai_ros_msgs/include/depthai_ros_msgs/depthai_ros_msgs/srv/detail/normalized_image_crop__rosidl_typesupport_introspection_c.h\n'}
[0.672380] (depthai_ros_msgs) StdoutLine: {'line': b'-- Up-to-date: /home/dronelab/vikram/slam-project/install/depthai_ros_msgs/include/depthai_ros_msgs/depthai_ros_msgs/srv/detail/set_local_transform__type_support.c\n'}
[0.672415] (depthai_ros_msgs) StdoutLine: {'line': b'-- Up-to-date: /home/dronelab/vikram/slam-project/install/depthai_ros_msgs/include/depthai_ros_msgs/depthai_ros_msgs/srv/detail/trigger_named__type_support.c\n'}
[0.672450] (depthai_ros_msgs) StdoutLine: {'line': b'-- Up-to-date: /home/dronelab/vikram/slam-project/install/depthai_ros_msgs/include/depthai_ros_msgs/depthai_ros_msgs/srv/detail/trigger_named__rosidl_typesupport_introspection_c.h\n'}
[0.672485] (depthai_ros_msgs) StdoutLine: {'line': b'-- Up-to-date: /home/dronelab/vikram/slam-project/install/depthai_ros_msgs/include/depthai_ros_msgs/depthai_ros_msgs/msg\n'}
[0.672520] (depthai_ros_msgs) StdoutLine: {'line': b'-- Up-to-date: /home/dronelab/vikram/slam-project/install/depthai_ros_msgs/include/depthai_ros_msgs/depthai_ros_msgs/msg/rosidl_typesupport_introspection_c__visibility_control.h\n'}
[0.672554] (depthai_ros_msgs) StdoutLine: {'line': b'-- Up-to-date: /home/dronelab/vikram/slam-project/install/depthai_ros_msgs/include/depthai_ros_msgs/depthai_ros_msgs/msg/detail\n'}
[0.672577] (depthai_ros_msgs) StdoutLine: {'line': b'-- Up-to-date: /home/dronelab/vikram/slam-project/install/depthai_ros_msgs/include/depthai_ros_msgs/depthai_ros_msgs/msg/detail/tracked_features__type_support.c\n'}
[0.672602] (depthai_ros_msgs) StdoutLine: {'line': b'-- Up-to-date: /home/dronelab/vikram/slam-project/install/depthai_ros_msgs/include/depthai_ros_msgs/depthai_ros_msgs/msg/detail/imu_with_magnetic_field__type_support.c\n'}
[0.672627] (depthai_ros_msgs) StdoutLine: {'line': b'-- Up-to-date: /home/dronelab/vikram/slam-project/install/depthai_ros_msgs/include/depthai_ros_msgs/depthai_ros_msgs/msg/detail/hand_landmark_array__type_support.c\n'}
[0.672653] (depthai_ros_msgs) StdoutLine: {'line': b'-- Up-to-date: /home/dronelab/vikram/slam-project/install/depthai_ros_msgs/include/depthai_ros_msgs/depthai_ros_msgs/msg/detail/track_detection2_d__type_support.c\n'}
[0.672684] (depthai_ros_msgs) StdoutLine: {'line': b'-- Up-to-date: /home/dronelab/vikram/slam-project/install/depthai_ros_msgs/include/depthai_ros_msgs/depthai_ros_msgs/msg/detail/tracked_feature__rosidl_typesupport_introspection_c.h\n'}
[0.672718] (depthai_ros_msgs) StdoutLine: {'line': b'-- Up-to-date: /home/dronelab/vikram/slam-project/install/depthai_ros_msgs/include/depthai_ros_msgs/depthai_ros_msgs/msg/detail/tracked_features__rosidl_typesupport_introspection_c.h\n'}
[0.672755] (depthai_ros_msgs) StdoutLine: {'line': b'-- Up-to-date: /home/dronelab/vikram/slam-project/install/depthai_ros_msgs/include/depthai_ros_msgs/depthai_ros_msgs/msg/detail/hand_landmark__type_support.c\n'}
[0.672837] (depthai_ros_msgs) StdoutLine: {'line': b'-- Up-to-date: /home/dronelab/vikram/slam-project/install/depthai_ros_msgs/include/depthai_ros_msgs/depthai_ros_msgs/msg/detail/track_detection2_d_array__rosidl_typesupport_introspection_c.h\n'}
[0.672882] (depthai_ros_msgs) StdoutLine: {'line': b'-- Up-to-date: /home/dronelab/vikram/slam-project/install/depthai_ros_msgs/include/depthai_ros_msgs/depthai_ros_msgs/msg/detail/spatial_detection__rosidl_typesupport_introspection_c.h\n'}
[0.672917] (depthai_ros_msgs) StdoutLine: {'line': b'-- Up-to-date: /home/dronelab/vikram/slam-project/install/depthai_ros_msgs/include/depthai_ros_msgs/depthai_ros_msgs/msg/detail/auto_focus_ctrl__rosidl_typesupport_introspection_c.h\n'}
[0.672945] (depthai_ros_msgs) StdoutLine: {'line': b'-- Up-to-date: /home/dronelab/vikram/slam-project/install/depthai_ros_msgs/include/depthai_ros_msgs/depthai_ros_msgs/msg/detail/tracked_feature__type_support.c\n'}
[0.672972] (depthai_ros_msgs) StdoutLine: {'line': b'-- Up-to-date: /home/dronelab/vikram/slam-project/install/depthai_ros_msgs/include/depthai_ros_msgs/depthai_ros_msgs/msg/detail/spatial_detection__type_support.c\n'}
[0.672999] (depthai_ros_msgs) StdoutLine: {'line': b'-- Up-to-date: /home/dronelab/vikram/slam-project/install/depthai_ros_msgs/include/depthai_ros_msgs/depthai_ros_msgs/msg/detail/spatial_detection_array__rosidl_typesupport_introspection_c.h\n'}
[0.673025] (depthai_ros_msgs) StdoutLine: {'line': b'-- Up-to-date: /home/dronelab/vikram/slam-project/install/depthai_ros_msgs/include/depthai_ros_msgs/depthai_ros_msgs/msg/detail/hand_landmark__rosidl_typesupport_introspection_c.h\n'}
[0.673051] (depthai_ros_msgs) StdoutLine: {'line': b'-- Up-to-date: /home/dronelab/vikram/slam-project/install/depthai_ros_msgs/include/depthai_ros_msgs/depthai_ros_msgs/msg/detail/imu_with_magnetic_field__rosidl_typesupport_introspection_c.h\n'}
[0.673080] (depthai_ros_msgs) StdoutLine: {'line': b'-- Up-to-date: /home/dronelab/vikram/slam-project/install/depthai_ros_msgs/include/depthai_ros_msgs/depthai_ros_msgs/msg/detail/track_detection2_d__rosidl_typesupport_introspection_c.h\n'}
[0.673105] (depthai_ros_msgs) StdoutLine: {'line': b'-- Up-to-date: /home/dronelab/vikram/slam-project/install/depthai_ros_msgs/include/depthai_ros_msgs/depthai_ros_msgs/msg/detail/track_detection2_d_array__type_support.c\n'}
[0.673130] (depthai_ros_msgs) StdoutLine: {'line': b'-- Up-to-date: /home/dronelab/vikram/slam-project/install/depthai_ros_msgs/include/depthai_ros_msgs/depthai_ros_msgs/msg/detail/hand_landmark_array__rosidl_typesupport_introspection_c.h\n'}
[0.673154] (depthai_ros_msgs) StdoutLine: {'line': b'-- Up-to-date: /home/dronelab/vikram/slam-project/install/depthai_ros_msgs/include/depthai_ros_msgs/depthai_ros_msgs/msg/detail/spatial_detection_array__type_support.c\n'}
[0.673179] (depthai_ros_msgs) StdoutLine: {'line': b'-- Up-to-date: /home/dronelab/vikram/slam-project/install/depthai_ros_msgs/include/depthai_ros_msgs/depthai_ros_msgs/msg/detail/auto_focus_ctrl__type_support.c\n'}
[0.673204] (depthai_ros_msgs) StdoutLine: {'line': b'-- Up-to-date: /home/dronelab/vikram/slam-project/install/depthai_ros_msgs/lib/libdepthai_ros_msgs__rosidl_typesupport_introspection_c.so\n'}
[0.673228] (depthai_ros_msgs) StdoutLine: {'line': b'-- Up-to-date: /home/dronelab/vikram/slam-project/install/depthai_ros_msgs/lib/libdepthai_ros_msgs__rosidl_typesupport_c.so\n'}
[0.673253] (depthai_ros_msgs) StdoutLine: {'line': b'-- Up-to-date: /home/dronelab/vikram/slam-project/install/depthai_ros_msgs/include/depthai_ros_msgs/depthai_ros_msgs\n'}
[0.673278] (depthai_ros_msgs) StdoutLine: {'line': b'-- Up-to-date: /home/dronelab/vikram/slam-project/install/depthai_ros_msgs/include/depthai_ros_msgs/depthai_ros_msgs/srv\n'}
[0.673311] (depthai_ros_msgs) StdoutLine: {'line': b'-- Up-to-date: /home/dronelab/vikram/slam-project/install/depthai_ros_msgs/include/depthai_ros_msgs/depthai_ros_msgs/srv/detail\n'}
[0.673343] (depthai_ros_msgs) StdoutLine: {'line': b'-- Up-to-date: /home/dronelab/vikram/slam-project/install/depthai_ros_msgs/include/depthai_ros_msgs/depthai_ros_msgs/srv/detail/set_local_transform__type_support.cpp\n'}
[0.673372] (depthai_ros_msgs) StdoutLine: {'line': b'-- Up-to-date: /home/dronelab/vikram/slam-project/install/depthai_ros_msgs/include/depthai_ros_msgs/depthai_ros_msgs/srv/detail/set_local_transform__rosidl_typesupport_introspection_cpp.hpp\n'}
[0.673400] (depthai_ros_msgs) StdoutLine: {'line': b'-- Up-to-date: /home/dronelab/vikram/slam-project/install/depthai_ros_msgs/include/depthai_ros_msgs/depthai_ros_msgs/srv/detail/trigger_named__rosidl_typesupport_introspection_cpp.hpp\n'}
[0.673427] (depthai_ros_msgs) StdoutLine: {'line': b'-- Up-to-date: /home/dronelab/vikram/slam-project/install/depthai_ros_msgs/include/depthai_ros_msgs/depthai_ros_msgs/srv/detail/normalized_image_crop__rosidl_typesupport_introspection_cpp.hpp\n'}
[0.673453] (depthai_ros_msgs) StdoutLine: {'line': b'-- Up-to-date: /home/dronelab/vikram/slam-project/install/depthai_ros_msgs/include/depthai_ros_msgs/depthai_ros_msgs/srv/detail/trigger_named__type_support.cpp\n'}
[0.673479] (depthai_ros_msgs) StdoutLine: {'line': b'-- Up-to-date: /home/dronelab/vikram/slam-project/install/depthai_ros_msgs/include/depthai_ros_msgs/depthai_ros_msgs/srv/detail/normalized_image_crop__type_support.cpp\n'}
[0.673505] (depthai_ros_msgs) StdoutLine: {'line': b'-- Up-to-date: /home/dronelab/vikram/slam-project/install/depthai_ros_msgs/include/depthai_ros_msgs/depthai_ros_msgs/msg\n'}
[0.673531] (depthai_ros_msgs) StdoutLine: {'line': b'-- Up-to-date: /home/dronelab/vikram/slam-project/install/depthai_ros_msgs/include/depthai_ros_msgs/depthai_ros_msgs/msg/detail\n'}
[0.673556] (depthai_ros_msgs) StdoutLine: {'line': b'-- Up-to-date: /home/dronelab/vikram/slam-project/install/depthai_ros_msgs/include/depthai_ros_msgs/depthai_ros_msgs/msg/detail/tracked_features__type_support.cpp\n'}
[0.673579] (depthai_ros_msgs) StdoutLine: {'line': b'-- Up-to-date: /home/dronelab/vikram/slam-project/install/depthai_ros_msgs/include/depthai_ros_msgs/depthai_ros_msgs/msg/detail/imu_with_magnetic_field__type_support.cpp\n'}
[0.673604] (depthai_ros_msgs) StdoutLine: {'line': b'-- Up-to-date: /home/dronelab/vikram/slam-project/install/depthai_ros_msgs/include/depthai_ros_msgs/depthai_ros_msgs/msg/detail/spatial_detection__rosidl_typesupport_introspection_cpp.hpp\n'}
[0.673629] (depthai_ros_msgs) StdoutLine: {'line': b'-- Up-to-date: /home/dronelab/vikram/slam-project/install/depthai_ros_msgs/include/depthai_ros_msgs/depthai_ros_msgs/msg/detail/tracked_feature__rosidl_typesupport_introspection_cpp.hpp\n'}
[0.673654] (depthai_ros_msgs) StdoutLine: {'line': b'-- Up-to-date: /home/dronelab/vikram/slam-project/install/depthai_ros_msgs/include/depthai_ros_msgs/depthai_ros_msgs/msg/detail/tracked_features__rosidl_typesupport_introspection_cpp.hpp\n'}
[0.673679] (depthai_ros_msgs) StdoutLine: {'line': b'-- Up-to-date: /home/dronelab/vikram/slam-project/install/depthai_ros_msgs/include/depthai_ros_msgs/depthai_ros_msgs/msg/detail/track_detection2_d_array__rosidl_typesupport_introspection_cpp.hpp\n'}
[0.673704] (depthai_ros_msgs) StdoutLine: {'line': b'-- Up-to-date: /home/dronelab/vikram/slam-project/install/depthai_ros_msgs/include/depthai_ros_msgs/depthai_ros_msgs/msg/detail/auto_focus_ctrl__rosidl_typesupport_introspection_cpp.hpp\n'}
[0.673731] (depthai_ros_msgs) StdoutLine: {'line': b'-- Up-to-date: /home/dronelab/vikram/slam-project/install/depthai_ros_msgs/include/depthai_ros_msgs/depthai_ros_msgs/msg/detail/spatial_detection_array__rosidl_typesupport_introspection_cpp.hpp\n'}
[0.673756] (depthai_ros_msgs) StdoutLine: {'line': b'-- Up-to-date: /home/dronelab/vikram/slam-project/install/depthai_ros_msgs/include/depthai_ros_msgs/depthai_ros_msgs/msg/detail/track_detection2_d__rosidl_typesupport_introspection_cpp.hpp\n'}
[0.673780] (depthai_ros_msgs) StdoutLine: {'line': b'-- Up-to-date: /home/dronelab/vikram/slam-project/install/depthai_ros_msgs/include/depthai_ros_msgs/depthai_ros_msgs/msg/detail/hand_landmark__rosidl_typesupport_introspection_cpp.hpp\n'}
[0.673805] (depthai_ros_msgs) StdoutLine: {'line': b'-- Up-to-date: /home/dronelab/vikram/slam-project/install/depthai_ros_msgs/include/depthai_ros_msgs/depthai_ros_msgs/msg/detail/spatial_detection_array__type_support.cpp\n'}
[0.673829] (depthai_ros_msgs) StdoutLine: {'line': b'-- Up-to-date: /home/dronelab/vikram/slam-project/install/depthai_ros_msgs/include/depthai_ros_msgs/depthai_ros_msgs/msg/detail/track_detection2_d__type_support.cpp\n'}
[0.673855] (depthai_ros_msgs) StdoutLine: {'line': b'-- Up-to-date: /home/dronelab/vikram/slam-project/install/depthai_ros_msgs/include/depthai_ros_msgs/depthai_ros_msgs/msg/detail/spatial_detection__type_support.cpp\n'}
[0.673880] (depthai_ros_msgs) StdoutLine: {'line': b'-- Up-to-date: /home/dronelab/vikram/slam-project/install/depthai_ros_msgs/include/depthai_ros_msgs/depthai_ros_msgs/msg/detail/imu_with_magnetic_field__rosidl_typesupport_introspection_cpp.hpp\n'}
[0.673905] (depthai_ros_msgs) StdoutLine: {'line': b'-- Up-to-date: /home/dronelab/vikram/slam-project/install/depthai_ros_msgs/include/depthai_ros_msgs/depthai_ros_msgs/msg/detail/hand_landmark__type_support.cpp\n'}
[0.673929] (depthai_ros_msgs) StdoutLine: {'line': b'-- Up-to-date: /home/dronelab/vikram/slam-project/install/depthai_ros_msgs/include/depthai_ros_msgs/depthai_ros_msgs/msg/detail/hand_landmark_array__type_support.cpp\n'}
[0.673953] (depthai_ros_msgs) StdoutLine: {'line': b'-- Up-to-date: /home/dronelab/vikram/slam-project/install/depthai_ros_msgs/include/depthai_ros_msgs/depthai_ros_msgs/msg/detail/hand_landmark_array__rosidl_typesupport_introspection_cpp.hpp\n'}
[0.673977] (depthai_ros_msgs) StdoutLine: {'line': b'-- Up-to-date: /home/dronelab/vikram/slam-project/install/depthai_ros_msgs/include/depthai_ros_msgs/depthai_ros_msgs/msg/detail/auto_focus_ctrl__type_support.cpp\n'}
[0.674001] (depthai_ros_msgs) StdoutLine: {'line': b'-- Up-to-date: /home/dronelab/vikram/slam-project/install/depthai_ros_msgs/include/depthai_ros_msgs/depthai_ros_msgs/msg/detail/tracked_feature__type_support.cpp\n'}
[0.674025] (depthai_ros_msgs) StdoutLine: {'line': b'-- Up-to-date: /home/dronelab/vikram/slam-project/install/depthai_ros_msgs/include/depthai_ros_msgs/depthai_ros_msgs/msg/detail/track_detection2_d_array__type_support.cpp\n'}
[0.674049] (depthai_ros_msgs) StdoutLine: {'line': b'-- Up-to-date: /home/dronelab/vikram/slam-project/install/depthai_ros_msgs/lib/libdepthai_ros_msgs__rosidl_typesupport_introspection_cpp.so\n'}
[0.674073] (depthai_ros_msgs) StdoutLine: {'line': b'-- Up-to-date: /home/dronelab/vikram/slam-project/install/depthai_ros_msgs/lib/libdepthai_ros_msgs__rosidl_typesupport_cpp.so\n'}
[0.674097] (depthai_ros_msgs) StdoutLine: {'line': b'-- Up-to-date: /home/dronelab/vikram/slam-project/install/depthai_ros_msgs/share/depthai_ros_msgs/environment/pythonpath.sh\n'}
[0.674121] (depthai_ros_msgs) StdoutLine: {'line': b'-- Up-to-date: /home/dronelab/vikram/slam-project/install/depthai_ros_msgs/share/depthai_ros_msgs/environment/pythonpath.dsv\n'}
[0.674145] (depthai_ros_msgs) StdoutLine: {'line': b'-- Up-to-date: /home/dronelab/vikram/slam-project/install/depthai_ros_msgs/local/lib/python3.10/dist-packages/depthai_ros_msgs-3.0.9-py3.10.egg-info\n'}
[0.674169] (depthai_ros_msgs) StdoutLine: {'line': b'-- Installing: /home/dronelab/vikram/slam-project/install/depthai_ros_msgs/local/lib/python3.10/dist-packages/depthai_ros_msgs-3.0.9-py3.10.egg-info/PKG-INFO\n'}
[0.674193] (depthai_ros_msgs) StdoutLine: {'line': b'-- Installing: /home/dronelab/vikram/slam-project/install/depthai_ros_msgs/local/lib/python3.10/dist-packages/depthai_ros_msgs-3.0.9-py3.10.egg-info/SOURCES.txt\n'}
[0.674218] (depthai_ros_msgs) StdoutLine: {'line': b'-- Installing: /home/dronelab/vikram/slam-project/install/depthai_ros_msgs/local/lib/python3.10/dist-packages/depthai_ros_msgs-3.0.9-py3.10.egg-info/top_level.txt\n'}
[0.674242] (depthai_ros_msgs) StdoutLine: {'line': b'-- Installing: /home/dronelab/vikram/slam-project/install/depthai_ros_msgs/local/lib/python3.10/dist-packages/depthai_ros_msgs-3.0.9-py3.10.egg-info/dependency_links.txt\n'}
[0.674267] (depthai_ros_msgs) StdoutLine: {'line': b'-- Up-to-date: /home/dronelab/vikram/slam-project/install/depthai_ros_msgs/local/lib/python3.10/dist-packages/depthai_ros_msgs\n'}
[0.674292] (depthai_ros_msgs) StdoutLine: {'line': b'-- Up-to-date: /home/dronelab/vikram/slam-project/install/depthai_ros_msgs/local/lib/python3.10/dist-packages/depthai_ros_msgs/_depthai_ros_msgs_s.ep.rosidl_typesupport_fastrtps_c.c\n'}
[0.674321] (depthai_ros_msgs) StdoutLine: {'line': b'-- Up-to-date: /home/dronelab/vikram/slam-project/install/depthai_ros_msgs/local/lib/python3.10/dist-packages/depthai_ros_msgs/srv\n'}
[0.674345] (depthai_ros_msgs) StdoutLine: {'line': b'-- Up-to-date: /home/dronelab/vikram/slam-project/install/depthai_ros_msgs/local/lib/python3.10/dist-packages/depthai_ros_msgs/srv/_set_local_transform_s.c\n'}
[0.674372] (depthai_ros_msgs) StdoutLine: {'line': b'-- Up-to-date: /home/dronelab/vikram/slam-project/install/depthai_ros_msgs/local/lib/python3.10/dist-packages/depthai_ros_msgs/srv/_set_local_transform.py\n'}
[0.674398] (depthai_ros_msgs) StdoutLine: {'line': b'-- Up-to-date: /home/dronelab/vikram/slam-project/install/depthai_ros_msgs/local/lib/python3.10/dist-packages/depthai_ros_msgs/srv/_normalized_image_crop.py\n'}
[0.674424] (depthai_ros_msgs) StdoutLine: {'line': b'-- Up-to-date: /home/dronelab/vikram/slam-project/install/depthai_ros_msgs/local/lib/python3.10/dist-packages/depthai_ros_msgs/srv/__init__.py\n'}
[0.674448] (depthai_ros_msgs) StdoutLine: {'line': b'-- Up-to-date: /home/dronelab/vikram/slam-project/install/depthai_ros_msgs/local/lib/python3.10/dist-packages/depthai_ros_msgs/srv/_normalized_image_crop_s.c\n'}
[0.674472] (depthai_ros_msgs) StdoutLine: {'line': b'-- Up-to-date: /home/dronelab/vikram/slam-project/install/depthai_ros_msgs/local/lib/python3.10/dist-packages/depthai_ros_msgs/srv/_trigger_named.py\n'}
[0.674497] (depthai_ros_msgs) StdoutLine: {'line': b'-- Up-to-date: /home/dronelab/vikram/slam-project/install/depthai_ros_msgs/local/lib/python3.10/dist-packages/depthai_ros_msgs/srv/_trigger_named_s.c\n'}
[0.674523] (depthai_ros_msgs) StdoutLine: {'line': b'-- Up-to-date: /home/dronelab/vikram/slam-project/install/depthai_ros_msgs/local/lib/python3.10/dist-packages/depthai_ros_msgs/depthai_ros_msgs_s__rosidl_typesupport_c.cpython-310-x86_64-linux-gnu.so\n'}
[0.674548] (depthai_ros_msgs) StdoutLine: {'line': b'-- Up-to-date: /home/dronelab/vikram/slam-project/install/depthai_ros_msgs/local/lib/python3.10/dist-packages/depthai_ros_msgs/depthai_ros_msgs_s__rosidl_typesupport_introspection_c.cpython-310-x86_64-linux-gnu.so\n'}
[0.674573] (depthai_ros_msgs) StdoutLine: {'line': b'-- Up-to-date: /home/dronelab/vikram/slam-project/install/depthai_ros_msgs/local/lib/python3.10/dist-packages/depthai_ros_msgs/depthai_ros_msgs_s__rosidl_typesupport_fastrtps_c.cpython-310-x86_64-linux-gnu.so\n'}
[0.674598] (depthai_ros_msgs) StdoutLine: {'line': b'-- Up-to-date: /home/dronelab/vikram/slam-project/install/depthai_ros_msgs/local/lib/python3.10/dist-packages/depthai_ros_msgs/_depthai_ros_msgs_s.ep.rosidl_typesupport_introspection_c.c\n'}
[0.674623] (depthai_ros_msgs) StdoutLine: {'line': b'-- Up-to-date: /home/dronelab/vikram/slam-project/install/depthai_ros_msgs/local/lib/python3.10/dist-packages/depthai_ros_msgs/msg\n'}
[0.674647] (depthai_ros_msgs) StdoutLine: {'line': b'-- Up-to-date: /home/dronelab/vikram/slam-project/install/depthai_ros_msgs/local/lib/python3.10/dist-packages/depthai_ros_msgs/msg/_auto_focus_ctrl.py\n'}
[0.674673] (depthai_ros_msgs) StdoutLine: {'line': b'-- Up-to-date: /home/dronelab/vikram/slam-project/install/depthai_ros_msgs/local/lib/python3.10/dist-packages/depthai_ros_msgs/msg/_spatial_detection_array.py\n'}
[0.674698] (depthai_ros_msgs) StdoutLine: {'line': b'-- Up-to-date: /home/dronelab/vikram/slam-project/install/depthai_ros_msgs/local/lib/python3.10/dist-packages/depthai_ros_msgs/msg/_track_detection2_d_s.c\n'}
[0.674722] (depthai_ros_msgs) StdoutLine: {'line': b'-- Up-to-date: /home/dronelab/vikram/slam-project/install/depthai_ros_msgs/local/lib/python3.10/dist-packages/depthai_ros_msgs/msg/_track_detection2_d_array.py\n'}
[0.674746] (depthai_ros_msgs) StdoutLine: {'line': b'-- Up-to-date: /home/dronelab/vikram/slam-project/install/depthai_ros_msgs/local/lib/python3.10/dist-packages/depthai_ros_msgs/msg/_spatial_detection_array_s.c\n'}
[0.674769] (depthai_ros_msgs) StdoutLine: {'line': b'-- Up-to-date: /home/dronelab/vikram/slam-project/install/depthai_ros_msgs/local/lib/python3.10/dist-packages/depthai_ros_msgs/msg/_track_detection2_d.py\n'}
[0.674795] (depthai_ros_msgs) StdoutLine: {'line': b'-- Up-to-date: /home/dronelab/vikram/slam-project/install/depthai_ros_msgs/local/lib/python3.10/dist-packages/depthai_ros_msgs/msg/_tracked_feature.py\n'}
[0.674818] (depthai_ros_msgs) StdoutLine: {'line': b'-- Up-to-date: /home/dronelab/vikram/slam-project/install/depthai_ros_msgs/local/lib/python3.10/dist-packages/depthai_ros_msgs/msg/_auto_focus_ctrl_s.c\n'}
[0.674842] (depthai_ros_msgs) StdoutLine: {'line': b'-- Up-to-date: /home/dronelab/vikram/slam-project/install/depthai_ros_msgs/local/lib/python3.10/dist-packages/depthai_ros_msgs/msg/_imu_with_magnetic_field.py\n'}
[0.674866] (depthai_ros_msgs) StdoutLine: {'line': b'-- Up-to-date: /home/dronelab/vikram/slam-project/install/depthai_ros_msgs/local/lib/python3.10/dist-packages/depthai_ros_msgs/msg/_track_detection2_d_array_s.c\n'}
[0.674890] (depthai_ros_msgs) StdoutLine: {'line': b'-- Up-to-date: /home/dronelab/vikram/slam-project/install/depthai_ros_msgs/local/lib/python3.10/dist-packages/depthai_ros_msgs/msg/_tracked_feature_s.c\n'}
[0.674914] (depthai_ros_msgs) StdoutLine: {'line': b'-- Up-to-date: /home/dronelab/vikram/slam-project/install/depthai_ros_msgs/local/lib/python3.10/dist-packages/depthai_ros_msgs/msg/_spatial_detection_s.c\n'}
[0.674938] (depthai_ros_msgs) StdoutLine: {'line': b'-- Up-to-date: /home/dronelab/vikram/slam-project/install/depthai_ros_msgs/local/lib/python3.10/dist-packages/depthai_ros_msgs/msg/_tracked_features.py\n'}
[0.674961] (depthai_ros_msgs) StdoutLine: {'line': b'-- Up-to-date: /home/dronelab/vikram/slam-project/install/depthai_ros_msgs/local/lib/python3.10/dist-packages/depthai_ros_msgs/msg/_hand_landmark_array_s.c\n'}
[0.674989] (depthai_ros_msgs) StdoutLine: {'line': b'-- Up-to-date: /home/dronelab/vikram/slam-project/install/depthai_ros_msgs/local/lib/python3.10/dist-packages/depthai_ros_msgs/msg/__init__.py\n'}
[0.675013] (depthai_ros_msgs) StdoutLine: {'line': b'-- Up-to-date: /home/dronelab/vikram/slam-project/install/depthai_ros_msgs/local/lib/python3.10/dist-packages/depthai_ros_msgs/msg/_spatial_detection.py\n'}
[0.675037] (depthai_ros_msgs) StdoutLine: {'line': b'-- Up-to-date: /home/dronelab/vikram/slam-project/install/depthai_ros_msgs/local/lib/python3.10/dist-packages/depthai_ros_msgs/msg/_hand_landmark_s.c\n'}
[0.675062] (depthai_ros_msgs) StdoutLine: {'line': b'-- Up-to-date: /home/dronelab/vikram/slam-project/install/depthai_ros_msgs/local/lib/python3.10/dist-packages/depthai_ros_msgs/msg/_tracked_features_s.c\n'}
[0.675086] (depthai_ros_msgs) StdoutLine: {'line': b'-- Up-to-date: /home/dronelab/vikram/slam-project/install/depthai_ros_msgs/local/lib/python3.10/dist-packages/depthai_ros_msgs/msg/_hand_landmark.py\n'}
[0.675111] (depthai_ros_msgs) StdoutLine: {'line': b'-- Up-to-date: /home/dronelab/vikram/slam-project/install/depthai_ros_msgs/local/lib/python3.10/dist-packages/depthai_ros_msgs/msg/_imu_with_magnetic_field_s.c\n'}
[0.675136] (depthai_ros_msgs) StdoutLine: {'line': b'-- Up-to-date: /home/dronelab/vikram/slam-project/install/depthai_ros_msgs/local/lib/python3.10/dist-packages/depthai_ros_msgs/msg/_hand_landmark_array.py\n'}
[0.675159] (depthai_ros_msgs) StdoutLine: {'line': b'-- Up-to-date: /home/dronelab/vikram/slam-project/install/depthai_ros_msgs/local/lib/python3.10/dist-packages/depthai_ros_msgs/__init__.py\n'}
[0.675184] (depthai_ros_msgs) StdoutLine: {'line': b'-- Up-to-date: /home/dronelab/vikram/slam-project/install/depthai_ros_msgs/local/lib/python3.10/dist-packages/depthai_ros_msgs/libdepthai_ros_msgs__rosidl_generator_py.so\n'}
[0.675210] (depthai_ros_msgs) StdoutLine: {'line': b'-- Up-to-date: /home/dronelab/vikram/slam-project/install/depthai_ros_msgs/local/lib/python3.10/dist-packages/depthai_ros_msgs/_depthai_ros_msgs_s.ep.rosidl_typesupport_c.c\n'}
[0.690053] (depthai_ros_msgs) StdoutLine: {'line': b"Listing '/home/dronelab/vikram/slam-project/install/depthai_ros_msgs/local/lib/python3.10/dist-packages/depthai_ros_msgs'...\n"}
[0.690102] (depthai_ros_msgs) StdoutLine: {'line': b"Listing '/home/dronelab/vikram/slam-project/install/depthai_ros_msgs/local/lib/python3.10/dist-packages/depthai_ros_msgs/msg'...\n"}
[0.690129] (depthai_ros_msgs) StdoutLine: {'line': b"Listing '/home/dronelab/vikram/slam-project/install/depthai_ros_msgs/local/lib/python3.10/dist-packages/depthai_ros_msgs/srv'...\n"}
[0.692618] (depthai_ros_msgs) StdoutLine: {'line': b'-- Up-to-date: /home/dronelab/vikram/slam-project/install/depthai_ros_msgs/local/lib/python3.10/dist-packages/depthai_ros_msgs/depthai_ros_msgs_s__rosidl_typesupport_fastrtps_c.cpython-310-x86_64-linux-gnu.so\n'}
[0.692731] (depthai_ros_msgs) StdoutLine: {'line': b'-- Up-to-date: /home/dronelab/vikram/slam-project/install/depthai_ros_msgs/local/lib/python3.10/dist-packages/depthai_ros_msgs/depthai_ros_msgs_s__rosidl_typesupport_introspection_c.cpython-310-x86_64-linux-gnu.so\n'}
[0.692862] (depthai_ros_msgs) StdoutLine: {'line': b'-- Up-to-date: /home/dronelab/vikram/slam-project/install/depthai_ros_msgs/local/lib/python3.10/dist-packages/depthai_ros_msgs/depthai_ros_msgs_s__rosidl_typesupport_c.cpython-310-x86_64-linux-gnu.so\n'}
[0.692990] (depthai_ros_msgs) StdoutLine: {'line': b'-- Up-to-date: /home/dronelab/vikram/slam-project/install/depthai_ros_msgs/lib/libdepthai_ros_msgs__rosidl_generator_py.so\n'}
[0.693071] (depthai_ros_msgs) StdoutLine: {'line': b'-- Up-to-date: /home/dronelab/vikram/slam-project/install/depthai_ros_msgs/share/depthai_ros_msgs/msg/AutoFocusCtrl.idl\n'}
[0.693107] (depthai_ros_msgs) StdoutLine: {'line': b'-- Up-to-date: /home/dronelab/vikram/slam-project/install/depthai_ros_msgs/share/depthai_ros_msgs/msg/HandLandmark.idl\n'}
[0.693149] (depthai_ros_msgs) StdoutLine: {'line': b'-- Up-to-date: /home/dronelab/vikram/slam-project/install/depthai_ros_msgs/share/depthai_ros_msgs/msg/HandLandmarkArray.idl\n'}
[0.693177] (depthai_ros_msgs) StdoutLine: {'line': b'-- Up-to-date: /home/dronelab/vikram/slam-project/install/depthai_ros_msgs/share/depthai_ros_msgs/msg/ImuWithMagneticField.idl\n'}
[0.693217] (depthai_ros_msgs) StdoutLine: {'line': b'-- Up-to-date: /home/dronelab/vikram/slam-project/install/depthai_ros_msgs/share/depthai_ros_msgs/msg/TrackedFeature.idl\n'}
[0.693263] (depthai_ros_msgs) StdoutLine: {'line': b'-- Up-to-date: /home/dronelab/vikram/slam-project/install/depthai_ros_msgs/share/depthai_ros_msgs/msg/TrackedFeatures.idl\n'}
[0.693292] (depthai_ros_msgs) StdoutLine: {'line': b'-- Up-to-date: /home/dronelab/vikram/slam-project/install/depthai_ros_msgs/share/depthai_ros_msgs/msg/SpatialDetection.idl\n'}
[0.693321] (depthai_ros_msgs) StdoutLine: {'line': b'-- Up-to-date: /home/dronelab/vikram/slam-project/install/depthai_ros_msgs/share/depthai_ros_msgs/msg/SpatialDetectionArray.idl\n'}
[0.693371] (depthai_ros_msgs) StdoutLine: {'line': b'-- Up-to-date: /home/dronelab/vikram/slam-project/install/depthai_ros_msgs/share/depthai_ros_msgs/msg/TrackDetection2D.idl\n'}
[0.693501] (depthai_ros_msgs) StdoutLine: {'line': b'-- Up-to-date: /home/dronelab/vikram/slam-project/install/depthai_ros_msgs/share/depthai_ros_msgs/msg/TrackDetection2DArray.idl\n'}
[0.693561] (depthai_ros_msgs) StdoutLine: {'line': b'-- Up-to-date: /home/dronelab/vikram/slam-project/install/depthai_ros_msgs/share/depthai_ros_msgs/srv/SetLocalTransform.idl\n'}
[0.693623] (depthai_ros_msgs) StdoutLine: {'line': b'-- Up-to-date: /home/dronelab/vikram/slam-project/install/depthai_ros_msgs/share/depthai_ros_msgs/srv/TriggerNamed.idl\n'}
[0.693652] (depthai_ros_msgs) StdoutLine: {'line': b'-- Up-to-date: /home/dronelab/vikram/slam-project/install/depthai_ros_msgs/share/depthai_ros_msgs/srv/NormalizedImageCrop.idl\n'}
[0.693679] (depthai_ros_msgs) StdoutLine: {'line': b'-- Up-to-date: /home/dronelab/vikram/slam-project/install/depthai_ros_msgs/share/depthai_ros_msgs/msg/AutoFocusCtrl.msg\n'}
[0.693706] (depthai_ros_msgs) StdoutLine: {'line': b'-- Up-to-date: /home/dronelab/vikram/slam-project/install/depthai_ros_msgs/share/depthai_ros_msgs/msg/HandLandmark.msg\n'}
[0.693761] (depthai_ros_msgs) StdoutLine: {'line': b'-- Up-to-date: /home/dronelab/vikram/slam-project/install/depthai_ros_msgs/share/depthai_ros_msgs/msg/HandLandmarkArray.msg\n'}
[0.693789] (depthai_ros_msgs) StdoutLine: {'line': b'-- Up-to-date: /home/dronelab/vikram/slam-project/install/depthai_ros_msgs/share/depthai_ros_msgs/msg/ImuWithMagneticField.msg\n'}
[0.693816] (depthai_ros_msgs) StdoutLine: {'line': b'-- Up-to-date: /home/dronelab/vikram/slam-project/install/depthai_ros_msgs/share/depthai_ros_msgs/msg/TrackedFeature.msg\n'}
[0.693843] (depthai_ros_msgs) StdoutLine: {'line': b'-- Up-to-date: /home/dronelab/vikram/slam-project/install/depthai_ros_msgs/share/depthai_ros_msgs/msg/TrackedFeatures.msg\n'}
[0.693869] (depthai_ros_msgs) StdoutLine: {'line': b'-- Up-to-date: /home/dronelab/vikram/slam-project/install/depthai_ros_msgs/share/depthai_ros_msgs/msg/SpatialDetection.msg\n'}
[0.693894] (depthai_ros_msgs) StdoutLine: {'line': b'-- Up-to-date: /home/dronelab/vikram/slam-project/install/depthai_ros_msgs/share/depthai_ros_msgs/msg/SpatialDetectionArray.msg\n'}
[0.693920] (depthai_ros_msgs) StdoutLine: {'line': b'-- Up-to-date: /home/dronelab/vikram/slam-project/install/depthai_ros_msgs/share/depthai_ros_msgs/msg/TrackDetection2D.msg\n'}
[0.693946] (depthai_ros_msgs) StdoutLine: {'line': b'-- Up-to-date: /home/dronelab/vikram/slam-project/install/depthai_ros_msgs/share/depthai_ros_msgs/msg/TrackDetection2DArray.msg\n'}
[0.693972] (depthai_ros_msgs) StdoutLine: {'line': b'-- Up-to-date: /home/dronelab/vikram/slam-project/install/depthai_ros_msgs/share/depthai_ros_msgs/srv/SetLocalTransform.srv\n'}
[0.693998] (depthai_ros_msgs) StdoutLine: {'line': b'-- Up-to-date: /home/dronelab/vikram/slam-project/install/depthai_ros_msgs/share/depthai_ros_msgs/srv/SetLocalTransform_Request.msg\n'}
[0.694023] (depthai_ros_msgs) StdoutLine: {'line': b'-- Up-to-date: /home/dronelab/vikram/slam-project/install/depthai_ros_msgs/share/depthai_ros_msgs/srv/SetLocalTransform_Response.msg\n'}
[0.694048] (depthai_ros_msgs) StdoutLine: {'line': b'-- Up-to-date: /home/dronelab/vikram/slam-project/install/depthai_ros_msgs/share/depthai_ros_msgs/srv/TriggerNamed.srv\n'}
[0.694074] (depthai_ros_msgs) StdoutLine: {'line': b'-- Up-to-date: /home/dronelab/vikram/slam-project/install/depthai_ros_msgs/share/depthai_ros_msgs/srv/TriggerNamed_Request.msg\n'}
[0.694099] (depthai_ros_msgs) StdoutLine: {'line': b'-- Up-to-date: /home/dronelab/vikram/slam-project/install/depthai_ros_msgs/share/depthai_ros_msgs/srv/TriggerNamed_Response.msg\n'}
[0.694140] (depthai_ros_msgs) StdoutLine: {'line': b'-- Up-to-date: /home/dronelab/vikram/slam-project/install/depthai_ros_msgs/share/depthai_ros_msgs/srv/NormalizedImageCrop.srv\n'}
[0.694200] (depthai_ros_msgs) StdoutLine: {'line': b'-- Up-to-date: /home/dronelab/vikram/slam-project/install/depthai_ros_msgs/share/depthai_ros_msgs/srv/NormalizedImageCrop_Request.msg\n'}
[0.694229] (depthai_ros_msgs) StdoutLine: {'line': b'-- Up-to-date: /home/dronelab/vikram/slam-project/install/depthai_ros_msgs/share/depthai_ros_msgs/srv/NormalizedImageCrop_Response.msg\n'}
[0.694255] (depthai_ros_msgs) StdoutLine: {'line': b'-- Up-to-date: /home/dronelab/vikram/slam-project/install/depthai_ros_msgs/share/ament_index/resource_index/package_run_dependencies/depthai_ros_msgs\n'}
[0.694283] (depthai_ros_msgs) StdoutLine: {'line': b'-- Up-to-date: /home/dronelab/vikram/slam-project/install/depthai_ros_msgs/share/ament_index/resource_index/parent_prefix_path/depthai_ros_msgs\n'}
[0.694311] (depthai_ros_msgs) StdoutLine: {'line': b'-- Up-to-date: /home/dronelab/vikram/slam-project/install/depthai_ros_msgs/share/depthai_ros_msgs/environment/ament_prefix_path.sh\n'}
[0.694337] (depthai_ros_msgs) StdoutLine: {'line': b'-- Up-to-date: /home/dronelab/vikram/slam-project/install/depthai_ros_msgs/share/depthai_ros_msgs/environment/ament_prefix_path.dsv\n'}
[0.694363] (depthai_ros_msgs) StdoutLine: {'line': b'-- Up-to-date: /home/dronelab/vikram/slam-project/install/depthai_ros_msgs/share/depthai_ros_msgs/environment/path.sh\n'}
[0.694389] (depthai_ros_msgs) StdoutLine: {'line': b'-- Up-to-date: /home/dronelab/vikram/slam-project/install/depthai_ros_msgs/share/depthai_ros_msgs/environment/path.dsv\n'}
[0.694433] (depthai_ros_msgs) StdoutLine: {'line': b'-- Up-to-date: /home/dronelab/vikram/slam-project/install/depthai_ros_msgs/share/depthai_ros_msgs/local_setup.bash\n'}
[0.694458] (depthai_ros_msgs) StdoutLine: {'line': b'-- Up-to-date: /home/dronelab/vikram/slam-project/install/depthai_ros_msgs/share/depthai_ros_msgs/local_setup.sh\n'}
[0.694484] (depthai_ros_msgs) StdoutLine: {'line': b'-- Up-to-date: /home/dronelab/vikram/slam-project/install/depthai_ros_msgs/share/depthai_ros_msgs/local_setup.zsh\n'}
[0.694509] (depthai_ros_msgs) StdoutLine: {'line': b'-- Up-to-date: /home/dronelab/vikram/slam-project/install/depthai_ros_msgs/share/depthai_ros_msgs/local_setup.dsv\n'}
[0.694534] (depthai_ros_msgs) StdoutLine: {'line': b'-- Installing: /home/dronelab/vikram/slam-project/install/depthai_ros_msgs/share/depthai_ros_msgs/package.dsv\n'}
[0.694560] (depthai_ros_msgs) StdoutLine: {'line': b'-- Up-to-date: /home/dronelab/vikram/slam-project/install/depthai_ros_msgs/share/ament_index/resource_index/packages/depthai_ros_msgs\n'}
[0.694588] (depthai_ros_msgs) StdoutLine: {'line': b'-- Up-to-date: /home/dronelab/vikram/slam-project/install/depthai_ros_msgs/share/depthai_ros_msgs/cmake/export_depthai_ros_msgs__rosidl_generator_cExport.cmake\n'}
[0.694614] (depthai_ros_msgs) StdoutLine: {'line': b'-- Up-to-date: /home/dronelab/vikram/slam-project/install/depthai_ros_msgs/share/depthai_ros_msgs/cmake/export_depthai_ros_msgs__rosidl_generator_cExport-noconfig.cmake\n'}
[0.694640] (depthai_ros_msgs) StdoutLine: {'line': b'-- Up-to-date: /home/dronelab/vikram/slam-project/install/depthai_ros_msgs/share/depthai_ros_msgs/cmake/export_depthai_ros_msgs__rosidl_typesupport_fastrtps_cExport.cmake\n'}
[0.694665] (depthai_ros_msgs) StdoutLine: {'line': b'-- Up-to-date: /home/dronelab/vikram/slam-project/install/depthai_ros_msgs/share/depthai_ros_msgs/cmake/export_depthai_ros_msgs__rosidl_typesupport_fastrtps_cExport-noconfig.cmake\n'}
[0.694703] (depthai_ros_msgs) StdoutLine: {'line': b'-- Up-to-date: /home/dronelab/vikram/slam-project/install/depthai_ros_msgs/share/depthai_ros_msgs/cmake/export_depthai_ros_msgs__rosidl_generator_cppExport.cmake\n'}
[0.694757] (depthai_ros_msgs) StdoutLine: {'line': b'-- Up-to-date: /home/dronelab/vikram/slam-project/install/depthai_ros_msgs/share/depthai_ros_msgs/cmake/export_depthai_ros_msgs__rosidl_typesupport_fastrtps_cppExport.cmake\n'}
[0.694785] (depthai_ros_msgs) StdoutLine: {'line': b'-- Up-to-date: /home/dronelab/vikram/slam-project/install/depthai_ros_msgs/share/depthai_ros_msgs/cmake/export_depthai_ros_msgs__rosidl_typesupport_fastrtps_cppExport-noconfig.cmake\n'}
[0.694810] (depthai_ros_msgs) StdoutLine: {'line': b'-- Up-to-date: /home/dronelab/vikram/slam-project/install/depthai_ros_msgs/share/depthai_ros_msgs/cmake/depthai_ros_msgs__rosidl_typesupport_introspection_cExport.cmake\n'}
[0.694836] (depthai_ros_msgs) StdoutLine: {'line': b'-- Up-to-date: /home/dronelab/vikram/slam-project/install/depthai_ros_msgs/share/depthai_ros_msgs/cmake/depthai_ros_msgs__rosidl_typesupport_introspection_cExport-noconfig.cmake\n'}
[0.694861] (depthai_ros_msgs) StdoutLine: {'line': b'-- Up-to-date: /home/dronelab/vikram/slam-project/install/depthai_ros_msgs/share/depthai_ros_msgs/cmake/depthai_ros_msgs__rosidl_typesupport_cExport.cmake\n'}
[0.694886] (depthai_ros_msgs) StdoutLine: {'line': b'-- Up-to-date: /home/dronelab/vikram/slam-project/install/depthai_ros_msgs/share/depthai_ros_msgs/cmake/depthai_ros_msgs__rosidl_typesupport_cExport-noconfig.cmake\n'}
[0.694912] (depthai_ros_msgs) StdoutLine: {'line': b'-- Up-to-date: /home/dronelab/vikram/slam-project/install/depthai_ros_msgs/share/depthai_ros_msgs/cmake/depthai_ros_msgs__rosidl_typesupport_introspection_cppExport.cmake\n'}
[0.694936] (depthai_ros_msgs) StdoutLine: {'line': b'-- Up-to-date: /home/dronelab/vikram/slam-project/install/depthai_ros_msgs/share/depthai_ros_msgs/cmake/depthai_ros_msgs__rosidl_typesupport_introspection_cppExport-noconfig.cmake\n'}
[0.694975] (depthai_ros_msgs) StdoutLine: {'line': b'-- Up-to-date: /home/dronelab/vikram/slam-project/install/depthai_ros_msgs/share/depthai_ros_msgs/cmake/depthai_ros_msgs__rosidl_typesupport_cppExport.cmake\n'}
[0.695027] (depthai_ros_msgs) StdoutLine: {'line': b'-- Up-to-date: /home/dronelab/vikram/slam-project/install/depthai_ros_msgs/share/depthai_ros_msgs/cmake/depthai_ros_msgs__rosidl_typesupport_cppExport-noconfig.cmake\n'}
[0.695055] (depthai_ros_msgs) StdoutLine: {'line': b'-- Up-to-date: /home/dronelab/vikram/slam-project/install/depthai_ros_msgs/share/depthai_ros_msgs/cmake/export_depthai_ros_msgs__rosidl_generator_pyExport.cmake\n'}
[0.695082] (depthai_ros_msgs) StdoutLine: {'line': b'-- Up-to-date: /home/dronelab/vikram/slam-project/install/depthai_ros_msgs/share/depthai_ros_msgs/cmake/export_depthai_ros_msgs__rosidl_generator_pyExport-noconfig.cmake\n'}
[0.695108] (depthai_ros_msgs) StdoutLine: {'line': b'-- Up-to-date: /home/dronelab/vikram/slam-project/install/depthai_ros_msgs/share/depthai_ros_msgs/cmake/rosidl_cmake-extras.cmake\n'}
[0.695134] (depthai_ros_msgs) StdoutLine: {'line': b'-- Up-to-date: /home/dronelab/vikram/slam-project/install/depthai_ros_msgs/share/depthai_ros_msgs/cmake/ament_cmake_export_dependencies-extras.cmake\n'}
[0.695160] (depthai_ros_msgs) StdoutLine: {'line': b'-- Up-to-date: /home/dronelab/vikram/slam-project/install/depthai_ros_msgs/share/depthai_ros_msgs/cmake/ament_cmake_export_include_directories-extras.cmake\n'}
[0.695186] (depthai_ros_msgs) StdoutLine: {'line': b'-- Up-to-date: /home/dronelab/vikram/slam-project/install/depthai_ros_msgs/share/depthai_ros_msgs/cmake/ament_cmake_export_libraries-extras.cmake\n'}
[0.695211] (depthai_ros_msgs) StdoutLine: {'line': b'-- Up-to-date: /home/dronelab/vikram/slam-project/install/depthai_ros_msgs/share/depthai_ros_msgs/cmake/ament_cmake_export_targets-extras.cmake\n'}
[0.695261] (depthai_ros_msgs) StdoutLine: {'line': b'-- Up-to-date: /home/dronelab/vikram/slam-project/install/depthai_ros_msgs/share/depthai_ros_msgs/cmake/rosidl_cmake_export_typesupport_targets-extras.cmake\n'}
[0.695287] (depthai_ros_msgs) StdoutLine: {'line': b'-- Up-to-date: /home/dronelab/vikram/slam-project/install/depthai_ros_msgs/share/depthai_ros_msgs/cmake/rosidl_cmake_export_typesupport_libraries-extras.cmake\n'}
[0.695315] (depthai_ros_msgs) StdoutLine: {'line': b'-- Up-to-date: /home/dronelab/vikram/slam-project/install/depthai_ros_msgs/share/depthai_ros_msgs/cmake/depthai_ros_msgsConfig.cmake\n'}
[0.695342] (depthai_ros_msgs) StdoutLine: {'line': b'-- Up-to-date: /home/dronelab/vikram/slam-project/install/depthai_ros_msgs/share/depthai_ros_msgs/cmake/depthai_ros_msgsConfig-version.cmake\n'}
[0.695367] (depthai_ros_msgs) StdoutLine: {'line': b'-- Up-to-date: /home/dronelab/vikram/slam-project/install/depthai_ros_msgs/share/depthai_ros_msgs/package.xml\n'}
[0.696601] (depthai_ros_msgs) CommandEnded: {'returncode': 0}
[0.701138] (-) TimerEvent: {}
[0.801399] (-) TimerEvent: {}
[0.901757] (-) TimerEvent: {}
[1.002229] (-) TimerEvent: {}
[1.102633] (-) TimerEvent: {}
[1.140280] (depthai_ros_msgs) JobEnded: {'identifier': 'depthai_ros_msgs', 'rc': 0}
[1.141896] (depthai_bridge) JobStarted: {'identifier': 'depthai_bridge'}
[1.144342] (depthai_filters) JobStarted: {'identifier': 'depthai_filters'}
[1.151381] (depthai_bridge) JobProgress: {'identifier': 'depthai_bridge', 'progress': 'cmake'}
[1.152362] (depthai_bridge) Command: {'cmd': ['/usr/bin/cmake', '/home/dronelab/vikram/slam-project/src/depthai_bridge', '-DCMAKE_INSTALL_PREFIX=/home/dronelab/vikram/slam-project/install/depthai_bridge'], 'cwd': '/home/dronelab/vikram/slam-project/build/depthai_bridge', 'env': OrderedDict([('LESSOPEN', '| /usr/bin/lesspipe %s'), ('USER', 'dronelab'), ('XDG_SESSION_TYPE', 'x11'), ('SHLVL', '1'), ('LD_LIBRARY_PATH', '/home/dronelab/vikram/slam-project/install/depthai_ros_msgs/lib:/opt/ros/humble/opt/rviz_ogre_vendor/lib:/opt/ros/humble/lib/x86_64-linux-gnu:/opt/ros/humble/lib:/lib:/usr/lib:/usr/lib32:/usr/lib64:/usr/lib/x86_64-linux-gnu:/home/dronelab/ros2_ws/build/hesai_ros_driver/src/driver/HesaiLidar_SDK_2.0/libhesai/'), ('HOME', '/home/dronelab'), ('OLDPWD', '/home/dronelab/vikram/slam-project/src'), ('DESKTOP_SESSION', 'ubuntu'), ('NVM_BIN', '/home/dronelab/.nvm/versions/node/v24.11.1/bin'), ('NVM_INC', '/home/dronelab/.nvm/versions/node/v24.11.1/include/node'), ('ROS_PYTHON_VERSION', '3'), ('GNOME_SHELL_SESSION_MODE', 'ubuntu'), ('GTK_MODULES', 'gail:atk-bridge'), ('SYSTEMD_EXEC_PID', '1932'), ('DBUS_SESSION_BUS_ADDRESS', 'unix:path=/run/user/1000/bus'), ('COLORTERM', 'truecolor'), ('NVM_DIR', '/home/dronelab/.nvm'), ('IM_CONFIG_PHASE', '1'), ('ROS_DISTRO', 'humble'), ('GTK_IM_MODULE', 'ibus'), ('LOGNAME', 'dronelab'), ('_', '/usr/bin/colcon'), ('ROS_VERSION', '2'), ('XDG_SESSION_CLASS', 'user'), ('USERNAME', 'dronelab'), ('TERM', 'xterm-256color'), ('GNOME_DESKTOP_SESSION_ID', 'this-is-deprecated'), ('ROS_LOCALHOST_ONLY', '0'), ('WINDOWPATH', '2'), ('PATH', '/home/dronelab/.nvm/versions/node/v24.11.1/bin:/opt/ros/humble/bin:/home/dronelab/.local/bin:/usr/local/sbin:/usr/local/bin:/usr/sbin:/usr/bin:/sbin:/bin:/usr/games:/usr/local/games:/snap/bin:/snap/bin'), ('SESSION_MANAGER', 'local/dambot-mini:@/tmp/.ICE-unix/1689,unix/dambot-mini:/tmp/.ICE-unix/1689'), ('XDG_MENU_PREFIX', 'gnome-'), ('GNOME_TERMINAL_SCREEN', '/org/gnome/Terminal/screen/89d79876_c8a4_463f_9ff8_871092252771'), ('XDG_RUNTIME_DIR', '/run/user/1000'), ('DISPLAY', ':0'), ('LANG', 'en_US.UTF-8'), ('XDG_CURRENT_DESKTOP', 'ubuntu:GNOME'), ('XMODIFIERS', '@im=ibus'), ('XDG_SESSION_DESKTOP', 'ubuntu'), ('XAUTHORITY', '/run/user/1000/gdm/Xauthority'), ('LS_COLORS', 'rs=0:di=01;34:ln=01;36:mh=00:pi=40;33:so=01;35:do=01;35:bd=40;33;01:cd=40;33;01:or=40;31;01:mi=00:su=37;41:sg=30;43:ca=30;41:tw=30;42:ow=34;42:st=37;44:ex=01;32:*.tar=01;31:*.tgz=01;31:*.arc=01;31:*.arj=01;31:*.taz=01;31:*.lha=01;31:*.lz4=01;31:*.lzh=01;31:*.lzma=01;31:*.tlz=01;31:*.txz=01;31:*.tzo=01;31:*.t7z=01;31:*.zip=01;31:*.z=01;31:*.dz=01;31:*.gz=01;31:*.lrz=01;31:*.lz=01;31:*.lzo=01;31:*.xz=01;31:*.zst=01;31:*.tzst=01;31:*.bz2=01;31:*.bz=01;31:*.tbz=01;31:*.tbz2=01;31:*.tz=01;31:*.deb=01;31:*.rpm=01;31:*.jar=01;31:*.war=01;31:*.ear=01;31:*.sar=01;31:*.rar=01;31:*.alz=01;31:*.ace=01;31:*.zoo=01;31:*.cpio=01;31:*.7z=01;31:*.rz=01;31:*.cab=01;31:*.wim=01;31:*.swm=01;31:*.dwm=01;31:*.esd=01;31:*.jpg=01;35:*.jpeg=01;35:*.mjpg=01;35:*.mjpeg=01;35:*.gif=01;35:*.bmp=01;35:*.pbm=01;35:*.pgm=01;35:*.ppm=01;35:*.tga=01;35:*.xbm=01;35:*.xpm=01;35:*.tif=01;35:*.tiff=01;35:*.png=01;35:*.svg=01;35:*.svgz=01;35:*.mng=01;35:*.pcx=01;35:*.mov=01;35:*.mpg=01;35:*.mpeg=01;35:*.m2v=01;35:*.mkv=01;35:*.webm=01;35:*.webp=01;35:*.ogm=01;35:*.mp4=01;35:*.m4v=01;35:*.mp4v=01;35:*.vob=01;35:*.qt=01;35:*.nuv=01;35:*.wmv=01;35:*.asf=01;35:*.rm=01;35:*.rmvb=01;35:*.flc=01;35:*.avi=01;35:*.fli=01;35:*.flv=01;35:*.gl=01;35:*.dl=01;35:*.xcf=01;35:*.xwd=01;35:*.yuv=01;35:*.cgm=01;35:*.emf=01;35:*.ogv=01;35:*.ogx=01;35:*.aac=00;36:*.au=00;36:*.flac=00;36:*.m4a=00;36:*.mid=00;36:*.midi=00;36:*.mka=00;36:*.mp3=00;36:*.mpc=00;36:*.ogg=00;36:*.ra=00;36:*.wav=00;36:*.oga=00;36:*.opus=00;36:*.spx=00;36:*.xspf=00;36:'), ('GNOME_TERMINAL_SERVICE', ':1.316'), ('SSH_AGENT_LAUNCHER', 'gnome-keyring'), ('SSH_AUTH_SOCK', '/run/user/1000/keyring/ssh'), ('AMENT_PREFIX_PATH', '/home/dronelab/vikram/slam-project/install/depthai_ros_msgs:/opt/ros/humble'), ('SHELL', '/bin/bash'), ('QT_ACCESSIBILITY', '1'), ('GDMSESSION', 'ubuntu'), ('LESSCLOSE', '/usr/bin/lesspipe %s %s'), ('GPG_AGENT_INFO', '/run/user/1000/gnupg/S.gpg-agent:0:1'), ('QT_IM_MODULE', 'ibus'), ('PWD', '/home/dronelab/vikram/slam-project/build/depthai_bridge'), ('QT_QPA_PLATFORM', 'xcb'), ('LC_ALL', 'en_US.UTF-8'), ('XDG_CONFIG_DIRS', '/etc/xdg/xdg-ubuntu:/etc/xdg'), ('NVM_CD_FLAGS', ''), ('XDG_DATA_DIRS', '/usr/share/ubuntu:/usr/share/gnome:/usr/local/share/:/usr/share/:/var/lib/snapd/desktop'), ('PYTHONPATH', '/home/dronelab/vikram/slam-project/install/depthai_ros_msgs/local/lib/python3.10/dist-packages:/opt/ros/humble/lib/python3.10/site-packages:/opt/ros/humble/local/lib/python3.10/dist-packages'), ('COLCON', '1'), ('VTE_VERSION', '6800'), ('CMAKE_PREFIX_PATH', '/home/dronelab/vikram/slam-project/install/depthai_ros_msgs:/opt/ros/humble')]), 'shell': False}
[1.156081] (depthai_filters) JobProgress: {'identifier': 'depthai_filters', 'progress': 'cmake'}
[1.156803] (depthai_filters) JobProgress: {'identifier': 'depthai_filters', 'progress': 'build'}
[1.157344] (depthai_filters) Command: {'cmd': ['/usr/bin/cmake', '--build', '/home/dronelab/vikram/slam-project/build/depthai_filters', '--', '-j32', '-l32'], 'cwd': '/home/dronelab/vikram/slam-project/build/depthai_filters', 'env': OrderedDict([('LESSOPEN', '| /usr/bin/lesspipe %s'), ('USER', 'dronelab'), ('XDG_SESSION_TYPE', 'x11'), ('SHLVL', '1'), ('LD_LIBRARY_PATH', '/home/dronelab/vikram/slam-project/install/depthai_ros_msgs/lib:/opt/ros/humble/opt/rviz_ogre_vendor/lib:/opt/ros/humble/lib/x86_64-linux-gnu:/opt/ros/humble/lib:/lib:/usr/lib:/usr/lib32:/usr/lib64:/usr/lib/x86_64-linux-gnu:/home/dronelab/ros2_ws/build/hesai_ros_driver/src/driver/HesaiLidar_SDK_2.0/libhesai/'), ('HOME', '/home/dronelab'), ('OLDPWD', '/home/dronelab/vikram/slam-project/src'), ('DESKTOP_SESSION', 'ubuntu'), ('NVM_BIN', '/home/dronelab/.nvm/versions/node/v24.11.1/bin'), ('NVM_INC', '/home/dronelab/.nvm/versions/node/v24.11.1/include/node'), ('ROS_PYTHON_VERSION', '3'), ('GNOME_SHELL_SESSION_MODE', 'ubuntu'), ('GTK_MODULES', 'gail:atk-bridge'), ('SYSTEMD_EXEC_PID', '1932'), ('DBUS_SESSION_BUS_ADDRESS', 'unix:path=/run/user/1000/bus'), ('COLORTERM', 'truecolor'), ('NVM_DIR', '/home/dronelab/.nvm'), ('IM_CONFIG_PHASE', '1'), ('ROS_DISTRO', 'humble'), ('GTK_IM_MODULE', 'ibus'), ('LOGNAME', 'dronelab'), ('_', '/usr/bin/colcon'), ('ROS_VERSION', '2'), ('XDG_SESSION_CLASS', 'user'), ('USERNAME', 'dronelab'), ('TERM', 'xterm-256color'), ('GNOME_DESKTOP_SESSION_ID', 'this-is-deprecated'), ('ROS_LOCALHOST_ONLY', '0'), ('WINDOWPATH', '2'), ('PATH', '/home/dronelab/.nvm/versions/node/v24.11.1/bin:/opt/ros/humble/bin:/home/dronelab/.local/bin:/usr/local/sbin:/usr/local/bin:/usr/sbin:/usr/bin:/sbin:/bin:/usr/games:/usr/local/games:/snap/bin:/snap/bin'), ('SESSION_MANAGER', 'local/dambot-mini:@/tmp/.ICE-unix/1689,unix/dambot-mini:/tmp/.ICE-unix/1689'), ('XDG_MENU_PREFIX', 'gnome-'), ('GNOME_TERMINAL_SCREEN', '/org/gnome/Terminal/screen/89d79876_c8a4_463f_9ff8_871092252771'), ('XDG_RUNTIME_DIR', '/run/user/1000'), ('DISPLAY', ':0'), ('LANG', 'en_US.UTF-8'), ('XDG_CURRENT_DESKTOP', 'ubuntu:GNOME'), ('XMODIFIERS', '@im=ibus'), ('XDG_SESSION_DESKTOP', 'ubuntu'), ('XAUTHORITY', '/run/user/1000/gdm/Xauthority'), ('LS_COLORS', 'rs=0:di=01;34:ln=01;36:mh=00:pi=40;33:so=01;35:do=01;35:bd=40;33;01:cd=40;33;01:or=40;31;01:mi=00:su=37;41:sg=30;43:ca=30;41:tw=30;42:ow=34;42:st=37;44:ex=01;32:*.tar=01;31:*.tgz=01;31:*.arc=01;31:*.arj=01;31:*.taz=01;31:*.lha=01;31:*.lz4=01;31:*.lzh=01;31:*.lzma=01;31:*.tlz=01;31:*.txz=01;31:*.tzo=01;31:*.t7z=01;31:*.zip=01;31:*.z=01;31:*.dz=01;31:*.gz=01;31:*.lrz=01;31:*.lz=01;31:*.lzo=01;31:*.xz=01;31:*.zst=01;31:*.tzst=01;31:*.bz2=01;31:*.bz=01;31:*.tbz=01;31:*.tbz2=01;31:*.tz=01;31:*.deb=01;31:*.rpm=01;31:*.jar=01;31:*.war=01;31:*.ear=01;31:*.sar=01;31:*.rar=01;31:*.alz=01;31:*.ace=01;31:*.zoo=01;31:*.cpio=01;31:*.7z=01;31:*.rz=01;31:*.cab=01;31:*.wim=01;31:*.swm=01;31:*.dwm=01;31:*.esd=01;31:*.jpg=01;35:*.jpeg=01;35:*.mjpg=01;35:*.mjpeg=01;35:*.gif=01;35:*.bmp=01;35:*.pbm=01;35:*.pgm=01;35:*.ppm=01;35:*.tga=01;35:*.xbm=01;35:*.xpm=01;35:*.tif=01;35:*.tiff=01;35:*.png=01;35:*.svg=01;35:*.svgz=01;35:*.mng=01;35:*.pcx=01;35:*.mov=01;35:*.mpg=01;35:*.mpeg=01;35:*.m2v=01;35:*.mkv=01;35:*.webm=01;35:*.webp=01;35:*.ogm=01;35:*.mp4=01;35:*.m4v=01;35:*.mp4v=01;35:*.vob=01;35:*.qt=01;35:*.nuv=01;35:*.wmv=01;35:*.asf=01;35:*.rm=01;35:*.rmvb=01;35:*.flc=01;35:*.avi=01;35:*.fli=01;35:*.flv=01;35:*.gl=01;35:*.dl=01;35:*.xcf=01;35:*.xwd=01;35:*.yuv=01;35:*.cgm=01;35:*.emf=01;35:*.ogv=01;35:*.ogx=01;35:*.aac=00;36:*.au=00;36:*.flac=00;36:*.m4a=00;36:*.mid=00;36:*.midi=00;36:*.mka=00;36:*.mp3=00;36:*.mpc=00;36:*.ogg=00;36:*.ra=00;36:*.wav=00;36:*.oga=00;36:*.opus=00;36:*.spx=00;36:*.xspf=00;36:'), ('GNOME_TERMINAL_SERVICE', ':1.316'), ('SSH_AGENT_LAUNCHER', 'gnome-keyring'), ('SSH_AUTH_SOCK', '/run/user/1000/keyring/ssh'), ('AMENT_PREFIX_PATH', '/home/dronelab/vikram/slam-project/install/depthai_ros_msgs:/opt/ros/humble'), ('SHELL', '/bin/bash'), ('QT_ACCESSIBILITY', '1'), ('GDMSESSION', 'ubuntu'), ('LESSCLOSE', '/usr/bin/lesspipe %s %s'), ('GPG_AGENT_INFO', '/run/user/1000/gnupg/S.gpg-agent:0:1'), ('QT_IM_MODULE', 'ibus'), ('PWD', '/home/dronelab/vikram/slam-project/build/depthai_filters'), ('QT_QPA_PLATFORM', 'xcb'), ('LC_ALL', 'en_US.UTF-8'), ('XDG_CONFIG_DIRS', '/etc/xdg/xdg-ubuntu:/etc/xdg'), ('NVM_CD_FLAGS', ''), ('XDG_DATA_DIRS', '/usr/share/ubuntu:/usr/share/gnome:/usr/local/share/:/usr/share/:/var/lib/snapd/desktop'), ('PYTHONPATH', '/home/dronelab/vikram/slam-project/install/depthai_ros_msgs/local/lib/python3.10/dist-packages:/opt/ros/humble/lib/python3.10/site-packages:/opt/ros/humble/local/lib/python3.10/dist-packages'), ('COLCON', '1'), ('VTE_VERSION', '6800'), ('CMAKE_PREFIX_PATH', '/home/dronelab/vikram/slam-project/install/depthai_ros_msgs:/opt/ros/humble')]), 'shell': False}
[1.169333] (depthai_bridge) StdoutLine: {'line': b'-- Found ament_index_cpp: 1.4.0 (/opt/ros/humble/share/ament_index_cpp/cmake)\n'}
[1.169751] (depthai_bridge) StdoutLine: {'line': b'-- Found camera_info_manager: 3.1.9 (/opt/ros/humble/share/camera_info_manager/cmake)\n'}
[1.201956] (depthai_filters) StdoutLine: {'line': b'[ 11%] \x1b[32mBuilding CXX object CMakeFiles/depthai_filters.dir/src/feature_tracker_overlay.cpp.o\x1b[0m\n'}
[1.202143] (depthai_filters) StdoutLine: {'line': b'[ 22%] \x1b[32mBuilding CXX object CMakeFiles/depthai_filters.dir/src/thermal_temp.cpp.o\x1b[0m\n'}
[1.202218] (depthai_filters) StdoutLine: {'line': b'[ 33%] \x1b[32mBuilding CXX object CMakeFiles/depthai_filters.dir/src/utils.cpp.o\x1b[0m\n'}
[1.202562] (depthai_filters) StdoutLine: {'line': b'[ 44%] \x1b[32mBuilding CXX object CMakeFiles/depthai_filters.dir/src/spatial_bb.cpp.o\x1b[0m\n'}
[1.202634] (-) TimerEvent: {}
[1.202731] (depthai_filters) StdoutLine: {'line': b'[ 55%] \x1b[32mBuilding CXX object CMakeFiles/depthai_filters.dir/src/detection2d_overlay.cpp.o\x1b[0m\n'}
[1.202797] (depthai_filters) StdoutLine: {'line': b'[ 66%] \x1b[32mBuilding CXX object CMakeFiles/depthai_filters.dir/src/segmentation_overlay.cpp.o\x1b[0m\n'}
[1.203099] (depthai_filters) StdoutLine: {'line': b'[ 77%] \x1b[32mBuilding CXX object CMakeFiles/depthai_filters.dir/src/wls_filter.cpp.o\x1b[0m\n'}
[1.203627] (depthai_filters) StdoutLine: {'line': b'[ 88%] \x1b[32mBuilding CXX object CMakeFiles/depthai_filters.dir/src/features_3d.cpp.o\x1b[0m\n'}
[1.209704] (depthai_filters) StderrLine: {'line': b'In file included from \x1b[01m\x1b[K/home/dronelab/vikram/slam-project/src/depthai_filters/src/feature_tracker_overlay.cpp:1\x1b[m\x1b[K:\n'}
[1.209850] (depthai_filters) StderrLine: {'line': b'\x1b[01m\x1b[K/home/dronelab/vikram/slam-project/src/depthai_filters/include/depthai_filters/feature_tracker_overlay.hpp:3:10:\x1b[m\x1b[K \x1b[01;31m\x1b[Kfatal error: \x1b[m\x1b[Kcv_bridge/cv_bridge.hpp: No such file or directory\n'}
[1.209922] (depthai_filters) StderrLine: {'line': b'    3 | #include \x1b[01;31m\x1b[K"cv_bridge/cv_bridge.hpp"\x1b[m\x1b[K\n'}
[1.209985] (depthai_filters) StderrLine: {'line': b'      |          \x1b[01;31m\x1b[K^~~~~~~~~~~~~~~~~~~~~~~~~\x1b[m\x1b[K\n'}
[1.210044] (depthai_filters) StderrLine: {'line': b'compilation terminated.\n'}
[1.210333] (depthai_filters) StderrLine: {'line': b'gmake[2]: *** [CMakeFiles/depthai_filters.dir/build.make:132: CMakeFiles/depthai_filters.dir/src/feature_tracker_overlay.cpp.o] Error 1\n'}
[1.210434] (depthai_filters) StderrLine: {'line': b'gmake[2]: *** Waiting for unfinished jobs....\n'}
[1.279263] (depthai_bridge) StdoutLine: {'line': b'-- Found rosidl_generator_c: 3.1.5 (/opt/ros/humble/share/rosidl_generator_c/cmake)\n'}
[1.280730] (depthai_bridge) StdoutLine: {'line': b'-- Found rosidl_adapter: 3.1.5 (/opt/ros/humble/share/rosidl_adapter/cmake)\n'}
[1.284462] (depthai_bridge) StdoutLine: {'line': b'-- Found rosidl_generator_cpp: 3.1.5 (/opt/ros/humble/share/rosidl_generator_cpp/cmake)\n'}
[1.291078] (depthai_bridge) StdoutLine: {'line': b'-- Using all available rosidl_typesupport_c: rosidl_typesupport_fastrtps_c;rosidl_typesupport_introspection_c\n'}
[1.300572] (depthai_bridge) StdoutLine: {'line': b'-- Using all available rosidl_typesupport_cpp: rosidl_typesupport_fastrtps_cpp;rosidl_typesupport_introspection_cpp\n'}
[1.302744] (-) TimerEvent: {}
[1.330487] (depthai_filters) StderrLine: {'line': b'\x1b[01m\x1b[K/home/dronelab/vikram/slam-project/src/depthai_filters/src/utils.cpp:3:10:\x1b[m\x1b[K \x1b[01;31m\x1b[Kfatal error: \x1b[m\x1b[Kcv_bridge/cv_bridge.hpp: No such file or directory\n'}
[1.330670] (depthai_filters) StderrLine: {'line': b'    3 | #include \x1b[01;31m\x1b[K"cv_bridge/cv_bridge.hpp"\x1b[m\x1b[K\n'}
[1.330734] (depthai_filters) StderrLine: {'line': b'      |          \x1b[01;31m\x1b[K^~~~~~~~~~~~~~~~~~~~~~~~~\x1b[m\x1b[K\n'}
[1.330793] (depthai_filters) StderrLine: {'line': b'compilation terminated.\n'}
[1.331933] (depthai_filters) StderrLine: {'line': b'gmake[2]: *** [CMakeFiles/depthai_filters.dir/build.make:174: CMakeFiles/depthai_filters.dir/src/utils.cpp.o] Error 1\n'}
[1.332537] (depthai_filters) StderrLine: {'line': b'\x1b[01m\x1b[K/home/dronelab/vikram/slam-project/src/depthai_filters/src/thermal_temp.cpp:3:10:\x1b[m\x1b[K \x1b[01;31m\x1b[Kfatal error: \x1b[m\x1b[Kcv_bridge/cv_bridge.hpp: No such file or directory\n'}
[1.332693] (depthai_filters) StderrLine: {'line': b'    3 | #include \x1b[01;31m\x1b[K"cv_bridge/cv_bridge.hpp"\x1b[m\x1b[K\n'}
[1.332753] (depthai_filters) StderrLine: {'line': b'      |          \x1b[01;31m\x1b[K^~~~~~~~~~~~~~~~~~~~~~~~~\x1b[m\x1b[K\n'}
[1.332807] (depthai_filters) StderrLine: {'line': b'compilation terminated.\n'}
[1.334016] (depthai_filters) StderrLine: {'line': b'gmake[2]: *** [CMakeFiles/depthai_filters.dir/build.make:160: CMakeFiles/depthai_filters.dir/src/thermal_temp.cpp.o] Error 1\n'}
[1.335950] (depthai_filters) StderrLine: {'line': b'\x1b[01m\x1b[K/home/dronelab/vikram/slam-project/src/depthai_filters/src/segmentation_overlay.cpp:3:10:\x1b[m\x1b[K \x1b[01;31m\x1b[Kfatal error: \x1b[m\x1b[Kcv_bridge/cv_bridge.hpp: No such file or directory\n'}
[1.336124] (depthai_filters) StderrLine: {'line': b'    3 | #include \x1b[01;31m\x1b[K"cv_bridge/cv_bridge.hpp"\x1b[m\x1b[K\n'}
[1.336182] (depthai_filters) StderrLine: {'line': b'      |          \x1b[01;31m\x1b[K^~~~~~~~~~~~~~~~~~~~~~~~~\x1b[m\x1b[K\n'}
[1.336234] (depthai_filters) StderrLine: {'line': b'compilation terminated.\n'}
[1.336284] (depthai_bridge) StdoutLine: {'line': b'-- Found rmw_implementation_cmake: 6.1.2 (/opt/ros/humble/share/rmw_implementation_cmake/cmake)\n'}
[1.336894] (depthai_bridge) StdoutLine: {'line': b'-- Found rmw_fastrtps_cpp: 6.2.6 (/opt/ros/humble/share/rmw_fastrtps_cpp/cmake)\n'}
[1.337495] (depthai_filters) StderrLine: {'line': b'gmake[2]: *** [CMakeFiles/depthai_filters.dir/build.make:90: CMakeFiles/depthai_filters.dir/src/segmentation_overlay.cpp.o] Error 1\n'}
[1.338078] (depthai_filters) StderrLine: {'line': b'In file included from \x1b[01m\x1b[K/home/dronelab/vikram/slam-project/src/depthai_filters/src/spatial_bb.cpp:1\x1b[m\x1b[K:\n'}
[1.338217] (depthai_filters) StderrLine: {'line': b'\x1b[01m\x1b[K/home/dronelab/vikram/slam-project/src/depthai_filters/include/depthai_filters/spatial_bb.hpp:5:10:\x1b[m\x1b[K \x1b[01;31m\x1b[Kfatal error: \x1b[m\x1b[Kmessage_filters/sync_policies/latest_time.hpp: No such file or directory\n'}
[1.338278] (depthai_filters) StderrLine: {'line': b'    5 | #include \x1b[01;31m\x1b[K"message_filters/sync_policies/latest_time.hpp"\x1b[m\x1b[K\n'}
[1.338345] (depthai_filters) StderrLine: {'line': b'      |          \x1b[01;31m\x1b[K^~~~~~~~~~~~~~~~~~~~~~~~~~~~~~~~~~~~~~~~~~~~~~~\x1b[m\x1b[K\n'}
[1.338407] (depthai_filters) StderrLine: {'line': b'compilation terminated.\n'}
[1.339323] (depthai_filters) StderrLine: {'line': b'gmake[2]: *** [CMakeFiles/depthai_filters.dir/build.make:104: CMakeFiles/depthai_filters.dir/src/spatial_bb.cpp.o] Error 1\n'}
[1.343011] (depthai_filters) StderrLine: {'line': b'\x1b[01m\x1b[K/home/dronelab/vikram/slam-project/src/depthai_filters/src/detection2d_overlay.cpp:3:10:\x1b[m\x1b[K \x1b[01;31m\x1b[Kfatal error: \x1b[m\x1b[Kcv_bridge/cv_bridge.hpp: No such file or directory\n'}
[1.343155] (depthai_filters) StderrLine: {'line': b'    3 | #include \x1b[01;31m\x1b[K"cv_bridge/cv_bridge.hpp"\x1b[m\x1b[K\n'}
[1.343212] (depthai_filters) StderrLine: {'line': b'      |          \x1b[01;31m\x1b[K^~~~~~~~~~~~~~~~~~~~~~~~~\x1b[m\x1b[K\n'}
[1.343263] (depthai_filters) StderrLine: {'line': b'compilation terminated.\n'}
[1.344359] (depthai_filters) StderrLine: {'line': b'gmake[2]: *** [CMakeFiles/depthai_filters.dir/build.make:76: CMakeFiles/depthai_filters.dir/src/detection2d_overlay.cpp.o] Error 1\n'}
[1.345387] (depthai_filters) StderrLine: {'line': b'\x1b[01m\x1b[K/home/dronelab/vikram/slam-project/src/depthai_filters/src/features_3d.cpp:3:10:\x1b[m\x1b[K \x1b[01;31m\x1b[Kfatal error: \x1b[m\x1b[Kcv_bridge/cv_bridge.hpp: No such file or directory\n'}
[1.345527] (depthai_filters) StderrLine: {'line': b'    3 | #include \x1b[01;31m\x1b[K"cv_bridge/cv_bridge.hpp"\x1b[m\x1b[K\n'}
[1.345581] (depthai_filters) StderrLine: {'line': b'      |          \x1b[01;31m\x1b[K^~~~~~~~~~~~~~~~~~~~~~~~~\x1b[m\x1b[K\n'}
[1.345639] (depthai_filters) StderrLine: {'line': b'compilation terminated.\n'}
[1.346571] (depthai_filters) StderrLine: {'line': b'gmake[2]: *** [CMakeFiles/depthai_filters.dir/build.make:146: CMakeFiles/depthai_filters.dir/src/features_3d.cpp.o] Error 1\n'}
[1.360240] (depthai_filters) StderrLine: {'line': b'\x1b[01m\x1b[K/home/dronelab/vikram/slam-project/src/depthai_filters/src/wls_filter.cpp:5:10:\x1b[m\x1b[K \x1b[01;31m\x1b[Kfatal error: \x1b[m\x1b[Kcv_bridge/cv_bridge.hpp: No such file or directory\n'}
[1.360386] (depthai_filters) StderrLine: {'line': b'    5 | #include \x1b[01;31m\x1b[K"cv_bridge/cv_bridge.hpp"\x1b[m\x1b[K\n'}
[1.360443] (depthai_filters) StderrLine: {'line': b'      |          \x1b[01;31m\x1b[K^~~~~~~~~~~~~~~~~~~~~~~~~\x1b[m\x1b[K\n'}
[1.360492] (depthai_filters) StderrLine: {'line': b'compilation terminated.\n'}
[1.361624] (depthai_filters) StderrLine: {'line': b'gmake[2]: *** [CMakeFiles/depthai_filters.dir/build.make:118: CMakeFiles/depthai_filters.dir/src/wls_filter.cpp.o] Error 1\n'}
[1.361779] (depthai_filters) StderrLine: {'line': b'gmake[1]: *** [CMakeFiles/Makefile2:137: CMakeFiles/depthai_filters.dir/all] Error 2\n'}
[1.362133] (depthai_filters) StderrLine: {'line': b'gmake: *** [Makefile:146: all] Error 2\n'}
[1.364297] (depthai_filters) CommandEnded: {'returncode': 2}
[1.396750] (depthai_filters) JobEnded: {'identifier': 'depthai_filters', 'rc': 2}
[1.402867] (-) TimerEvent: {}
[1.423160] (depthai_bridge) StdoutLine: {'line': b"-- Using RMW implementation 'rmw_fastrtps_cpp' as default\n"}
[1.503093] (-) TimerEvent: {}
[1.603437] (-) TimerEvent: {}
[1.635847] (depthai_bridge) StdoutLine: {'line': b'-- Found cv_bridge: 3.2.1 (/opt/ros/humble/share/cv_bridge/cmake)\n'}
[1.644538] (depthai_bridge) StdoutLine: {'line': b'-- Found depthai_ros_msgs: 3.0.9 (/home/dronelab/vikram/slam-project/install/depthai_ros_msgs/share/depthai_ros_msgs/cmake)\n'}
[1.703648] (-) TimerEvent: {}
[1.784790] (depthai_bridge) StdoutLine: {'line': b'-- Found image_transport: 3.1.9 (/opt/ros/humble/share/image_transport/cmake)\n'}
[1.803860] (-) TimerEvent: {}
[1.806058] (depthai_bridge) StdoutLine: {'line': b'-- Found nav_msgs: 4.2.4 (/opt/ros/humble/share/nav_msgs/cmake)\n'}
[1.858040] (depthai_bridge) StdoutLine: {'line': b'-- Found stereo_msgs: 4.2.4 (/opt/ros/humble/share/stereo_msgs/cmake)\n'}
[1.904080] (-) TimerEvent: {}
[1.910579] (depthai_bridge) StdoutLine: {'line': b'-- Found tf2_ros: 0.25.7 (/opt/ros/humble/share/tf2_ros/cmake)\n'}
[2.004292] (-) TimerEvent: {}
[2.104636] (-) TimerEvent: {}
[2.118591] (depthai_bridge) StdoutLine: {'line': b'-- Found tf2_geometry_msgs: 0.25.7 (/opt/ros/humble/share/tf2_geometry_msgs/cmake)\n'}
[2.121075] (depthai_bridge) StdoutLine: {'line': b'-- Found eigen3_cmake_module: 0.1.1 (/opt/ros/humble/share/eigen3_cmake_module/cmake)\n'}
[2.121891] (depthai_bridge) StdoutLine: {'line': b'-- Ensuring Eigen3 include directory is part of orocos-kdl CMake target\n'}
[2.133592] (depthai_bridge) StderrLine: {'line': b'\x1b[31mCMake Error at CMakeLists.txt:29 (find_package):\n'}
[2.133736] (depthai_bridge) StderrLine: {'line': b'  By not providing "Findffmpeg_image_transport_msgs.cmake" in\n'}
[2.133791] (depthai_bridge) StderrLine: {'line': b'  CMAKE_MODULE_PATH this project has asked CMake to find a package\n'}
[2.133842] (depthai_bridge) StderrLine: {'line': b'  configuration file provided by "ffmpeg_image_transport_msgs", but CMake did\n'}
[2.133890] (depthai_bridge) StderrLine: {'line': b'  not find one.\n'}
[2.133937] (depthai_bridge) StderrLine: {'line': b'\n'}
[2.133984] (depthai_bridge) StderrLine: {'line': b'  Could not find a package configuration file provided by\n'}
[2.134032] (depthai_bridge) StderrLine: {'line': b'  "ffmpeg_image_transport_msgs" with any of the following names:\n'}
[2.134079] (depthai_bridge) StderrLine: {'line': b'\n'}
[2.134125] (depthai_bridge) StderrLine: {'line': b'    ffmpeg_image_transport_msgsConfig.cmake\n'}
[2.134172] (depthai_bridge) StderrLine: {'line': b'    ffmpeg_image_transport_msgs-config.cmake\n'}
[2.134218] (depthai_bridge) StderrLine: {'line': b'\n'}
[2.134264] (depthai_bridge) StderrLine: {'line': b'  Add the installation prefix of "ffmpeg_image_transport_msgs" to\n'}
[2.134316] (depthai_bridge) StderrLine: {'line': b'  CMAKE_PREFIX_PATH or set "ffmpeg_image_transport_msgs_DIR" to a directory\n'}
[2.134369] (depthai_bridge) StderrLine: {'line': b'  containing one of the above files.  If "ffmpeg_image_transport_msgs"\n'}
[2.134416] (depthai_bridge) StderrLine: {'line': b'  provides a separate development package or SDK, be sure it has been\n'}
[2.134462] (depthai_bridge) StderrLine: {'line': b'  installed.\n'}
[2.134509] (depthai_bridge) StderrLine: {'line': b'\n'}
[2.134555] (depthai_bridge) StderrLine: {'line': b'\x1b[0m\n'}
[2.134601] (depthai_bridge) StdoutLine: {'line': b'-- Configuring incomplete, errors occurred!\n'}
[2.134654] (depthai_bridge) StdoutLine: {'line': b'See also "/home/dronelab/vikram/slam-project/build/depthai_bridge/CMakeFiles/CMakeOutput.log".\n'}
[2.138652] (depthai_bridge) JobEnded: {'identifier': 'depthai_bridge', 'rc': 'SIGINT'}
[2.148967] (depthai_examples) JobSkipped: {'identifier': 'depthai_examples'}
[2.149044] (depthai_ros_driver) JobSkipped: {'identifier': 'depthai_ros_driver'}
[2.149062] (depthai-ros) JobSkipped: {'identifier': 'depthai-ros'}
[2.149078] (-) EventReactorShutdown: {}
