[0.000000] (-) TimerEvent: {}
[0.000159] (depthai_descriptions) JobQueued: {'identifier': 'depthai_descriptions', 'dependencies': OrderedDict()}
[0.000202] (depthai_ros_msgs) JobQueued: {'identifier': 'depthai_ros_msgs', 'dependencies': OrderedDict()}
[0.000224] (depthai_bridge) JobQueued: {'identifier': 'depthai_bridge', 'dependencies': OrderedDict([('depthai_ros_msgs', '/home/dronelab/vikram/slam-project/install/depthai_ros_msgs')])}
[0.000238] (depthai_filters) JobQueued: {'identifier': 'depthai_filters', 'dependencies': OrderedDict([('depthai_ros_msgs', '/home/dronelab/vikram/slam-project/install/depthai_ros_msgs')])}
[0.000249] (depthai_examples) JobQueued: {'identifier': 'depthai_examples', 'dependencies': OrderedDict([('depthai_descriptions', '/home/dronelab/vikram/slam-project/install/depthai_descriptions'), ('depthai_ros_msgs', '/home/dronelab/vikram/slam-project/install/depthai_ros_msgs'), ('depthai_bridge', '/home/dronelab/vikram/slam-project/install/depthai_bridge')])}
[0.000262] (depthai_ros_driver) JobQueued: {'identifier': 'depthai_ros_driver', 'dependencies': OrderedDict([('depthai_descriptions', '/home/dronelab/vikram/slam-project/install/depthai_descriptions'), ('depthai_ros_msgs', '/home/dronelab/vikram/slam-project/install/depthai_ros_msgs'), ('depthai_bridge', '/home/dronelab/vikram/slam-project/install/depthai_bridge')])}
[0.000273] (depthai-ros) JobQueued: {'identifier': 'depthai-ros', 'dependencies': OrderedDict([('depthai_descriptions', '/home/dronelab/vikram/slam-project/install/depthai_descriptions'), ('depthai_ros_msgs', '/home/dronelab/vikram/slam-project/install/depthai_ros_msgs'), ('depthai_bridge', '/home/dronelab/vikram/slam-project/install/depthai_bridge'), ('depthai_filters', '/home/dronelab/vikram/slam-project/install/depthai_filters'), ('depthai_examples', '/home/dronelab/vikram/slam-project/install/depthai_examples'), ('depthai_ros_driver', '/home/dronelab/vikram/slam-project/install/depthai_ros_driver')])}
[0.000289] (depthai_ros_msgs) JobStarted: {'identifier': 'depthai_ros_msgs'}
[0.003139] (depthai_descriptions) JobStarted: {'identifier': 'depthai_descriptions'}
[0.005588] (depthai_ros_msgs) JobProgress: {'identifier': 'depthai_ros_msgs', 'progress': 'cmake'}
[0.005893] (depthai_ros_msgs) JobProgress: {'identifier': 'depthai_ros_msgs', 'progress': 'build'}
[0.006308] (depthai_ros_msgs) Command: {'cmd': ['/usr/bin/cmake', '--build', '/home/dronelab/vikram/slam-project/build/depthai_ros_msgs', '--', '-j32', '-l32'], 'cwd': '/home/dronelab/vikram/slam-project/build/depthai_ros_msgs', 'env': OrderedDict([('LESSOPEN', '| /usr/bin/lesspipe %s'), ('USER', 'dronelab'), ('XDG_SESSION_TYPE', 'x11'), ('SHLVL', '1'), ('LD_LIBRARY_PATH', '/opt/ros/humble/opt/rviz_ogre_vendor/lib:/opt/ros/humble/lib/x86_64-linux-gnu:/opt/ros/humble/lib:/lib:/usr/lib:/usr/lib32:/usr/lib64:/usr/lib/x86_64-linux-gnu:/home/dronelab/ros2_ws/build/hesai_ros_driver/src/driver/HesaiLidar_SDK_2.0/libhesai/'), ('HOME', '/home/dronelab'), ('OLDPWD', '/home/dronelab/vikram'), ('DESKTOP_SESSION', 'ubuntu'), ('NVM_BIN', '/home/dronelab/.nvm/versions/node/v24.11.1/bin'), ('NVM_INC', '/home/dronelab/.nvm/versions/node/v24.11.1/include/node'), ('ROS_PYTHON_VERSION', '3'), ('GNOME_SHELL_SESSION_MODE', 'ubuntu'), ('GTK_MODULES', 'gail:atk-bridge'), ('SYSTEMD_EXEC_PID', '1932'), ('DBUS_SESSION_BUS_ADDRESS', 'unix:path=/run/user/1000/bus'), ('COLORTERM', 'truecolor'), ('NVM_DIR', '/home/dronelab/.nvm'), ('IM_CONFIG_PHASE', '1'), ('ROS_DISTRO', 'humble'), ('GTK_IM_MODULE', 'ibus'), ('LOGNAME', 'dronelab'), ('_', '/usr/bin/colcon'), ('ROS_VERSION', '2'), ('XDG_SESSION_CLASS', 'user'), ('USERNAME', 'dronelab'), ('TERM', 'xterm-256color'), ('GNOME_DESKTOP_SESSION_ID', 'this-is-deprecated'), ('ROS_LOCALHOST_ONLY', '0'), ('WINDOWPATH', '2'), ('PATH', '/home/dronelab/.nvm/versions/node/v24.11.1/bin:/opt/ros/humble/bin:/home/dronelab/.local/bin:/usr/local/sbin:/usr/local/bin:/usr/sbin:/usr/bin:/sbin:/bin:/usr/games:/usr/local/games:/snap/bin:/snap/bin'), ('SESSION_MANAGER', 'local/dambot-mini:@/tmp/.ICE-unix/1689,unix/dambot-mini:/tmp/.ICE-unix/1689'), ('XDG_MENU_PREFIX', 'gnome-'), ('GNOME_TERMINAL_SCREEN', '/org/gnome/Terminal/screen/89d79876_c8a4_463f_9ff8_871092252771'), ('XDG_RUNTIME_DIR', '/run/user/1000'), ('DISPLAY', ':0'), ('LANG', 'en_US.UTF-8'), ('XDG_CURRENT_DESKTOP', 'ubuntu:GNOME'), ('XMODIFIERS', '@im=ibus'), ('XDG_SESSION_DESKTOP', 'ubuntu'), ('XAUTHORITY', '/run/user/1000/gdm/Xauthority'), ('LS_COLORS', 'rs=0:di=01;34:ln=01;36:mh=00:pi=40;33:so=01;35:do=01;35:bd=40;33;01:cd=40;33;01:or=40;31;01:mi=00:su=37;41:sg=30;43:ca=30;41:tw=30;42:ow=34;42:st=37;44:ex=01;32:*.tar=01;31:*.tgz=01;31:*.arc=01;31:*.arj=01;31:*.taz=01;31:*.lha=01;31:*.lz4=01;31:*.lzh=01;31:*.lzma=01;31:*.tlz=01;31:*.txz=01;31:*.tzo=01;31:*.t7z=01;31:*.zip=01;31:*.z=01;31:*.dz=01;31:*.gz=01;31:*.lrz=01;31:*.lz=01;31:*.lzo=01;31:*.xz=01;31:*.zst=01;31:*.tzst=01;31:*.bz2=01;31:*.bz=01;31:*.tbz=01;31:*.tbz2=01;31:*.tz=01;31:*.deb=01;31:*.rpm=01;31:*.jar=01;31:*.war=01;31:*.ear=01;31:*.sar=01;31:*.rar=01;31:*.alz=01;31:*.ace=01;31:*.zoo=01;31:*.cpio=01;31:*.7z=01;31:*.rz=01;31:*.cab=01;31:*.wim=01;31:*.swm=01;31:*.dwm=01;31:*.esd=01;31:*.jpg=01;35:*.jpeg=01;35:*.mjpg=01;35:*.mjpeg=01;35:*.gif=01;35:*.bmp=01;35:*.pbm=01;35:*.pgm=01;35:*.ppm=01;35:*.tga=01;35:*.xbm=01;35:*.xpm=01;35:*.tif=01;35:*.tiff=01;35:*.png=01;35:*.svg=01;35:*.svgz=01;35:*.mng=01;35:*.pcx=01;35:*.mov=01;35:*.mpg=01;35:*.mpeg=01;35:*.m2v=01;35:*.mkv=01;35:*.webm=01;35:*.webp=01;35:*.ogm=01;35:*.mp4=01;35:*.m4v=01;35:*.mp4v=01;35:*.vob=01;35:*.qt=01;35:*.nuv=01;35:*.wmv=01;35:*.asf=01;35:*.rm=01;35:*.rmvb=01;35:*.flc=01;35:*.avi=01;35:*.fli=01;35:*.flv=01;35:*.gl=01;35:*.dl=01;35:*.xcf=01;35:*.xwd=01;35:*.yuv=01;35:*.cgm=01;35:*.emf=01;35:*.ogv=01;35:*.ogx=01;35:*.aac=00;36:*.au=00;36:*.flac=00;36:*.m4a=00;36:*.mid=00;36:*.midi=00;36:*.mka=00;36:*.mp3=00;36:*.mpc=00;36:*.ogg=00;36:*.ra=00;36:*.wav=00;36:*.oga=00;36:*.opus=00;36:*.spx=00;36:*.xspf=00;36:'), ('GNOME_TERMINAL_SERVICE', ':1.316'), ('SSH_AGENT_LAUNCHER', 'gnome-keyring'), ('SSH_AUTH_SOCK', '/run/user/1000/keyring/ssh'), ('AMENT_PREFIX_PATH', '/opt/ros/humble'), ('SHELL', '/bin/bash'), ('QT_ACCESSIBILITY', '1'), ('GDMSESSION', 'ubuntu'), ('LESSCLOSE', '/usr/bin/lesspipe %s %s'), ('GPG_AGENT_INFO', '/run/user/1000/gnupg/S.gpg-agent:0:1'), ('QT_IM_MODULE', 'ibus'), ('PWD', '/home/dronelab/vikram/slam-project/build/depthai_ros_msgs'), ('QT_QPA_PLATFORM', 'xcb'), ('LC_ALL', 'en_US.UTF-8'), ('XDG_CONFIG_DIRS', '/etc/xdg/xdg-ubuntu:/etc/xdg'), ('NVM_CD_FLAGS', ''), ('XDG_DATA_DIRS', '/usr/share/ubuntu:/usr/share/gnome:/usr/local/share/:/usr/share/:/var/lib/snapd/desktop'), ('PYTHONPATH', '/opt/ros/humble/lib/python3.10/site-packages:/opt/ros/humble/local/lib/python3.10/dist-packages'), ('COLCON', '1'), ('VTE_VERSION', '6800'), ('CMAKE_PREFIX_PATH', '/opt/ros/humble')]), 'shell': False}
[0.008465] (depthai_descriptions) JobProgress: {'identifier': 'depthai_descriptions', 'progress': 'cmake'}
[0.008715] (depthai_descriptions) JobProgress: {'identifier': 'depthai_descriptions', 'progress': 'build'}
[0.008888] (depthai_descriptions) Command: {'cmd': ['/usr/bin/cmake', '--build', '/home/dronelab/vikram/slam-project/build/depthai_descriptions', '--', '-j32', '-l32'], 'cwd': '/home/dronelab/vikram/slam-project/build/depthai_descriptions', 'env': OrderedDict([('LESSOPEN', '| /usr/bin/lesspipe %s'), ('USER', 'dronelab'), ('XDG_SESSION_TYPE', 'x11'), ('SHLVL', '1'), ('LD_LIBRARY_PATH', '/opt/ros/humble/opt/rviz_ogre_vendor/lib:/opt/ros/humble/lib/x86_64-linux-gnu:/opt/ros/humble/lib:/lib:/usr/lib:/usr/lib32:/usr/lib64:/usr/lib/x86_64-linux-gnu:/home/dronelab/ros2_ws/build/hesai_ros_driver/src/driver/HesaiLidar_SDK_2.0/libhesai/'), ('HOME', '/home/dronelab'), ('OLDPWD', '/home/dronelab/vikram'), ('DESKTOP_SESSION', 'ubuntu'), ('NVM_BIN', '/home/dronelab/.nvm/versions/node/v24.11.1/bin'), ('NVM_INC', '/home/dronelab/.nvm/versions/node/v24.11.1/include/node'), ('ROS_PYTHON_VERSION', '3'), ('GNOME_SHELL_SESSION_MODE', 'ubuntu'), ('GTK_MODULES', 'gail:atk-bridge'), ('SYSTEMD_EXEC_PID', '1932'), ('DBUS_SESSION_BUS_ADDRESS', 'unix:path=/run/user/1000/bus'), ('COLORTERM', 'truecolor'), ('NVM_DIR', '/home/dronelab/.nvm'), ('IM_CONFIG_PHASE', '1'), ('ROS_DISTRO', 'humble'), ('GTK_IM_MODULE', 'ibus'), ('LOGNAME', 'dronelab'), ('_', '/usr/bin/colcon'), ('ROS_VERSION', '2'), ('XDG_SESSION_CLASS', 'user'), ('USERNAME', 'dronelab'), ('TERM', 'xterm-256color'), ('GNOME_DESKTOP_SESSION_ID', 'this-is-deprecated'), ('ROS_LOCALHOST_ONLY', '0'), ('WINDOWPATH', '2'), ('PATH', '/home/dronelab/.nvm/versions/node/v24.11.1/bin:/opt/ros/humble/bin:/home/dronelab/.local/bin:/usr/local/sbin:/usr/local/bin:/usr/sbin:/usr/bin:/sbin:/bin:/usr/games:/usr/local/games:/snap/bin:/snap/bin'), ('SESSION_MANAGER', 'local/dambot-mini:@/tmp/.ICE-unix/1689,unix/dambot-mini:/tmp/.ICE-unix/1689'), ('XDG_MENU_PREFIX', 'gnome-'), ('GNOME_TERMINAL_SCREEN', '/org/gnome/Terminal/screen/89d79876_c8a4_463f_9ff8_871092252771'), ('XDG_RUNTIME_DIR', '/run/user/1000'), ('DISPLAY', ':0'), ('LANG', 'en_US.UTF-8'), ('XDG_CURRENT_DESKTOP', 'ubuntu:GNOME'), ('XMODIFIERS', '@im=ibus'), ('XDG_SESSION_DESKTOP', 'ubuntu'), ('XAUTHORITY', '/run/user/1000/gdm/Xauthority'), ('LS_COLORS', 'rs=0:di=01;34:ln=01;36:mh=00:pi=40;33:so=01;35:do=01;35:bd=40;33;01:cd=40;33;01:or=40;31;01:mi=00:su=37;41:sg=30;43:ca=30;41:tw=30;42:ow=34;42:st=37;44:ex=01;32:*.tar=01;31:*.tgz=01;31:*.arc=01;31:*.arj=01;31:*.taz=01;31:*.lha=01;31:*.lz4=01;31:*.lzh=01;31:*.lzma=01;31:*.tlz=01;31:*.txz=01;31:*.tzo=01;31:*.t7z=01;31:*.zip=01;31:*.z=01;31:*.dz=01;31:*.gz=01;31:*.lrz=01;31:*.lz=01;31:*.lzo=01;31:*.xz=01;31:*.zst=01;31:*.tzst=01;31:*.bz2=01;31:*.bz=01;31:*.tbz=01;31:*.tbz2=01;31:*.tz=01;31:*.deb=01;31:*.rpm=01;31:*.jar=01;31:*.war=01;31:*.ear=01;31:*.sar=01;31:*.rar=01;31:*.alz=01;31:*.ace=01;31:*.zoo=01;31:*.cpio=01;31:*.7z=01;31:*.rz=01;31:*.cab=01;31:*.wim=01;31:*.swm=01;31:*.dwm=01;31:*.esd=01;31:*.jpg=01;35:*.jpeg=01;35:*.mjpg=01;35:*.mjpeg=01;35:*.gif=01;35:*.bmp=01;35:*.pbm=01;35:*.pgm=01;35:*.ppm=01;35:*.tga=01;35:*.xbm=01;35:*.xpm=01;35:*.tif=01;35:*.tiff=01;35:*.png=01;35:*.svg=01;35:*.svgz=01;35:*.mng=01;35:*.pcx=01;35:*.mov=01;35:*.mpg=01;35:*.mpeg=01;35:*.m2v=01;35:*.mkv=01;35:*.webm=01;35:*.webp=01;35:*.ogm=01;35:*.mp4=01;35:*.m4v=01;35:*.mp4v=01;35:*.vob=01;35:*.qt=01;35:*.nuv=01;35:*.wmv=01;35:*.asf=01;35:*.rm=01;35:*.rmvb=01;35:*.flc=01;35:*.avi=01;35:*.fli=01;35:*.flv=01;35:*.gl=01;35:*.dl=01;35:*.xcf=01;35:*.xwd=01;35:*.yuv=01;35:*.cgm=01;35:*.emf=01;35:*.ogv=01;35:*.ogx=01;35:*.aac=00;36:*.au=00;36:*.flac=00;36:*.m4a=00;36:*.mid=00;36:*.midi=00;36:*.mka=00;36:*.mp3=00;36:*.mpc=00;36:*.ogg=00;36:*.ra=00;36:*.wav=00;36:*.oga=00;36:*.opus=00;36:*.spx=00;36:*.xspf=00;36:'), ('GNOME_TERMINAL_SERVICE', ':1.316'), ('SSH_AGENT_LAUNCHER', 'gnome-keyring'), ('SSH_AUTH_SOCK', '/run/user/1000/keyring/ssh'), ('AMENT_PREFIX_PATH', '/opt/ros/humble'), ('SHELL', '/bin/bash'), ('QT_ACCESSIBILITY', '1'), ('GDMSESSION', 'ubuntu'), ('LESSCLOSE', '/usr/bin/lesspipe %s %s'), ('GPG_AGENT_INFO', '/run/user/1000/gnupg/S.gpg-agent:0:1'), ('QT_IM_MODULE', 'ibus'), ('PWD', '/home/dronelab/vikram/slam-project/build/depthai_descriptions'), ('QT_QPA_PLATFORM', 'xcb'), ('LC_ALL', 'en_US.UTF-8'), ('XDG_CONFIG_DIRS', '/etc/xdg/xdg-ubuntu:/etc/xdg'), ('NVM_CD_FLAGS', ''), ('XDG_DATA_DIRS', '/usr/share/ubuntu:/usr/share/gnome:/usr/local/share/:/usr/share/:/var/lib/snapd/desktop'), ('PYTHONPATH', '/opt/ros/humble/lib/python3.10/site-packages:/opt/ros/humble/local/lib/python3.10/dist-packages'), ('COLCON', '1'), ('VTE_VERSION', '6800'), ('CMAKE_PREFIX_PATH', '/opt/ros/humble')]), 'shell': False}
[0.036471] (depthai_descriptions) CommandEnded: {'returncode': 0}
[0.039103] (depthai_ros_msgs) StdoutLine: {'line': b'\x1b[35m\x1b[1mConsolidate compiler generated dependencies of target depthai_ros_msgs__rosidl_generator_c\x1b[0m\n'}
[0.046935] (depthai_ros_msgs) StdoutLine: {'line': b'[  0%] Built target depthai_ros_msgs__cpp\n'}
[0.050809] (depthai_ros_msgs) StdoutLine: {'line': b'[ 12%] Built target depthai_ros_msgs__rosidl_generator_c\n'}
[0.051014] (depthai_ros_msgs) StdoutLine: {'line': b'[ 12%] Built target ament_cmake_python_copy_depthai_ros_msgs\n'}
[0.053586] (depthai_descriptions) JobProgress: {'identifier': 'depthai_descriptions', 'progress': 'install'}
[0.056674] (depthai_ros_msgs) StdoutLine: {'line': b'\x1b[35m\x1b[1mConsolidate compiler generated dependencies of target depthai_ros_msgs__rosidl_typesupport_cpp\x1b[0m\n'}
[0.058942] (depthai_ros_msgs) StdoutLine: {'line': b'\x1b[35m\x1b[1mConsolidate compiler generated dependencies of target depthai_ros_msgs__rosidl_typesupport_introspection_cpp\x1b[0m\n'}
[0.059112] (depthai_ros_msgs) StdoutLine: {'line': b'\x1b[35m\x1b[1mConsolidate compiler generated dependencies of target depthai_ros_msgs__rosidl_typesupport_fastrtps_cpp\x1b[0m\n'}
[0.060519] (depthai_descriptions) Command: {'cmd': ['/usr/bin/cmake', '--install', '/home/dronelab/vikram/slam-project/build/depthai_descriptions'], 'cwd': '/home/dronelab/vikram/slam-project/build/depthai_descriptions', 'env': OrderedDict([('LESSOPEN', '| /usr/bin/lesspipe %s'), ('USER', 'dronelab'), ('XDG_SESSION_TYPE', 'x11'), ('SHLVL', '1'), ('LD_LIBRARY_PATH', '/opt/ros/humble/opt/rviz_ogre_vendor/lib:/opt/ros/humble/lib/x86_64-linux-gnu:/opt/ros/humble/lib:/lib:/usr/lib:/usr/lib32:/usr/lib64:/usr/lib/x86_64-linux-gnu:/home/dronelab/ros2_ws/build/hesai_ros_driver/src/driver/HesaiLidar_SDK_2.0/libhesai/'), ('HOME', '/home/dronelab'), ('OLDPWD', '/home/dronelab/vikram'), ('DESKTOP_SESSION', 'ubuntu'), ('NVM_BIN', '/home/dronelab/.nvm/versions/node/v24.11.1/bin'), ('NVM_INC', '/home/dronelab/.nvm/versions/node/v24.11.1/include/node'), ('ROS_PYTHON_VERSION', '3'), ('GNOME_SHELL_SESSION_MODE', 'ubuntu'), ('GTK_MODULES', 'gail:atk-bridge'), ('SYSTEMD_EXEC_PID', '1932'), ('DBUS_SESSION_BUS_ADDRESS', 'unix:path=/run/user/1000/bus'), ('COLORTERM', 'truecolor'), ('NVM_DIR', '/home/dronelab/.nvm'), ('IM_CONFIG_PHASE', '1'), ('ROS_DISTRO', 'humble'), ('GTK_IM_MODULE', 'ibus'), ('LOGNAME', 'dronelab'), ('_', '/usr/bin/colcon'), ('ROS_VERSION', '2'), ('XDG_SESSION_CLASS', 'user'), ('USERNAME', 'dronelab'), ('TERM', 'xterm-256color'), ('GNOME_DESKTOP_SESSION_ID', 'this-is-deprecated'), ('ROS_LOCALHOST_ONLY', '0'), ('WINDOWPATH', '2'), ('PATH', '/home/dronelab/.nvm/versions/node/v24.11.1/bin:/opt/ros/humble/bin:/home/dronelab/.local/bin:/usr/local/sbin:/usr/local/bin:/usr/sbin:/usr/bin:/sbin:/bin:/usr/games:/usr/local/games:/snap/bin:/snap/bin'), ('SESSION_MANAGER', 'local/dambot-mini:@/tmp/.ICE-unix/1689,unix/dambot-mini:/tmp/.ICE-unix/1689'), ('XDG_MENU_PREFIX', 'gnome-'), ('GNOME_TERMINAL_SCREEN', '/org/gnome/Terminal/screen/89d79876_c8a4_463f_9ff8_871092252771'), ('XDG_RUNTIME_DIR', '/run/user/1000'), ('DISPLAY', ':0'), ('LANG', 'en_US.UTF-8'), ('XDG_CURRENT_DESKTOP', 'ubuntu:GNOME'), ('XMODIFIERS', '@im=ibus'), ('XDG_SESSION_DESKTOP', 'ubuntu'), ('XAUTHORITY', '/run/user/1000/gdm/Xauthority'), ('LS_COLORS', 'rs=0:di=01;34:ln=01;36:mh=00:pi=40;33:so=01;35:do=01;35:bd=40;33;01:cd=40;33;01:or=40;31;01:mi=00:su=37;41:sg=30;43:ca=30;41:tw=30;42:ow=34;42:st=37;44:ex=01;32:*.tar=01;31:*.tgz=01;31:*.arc=01;31:*.arj=01;31:*.taz=01;31:*.lha=01;31:*.lz4=01;31:*.lzh=01;31:*.lzma=01;31:*.tlz=01;31:*.txz=01;31:*.tzo=01;31:*.t7z=01;31:*.zip=01;31:*.z=01;31:*.dz=01;31:*.gz=01;31:*.lrz=01;31:*.lz=01;31:*.lzo=01;31:*.xz=01;31:*.zst=01;31:*.tzst=01;31:*.bz2=01;31:*.bz=01;31:*.tbz=01;31:*.tbz2=01;31:*.tz=01;31:*.deb=01;31:*.rpm=01;31:*.jar=01;31:*.war=01;31:*.ear=01;31:*.sar=01;31:*.rar=01;31:*.alz=01;31:*.ace=01;31:*.zoo=01;31:*.cpio=01;31:*.7z=01;31:*.rz=01;31:*.cab=01;31:*.wim=01;31:*.swm=01;31:*.dwm=01;31:*.esd=01;31:*.jpg=01;35:*.jpeg=01;35:*.mjpg=01;35:*.mjpeg=01;35:*.gif=01;35:*.bmp=01;35:*.pbm=01;35:*.pgm=01;35:*.ppm=01;35:*.tga=01;35:*.xbm=01;35:*.xpm=01;35:*.tif=01;35:*.tiff=01;35:*.png=01;35:*.svg=01;35:*.svgz=01;35:*.mng=01;35:*.pcx=01;35:*.mov=01;35:*.mpg=01;35:*.mpeg=01;35:*.m2v=01;35:*.mkv=01;35:*.webm=01;35:*.webp=01;35:*.ogm=01;35:*.mp4=01;35:*.m4v=01;35:*.mp4v=01;35:*.vob=01;35:*.qt=01;35:*.nuv=01;35:*.wmv=01;35:*.asf=01;35:*.rm=01;35:*.rmvb=01;35:*.flc=01;35:*.avi=01;35:*.fli=01;35:*.flv=01;35:*.gl=01;35:*.dl=01;35:*.xcf=01;35:*.xwd=01;35:*.yuv=01;35:*.cgm=01;35:*.emf=01;35:*.ogv=01;35:*.ogx=01;35:*.aac=00;36:*.au=00;36:*.flac=00;36:*.m4a=00;36:*.mid=00;36:*.midi=00;36:*.mka=00;36:*.mp3=00;36:*.mpc=00;36:*.ogg=00;36:*.ra=00;36:*.wav=00;36:*.oga=00;36:*.opus=00;36:*.spx=00;36:*.xspf=00;36:'), ('GNOME_TERMINAL_SERVICE', ':1.316'), ('SSH_AGENT_LAUNCHER', 'gnome-keyring'), ('SSH_AUTH_SOCK', '/run/user/1000/keyring/ssh'), ('AMENT_PREFIX_PATH', '/opt/ros/humble'), ('SHELL', '/bin/bash'), ('QT_ACCESSIBILITY', '1'), ('GDMSESSION', 'ubuntu'), ('LESSCLOSE', '/usr/bin/lesspipe %s %s'), ('GPG_AGENT_INFO', '/run/user/1000/gnupg/S.gpg-agent:0:1'), ('QT_IM_MODULE', 'ibus'), ('PWD', '/home/dronelab/vikram/slam-project/build/depthai_descriptions'), ('QT_QPA_PLATFORM', 'xcb'), ('LC_ALL', 'en_US.UTF-8'), ('XDG_CONFIG_DIRS', '/etc/xdg/xdg-ubuntu:/etc/xdg'), ('NVM_CD_FLAGS', ''), ('XDG_DATA_DIRS', '/usr/share/ubuntu:/usr/share/gnome:/usr/local/share/:/usr/share/:/var/lib/snapd/desktop'), ('PYTHONPATH', '/opt/ros/humble/lib/python3.10/site-packages:/opt/ros/humble/local/lib/python3.10/dist-packages'), ('COLCON', '1'), ('VTE_VERSION', '6800'), ('CMAKE_PREFIX_PATH', '/opt/ros/humble')]), 'shell': False}
[0.060906] (depthai_ros_msgs) StdoutLine: {'line': b'\x1b[35m\x1b[1mConsolidate compiler generated dependencies of target depthai_ros_msgs__rosidl_typesupport_c\x1b[0m\n'}
[0.061510] (depthai_ros_msgs) StdoutLine: {'line': b'\x1b[35m\x1b[1mConsolidate compiler generated dependencies of target depthai_ros_msgs__rosidl_typesupport_introspection_c\x1b[0m\n'}
[0.062064] (depthai_ros_msgs) StdoutLine: {'line': b'\x1b[35m\x1b[1mConsolidate compiler generated dependencies of target depthai_ros_msgs__rosidl_typesupport_fastrtps_c\x1b[0m\n'}
[0.067468] (depthai_descriptions) StdoutLine: {'line': b'-- Install configuration: ""\n'}
[0.067576] (depthai_descriptions) StdoutLine: {'line': b'-- Up-to-date: /home/dronelab/vikram/slam-project/install/depthai_descriptions/share/depthai_descriptions/launch\n'}
[0.067639] (depthai_descriptions) StdoutLine: {'line': b'-- Up-to-date: /home/dronelab/vikram/slam-project/install/depthai_descriptions/share/depthai_descriptions/launch/urdf_launch.py\n'}
[0.067677] (depthai_descriptions) StdoutLine: {'line': b'-- Up-to-date: /home/dronelab/vikram/slam-project/install/depthai_descriptions/share/depthai_descriptions/urdf\n'}
[0.067709] (depthai_descriptions) StdoutLine: {'line': b'-- Up-to-date: /home/dronelab/vikram/slam-project/install/depthai_descriptions/share/depthai_descriptions/urdf/depthai_descr.urdf.xacro\n'}
[0.067755] (depthai_descriptions) StdoutLine: {'line': b'-- Up-to-date: /home/dronelab/vikram/slam-project/install/depthai_descriptions/share/depthai_descriptions/urdf/include\n'}
[0.067818] (depthai_descriptions) StdoutLine: {'line': b'-- Up-to-date: /home/dronelab/vikram/slam-project/install/depthai_descriptions/share/depthai_descriptions/urdf/include/base_macro.urdf.xacro\n'}
[0.067851] (depthai_descriptions) StdoutLine: {'line': b'-- Up-to-date: /home/dronelab/vikram/slam-project/install/depthai_descriptions/share/depthai_descriptions/urdf/include/depthai_macro.urdf.xacro\n'}
[0.067881] (depthai_descriptions) StdoutLine: {'line': b'-- Up-to-date: /home/dronelab/vikram/slam-project/install/depthai_descriptions/share/depthai_descriptions/urdf/base_descr.urdf.xacro\n'}
[0.067911] (depthai_descriptions) StdoutLine: {'line': b'-- Up-to-date: /home/dronelab/vikram/slam-project/install/depthai_descriptions/share/depthai_descriptions/urdf/models\n'}
[0.067941] (depthai_descriptions) StdoutLine: {'line': b'-- Up-to-date: /home/dronelab/vikram/slam-project/install/depthai_descriptions/share/depthai_descriptions/urdf/models/OAK-T.stl\n'}
[0.067970] (depthai_descriptions) StdoutLine: {'line': b'-- Up-to-date: /home/dronelab/vikram/slam-project/install/depthai_descriptions/share/depthai_descriptions/urdf/models/OAK-D-S2-POE.stl\n'}
[0.067999] (depthai_descriptions) StdoutLine: {'line': b'-- Up-to-date: /home/dronelab/vikram/slam-project/install/depthai_descriptions/share/depthai_descriptions/urdf/models/OAK-D.stl\n'}
[0.068027] (depthai_descriptions) StdoutLine: {'line': b'-- Up-to-date: /home/dronelab/vikram/slam-project/install/depthai_descriptions/share/depthai_descriptions/urdf/models/OAK-D-SR.stl\n'}
[0.068066] (depthai_descriptions) StdoutLine: {'line': b'-- Up-to-date: /home/dronelab/vikram/slam-project/install/depthai_descriptions/share/depthai_descriptions/urdf/models/OAK-D-LITE.stl\n'}
[0.068100] (depthai_descriptions) StdoutLine: {'line': b'-- Up-to-date: /home/dronelab/vikram/slam-project/install/depthai_descriptions/share/depthai_descriptions/urdf/models/OAK-D-POE.stl\n'}
[0.068394] (depthai_descriptions) StdoutLine: {'line': b'-- Up-to-date: /home/dronelab/vikram/slam-project/install/depthai_descriptions/share/depthai_descriptions/urdf/models/OAK-D-CM4-POE.stl\n'}
[0.068541] (depthai_descriptions) StdoutLine: {'line': b'-- Up-to-date: /home/dronelab/vikram/slam-project/install/depthai_descriptions/share/depthai_descriptions/urdf/models/OAK-D-IOT-75.stl\n'}
[0.068592] (depthai_descriptions) StdoutLine: {'line': b'-- Up-to-date: /home/dronelab/vikram/slam-project/install/depthai_descriptions/share/depthai_descriptions/urdf/models/OAK-D-LR.stl\n'}
[0.068634] (depthai_descriptions) StdoutLine: {'line': b'-- Up-to-date: /home/dronelab/vikram/slam-project/install/depthai_descriptions/share/depthai_descriptions/urdf/models/OAK-D-PRO-W.stl\n'}
[0.068674] (depthai_descriptions) StdoutLine: {'line': b'-- Up-to-date: /home/dronelab/vikram/slam-project/install/depthai_descriptions/share/depthai_descriptions/urdf/models/OAK-D-S2.stl\n'}
[0.068713] (depthai_descriptions) StdoutLine: {'line': b'-- Up-to-date: /home/dronelab/vikram/slam-project/install/depthai_descriptions/share/depthai_descriptions/urdf/models/OAK-D-PRO.stl\n'}
[0.068751] (depthai_descriptions) StdoutLine: {'line': b'-- Up-to-date: /home/dronelab/vikram/slam-project/install/depthai_descriptions/share/depthai_descriptions/urdf/models/OAK4-D.stl\n'}
[0.068788] (depthai_descriptions) StdoutLine: {'line': b'-- Up-to-date: /home/dronelab/vikram/slam-project/install/depthai_descriptions/share/depthai_descriptions/urdf/models/OAK-D-SR-POE.stl\n'}
[0.068826] (depthai_descriptions) StdoutLine: {'line': b'-- Up-to-date: /home/dronelab/vikram/slam-project/install/depthai_descriptions/share/depthai_descriptions/urdf/models/OAK4-S.stl\n'}
[0.068863] (depthai_descriptions) StdoutLine: {'line': b'-- Up-to-date: /home/dronelab/vikram/slam-project/install/depthai_descriptions/share/depthai_descriptions/urdf/models/OAK-1.stl\n'}
[0.068911] (depthai_descriptions) StdoutLine: {'line': b'-- Up-to-date: /home/dronelab/vikram/slam-project/install/depthai_descriptions/share/depthai_descriptions/environment/depthai_descriptions.sh\n'}
[0.068946] (depthai_descriptions) StdoutLine: {'line': b'-- Up-to-date: /home/dronelab/vikram/slam-project/install/depthai_descriptions/share/depthai_descriptions/environment/depthai_descriptions.dsv\n'}
[0.068980] (depthai_descriptions) StdoutLine: {'line': b'-- Up-to-date: /home/dronelab/vikram/slam-project/install/depthai_descriptions/share/ament_index/resource_index/package_run_dependencies/depthai_descriptions\n'}
[0.069014] (depthai_descriptions) StdoutLine: {'line': b'-- Up-to-date: /home/dronelab/vikram/slam-project/install/depthai_descriptions/share/ament_index/resource_index/parent_prefix_path/depthai_descriptions\n'}
[0.069049] (depthai_descriptions) StdoutLine: {'line': b'-- Up-to-date: /home/dronelab/vikram/slam-project/install/depthai_descriptions/share/depthai_descriptions/environment/ament_prefix_path.sh\n'}
[0.069096] (depthai_descriptions) StdoutLine: {'line': b'-- Up-to-date: /home/dronelab/vikram/slam-project/install/depthai_descriptions/share/depthai_descriptions/environment/ament_prefix_path.dsv\n'}
[0.069136] (depthai_descriptions) StdoutLine: {'line': b'-- Up-to-date: /home/dronelab/vikram/slam-project/install/depthai_descriptions/share/depthai_descriptions/environment/path.sh\n'}
[0.069169] (depthai_descriptions) StdoutLine: {'line': b'-- Up-to-date: /home/dronelab/vikram/slam-project/install/depthai_descriptions/share/depthai_descriptions/environment/path.dsv\n'}
[0.069206] (depthai_descriptions) StdoutLine: {'line': b'-- Up-to-date: /home/dronelab/vikram/slam-project/install/depthai_descriptions/share/depthai_descriptions/local_setup.bash\n'}
[0.069242] (depthai_descriptions) StdoutLine: {'line': b'-- Up-to-date: /home/dronelab/vikram/slam-project/install/depthai_descriptions/share/depthai_descriptions/local_setup.sh\n'}
[0.069275] (depthai_descriptions) StdoutLine: {'line': b'-- Up-to-date: /home/dronelab/vikram/slam-project/install/depthai_descriptions/share/depthai_descriptions/local_setup.zsh\n'}
[0.069308] (depthai_descriptions) StdoutLine: {'line': b'-- Up-to-date: /home/dronelab/vikram/slam-project/install/depthai_descriptions/share/depthai_descriptions/local_setup.dsv\n'}
[0.069340] (depthai_descriptions) StdoutLine: {'line': b'-- Up-to-date: /home/dronelab/vikram/slam-project/install/depthai_descriptions/share/depthai_descriptions/package.dsv\n'}
[0.069374] (depthai_descriptions) StdoutLine: {'line': b'-- Up-to-date: /home/dronelab/vikram/slam-project/install/depthai_descriptions/share/ament_index/resource_index/packages/depthai_descriptions\n'}
[0.069409] (depthai_descriptions) StdoutLine: {'line': b'-- Up-to-date: /home/dronelab/vikram/slam-project/install/depthai_descriptions/share/depthai_descriptions/cmake/depthai_descriptionsConfig.cmake\n'}
[0.069443] (depthai_descriptions) StdoutLine: {'line': b'-- Up-to-date: /home/dronelab/vikram/slam-project/install/depthai_descriptions/share/depthai_descriptions/cmake/depthai_descriptionsConfig-version.cmake\n'}
[0.069476] (depthai_descriptions) StdoutLine: {'line': b'-- Up-to-date: /home/dronelab/vikram/slam-project/install/depthai_descriptions/share/depthai_descriptions/package.xml\n'}
[0.070085] (depthai_descriptions) CommandEnded: {'returncode': 0}
[0.071375] (depthai_ros_msgs) StdoutLine: {'line': b'[ 24%] Built target depthai_ros_msgs__rosidl_typesupport_c\n'}
[0.071919] (depthai_ros_msgs) StdoutLine: {'line': b'[ 36%] Built target depthai_ros_msgs__rosidl_typesupport_cpp\n'}
[0.073170] (depthai_ros_msgs) StdoutLine: {'line': b'[ 48%] Built target depthai_ros_msgs__rosidl_typesupport_introspection_c\n'}
[0.075247] (depthai_ros_msgs) StdoutLine: {'line': b'[ 62%] Built target depthai_ros_msgs__rosidl_typesupport_introspection_cpp\n'}
[0.075374] (depthai_ros_msgs) StdoutLine: {'line': b'[ 72%] Built target depthai_ros_msgs__rosidl_typesupport_fastrtps_c\n'}
[0.076134] (depthai_ros_msgs) StdoutLine: {'line': b'[ 84%] Built target depthai_ros_msgs__rosidl_typesupport_fastrtps_cpp\n'}
[0.089760] (depthai_ros_msgs) StdoutLine: {'line': b'[ 84%] Built target depthai_ros_msgs\n'}
[0.098488] (depthai_descriptions) JobEnded: {'identifier': 'depthai_descriptions', 'rc': 0}
[0.099495] (-) TimerEvent: {}
[0.104807] (depthai_ros_msgs) StdoutLine: {'line': b'[ 85%] Built target depthai_ros_msgs__py\n'}
[0.114655] (depthai_ros_msgs) StdoutLine: {'line': b'\x1b[35m\x1b[1mConsolidate compiler generated dependencies of target depthai_ros_msgs__rosidl_generator_py\x1b[0m\n'}
[0.129125] (depthai_ros_msgs) StdoutLine: {'line': b'[ 96%] Built target depthai_ros_msgs__rosidl_generator_py\n'}
[0.135848] (depthai_ros_msgs) StdoutLine: {'line': b'\x1b[35m\x1b[1mConsolidate compiler generated dependencies of target depthai_ros_msgs__rosidl_typesupport_introspection_c__pyext\x1b[0m\n'}
[0.137321] (depthai_ros_msgs) StdoutLine: {'line': b'\x1b[35m\x1b[1mConsolidate compiler generated dependencies of target depthai_ros_msgs__rosidl_typesupport_c__pyext\x1b[0m\n'}
[0.137414] (depthai_ros_msgs) StdoutLine: {'line': b'\x1b[35m\x1b[1mConsolidate compiler generated dependencies of target depthai_ros_msgs__rosidl_typesupport_fastrtps_c__pyext\x1b[0m\n'}
[0.144452] (depthai_ros_msgs) StdoutLine: {'line': b'[ 98%] Built target depthai_ros_msgs__rosidl_typesupport_introspection_c__pyext\n'}
[0.146159] (depthai_ros_msgs) StdoutLine: {'line': b'[ 99%] Built target depthai_ros_msgs__rosidl_typesupport_c__pyext\n'}
[0.146303] (depthai_ros_msgs) StdoutLine: {'line': b'[100%] Built target depthai_ros_msgs__rosidl_typesupport_fastrtps_c__pyext\n'}
[0.199670] (-) TimerEvent: {}
[0.214091] (depthai_ros_msgs) StdoutLine: {'line': b'running egg_info\n'}
[0.214492] (depthai_ros_msgs) StdoutLine: {'line': b'writing depthai_ros_msgs.egg-info/PKG-INFO\n'}
[0.214677] (depthai_ros_msgs) StdoutLine: {'line': b'writing dependency_links to depthai_ros_msgs.egg-info/dependency_links.txt\n'}
[0.214745] (depthai_ros_msgs) StdoutLine: {'line': b'writing top-level names to depthai_ros_msgs.egg-info/top_level.txt\n'}
[0.216570] (depthai_ros_msgs) StdoutLine: {'line': b"reading manifest file 'depthai_ros_msgs.egg-info/SOURCES.txt'\n"}
[0.217325] (depthai_ros_msgs) StdoutLine: {'line': b"writing manifest file 'depthai_ros_msgs.egg-info/SOURCES.txt'\n"}
[0.235587] (depthai_ros_msgs) StdoutLine: {'line': b'[100%] Built target ament_cmake_python_build_depthai_ros_msgs_egg\n'}
[0.244047] (depthai_ros_msgs) CommandEnded: {'returncode': 0}
[0.299870] (-) TimerEvent: {}
[0.400446] (-) TimerEvent: {}
[0.500871] (-) TimerEvent: {}
[0.601222] (-) TimerEvent: {}
[0.674862] (depthai_ros_msgs) JobProgress: {'identifier': 'depthai_ros_msgs', 'progress': 'install'}
[0.675502] (depthai_ros_msgs) Command: {'cmd': ['/usr/bin/cmake', '--install', '/home/dronelab/vikram/slam-project/build/depthai_ros_msgs'], 'cwd': '/home/dronelab/vikram/slam-project/build/depthai_ros_msgs', 'env': OrderedDict([('LESSOPEN', '| /usr/bin/lesspipe %s'), ('USER', 'dronelab'), ('XDG_SESSION_TYPE', 'x11'), ('SHLVL', '1'), ('LD_LIBRARY_PATH', '/opt/ros/humble/opt/rviz_ogre_vendor/lib:/opt/ros/humble/lib/x86_64-linux-gnu:/opt/ros/humble/lib:/lib:/usr/lib:/usr/lib32:/usr/lib64:/usr/lib/x86_64-linux-gnu:/home/dronelab/ros2_ws/build/hesai_ros_driver/src/driver/HesaiLidar_SDK_2.0/libhesai/'), ('HOME', '/home/dronelab'), ('OLDPWD', '/home/dronelab/vikram'), ('DESKTOP_SESSION', 'ubuntu'), ('NVM_BIN', '/home/dronelab/.nvm/versions/node/v24.11.1/bin'), ('NVM_INC', '/home/dronelab/.nvm/versions/node/v24.11.1/include/node'), ('ROS_PYTHON_VERSION', '3'), ('GNOME_SHELL_SESSION_MODE', 'ubuntu'), ('GTK_MODULES', 'gail:atk-bridge'), ('SYSTEMD_EXEC_PID', '1932'), ('DBUS_SESSION_BUS_ADDRESS', 'unix:path=/run/user/1000/bus'), ('COLORTERM', 'truecolor'), ('NVM_DIR', '/home/dronelab/.nvm'), ('IM_CONFIG_PHASE', '1'), ('ROS_DISTRO', 'humble'), ('GTK_IM_MODULE', 'ibus'), ('LOGNAME', 'dronelab'), ('_', '/usr/bin/colcon'), ('ROS_VERSION', '2'), ('XDG_SESSION_CLASS', 'user'), ('USERNAME', 'dronelab'), ('TERM', 'xterm-256color'), ('GNOME_DESKTOP_SESSION_ID', 'this-is-deprecated'), ('ROS_LOCALHOST_ONLY', '0'), ('WINDOWPATH', '2'), ('PATH', '/home/dronelab/.nvm/versions/node/v24.11.1/bin:/opt/ros/humble/bin:/home/dronelab/.local/bin:/usr/local/sbin:/usr/local/bin:/usr/sbin:/usr/bin:/sbin:/bin:/usr/games:/usr/local/games:/snap/bin:/snap/bin'), ('SESSION_MANAGER', 'local/dambot-mini:@/tmp/.ICE-unix/1689,unix/dambot-mini:/tmp/.ICE-unix/1689'), ('XDG_MENU_PREFIX', 'gnome-'), ('GNOME_TERMINAL_SCREEN', '/org/gnome/Terminal/screen/89d79876_c8a4_463f_9ff8_871092252771'), ('XDG_RUNTIME_DIR', '/run/user/1000'), ('DISPLAY', ':0'), ('LANG', 'en_US.UTF-8'), ('XDG_CURRENT_DESKTOP', 'ubuntu:GNOME'), ('XMODIFIERS', '@im=ibus'), ('XDG_SESSION_DESKTOP', 'ubuntu'), ('XAUTHORITY', '/run/user/1000/gdm/Xauthority'), ('LS_COLORS', 'rs=0:di=01;34:ln=01;36:mh=00:pi=40;33:so=01;35:do=01;35:bd=40;33;01:cd=40;33;01:or=40;31;01:mi=00:su=37;41:sg=30;43:ca=30;41:tw=30;42:ow=34;42:st=37;44:ex=01;32:*.tar=01;31:*.tgz=01;31:*.arc=01;31:*.arj=01;31:*.taz=01;31:*.lha=01;31:*.lz4=01;31:*.lzh=01;31:*.lzma=01;31:*.tlz=01;31:*.txz=01;31:*.tzo=01;31:*.t7z=01;31:*.zip=01;31:*.z=01;31:*.dz=01;31:*.gz=01;31:*.lrz=01;31:*.lz=01;31:*.lzo=01;31:*.xz=01;31:*.zst=01;31:*.tzst=01;31:*.bz2=01;31:*.bz=01;31:*.tbz=01;31:*.tbz2=01;31:*.tz=01;31:*.deb=01;31:*.rpm=01;31:*.jar=01;31:*.war=01;31:*.ear=01;31:*.sar=01;31:*.rar=01;31:*.alz=01;31:*.ace=01;31:*.zoo=01;31:*.cpio=01;31:*.7z=01;31:*.rz=01;31:*.cab=01;31:*.wim=01;31:*.swm=01;31:*.dwm=01;31:*.esd=01;31:*.jpg=01;35:*.jpeg=01;35:*.mjpg=01;35:*.mjpeg=01;35:*.gif=01;35:*.bmp=01;35:*.pbm=01;35:*.pgm=01;35:*.ppm=01;35:*.tga=01;35:*.xbm=01;35:*.xpm=01;35:*.tif=01;35:*.tiff=01;35:*.png=01;35:*.svg=01;35:*.svgz=01;35:*.mng=01;35:*.pcx=01;35:*.mov=01;35:*.mpg=01;35:*.mpeg=01;35:*.m2v=01;35:*.mkv=01;35:*.webm=01;35:*.webp=01;35:*.ogm=01;35:*.mp4=01;35:*.m4v=01;35:*.mp4v=01;35:*.vob=01;35:*.qt=01;35:*.nuv=01;35:*.wmv=01;35:*.asf=01;35:*.rm=01;35:*.rmvb=01;35:*.flc=01;35:*.avi=01;35:*.fli=01;35:*.flv=01;35:*.gl=01;35:*.dl=01;35:*.xcf=01;35:*.xwd=01;35:*.yuv=01;35:*.cgm=01;35:*.emf=01;35:*.ogv=01;35:*.ogx=01;35:*.aac=00;36:*.au=00;36:*.flac=00;36:*.m4a=00;36:*.mid=00;36:*.midi=00;36:*.mka=00;36:*.mp3=00;36:*.mpc=00;36:*.ogg=00;36:*.ra=00;36:*.wav=00;36:*.oga=00;36:*.opus=00;36:*.spx=00;36:*.xspf=00;36:'), ('GNOME_TERMINAL_SERVICE', ':1.316'), ('SSH_AGENT_LAUNCHER', 'gnome-keyring'), ('SSH_AUTH_SOCK', '/run/user/1000/keyring/ssh'), ('AMENT_PREFIX_PATH', '/opt/ros/humble'), ('SHELL', '/bin/bash'), ('QT_ACCESSIBILITY', '1'), ('GDMSESSION', 'ubuntu'), ('LESSCLOSE', '/usr/bin/lesspipe %s %s'), ('GPG_AGENT_INFO', '/run/user/1000/gnupg/S.gpg-agent:0:1'), ('QT_IM_MODULE', 'ibus'), ('PWD', '/home/dronelab/vikram/slam-project/build/depthai_ros_msgs'), ('QT_QPA_PLATFORM', 'xcb'), ('LC_ALL', 'en_US.UTF-8'), ('XDG_CONFIG_DIRS', '/etc/xdg/xdg-ubuntu:/etc/xdg'), ('NVM_CD_FLAGS', ''), ('XDG_DATA_DIRS', '/usr/share/ubuntu:/usr/share/gnome:/usr/local/share/:/usr/share/:/var/lib/snapd/desktop'), ('PYTHONPATH', '/opt/ros/humble/lib/python3.10/site-packages:/opt/ros/humble/local/lib/python3.10/dist-packages'), ('COLCON', '1'), ('VTE_VERSION', '6800'), ('CMAKE_PREFIX_PATH', '/opt/ros/humble')]), 'shell': False}
[0.690414] (depthai_ros_msgs) StdoutLine: {'line': b'-- Install configuration: ""\n'}
[0.690683] (depthai_ros_msgs) StdoutLine: {'line': b'-- Up-to-date: /home/dronelab/vikram/slam-project/install/depthai_ros_msgs/share/ament_index/resource_index/rosidl_interfaces/depthai_ros_msgs\n'}
[0.690871] (depthai_ros_msgs) StdoutLine: {'line': b'-- Up-to-date: /home/dronelab/vikram/slam-project/install/depthai_ros_msgs/include/depthai_ros_msgs/depthai_ros_msgs\n'}
[0.690959] (depthai_ros_msgs) StdoutLine: {'line': b'-- Up-to-date: /home/dronelab/vikram/slam-project/install/depthai_ros_msgs/include/depthai_ros_msgs/depthai_ros_msgs/srv\n'}
[0.691125] (depthai_ros_msgs) StdoutLine: {'line': b'-- Up-to-date: /home/dronelab/vikram/slam-project/install/depthai_ros_msgs/include/depthai_ros_msgs/depthai_ros_msgs/srv/normalized_image_crop.h\n'}
[0.691280] (depthai_ros_msgs) StdoutLine: {'line': b'-- Up-to-date: /home/dronelab/vikram/slam-project/install/depthai_ros_msgs/include/depthai_ros_msgs/depthai_ros_msgs/srv/trigger_named.h\n'}
[0.691365] (depthai_ros_msgs) StdoutLine: {'line': b'-- Up-to-date: /home/dronelab/vikram/slam-project/install/depthai_ros_msgs/include/depthai_ros_msgs/depthai_ros_msgs/srv/set_local_transform.h\n'}
[0.691444] (depthai_ros_msgs) StdoutLine: {'line': b'-- Up-to-date: /home/dronelab/vikram/slam-project/install/depthai_ros_msgs/include/depthai_ros_msgs/depthai_ros_msgs/srv/detail\n'}
[0.691524] (depthai_ros_msgs) StdoutLine: {'line': b'-- Up-to-date: /home/dronelab/vikram/slam-project/install/depthai_ros_msgs/include/depthai_ros_msgs/depthai_ros_msgs/srv/detail/trigger_named__functions.c\n'}
[0.691603] (depthai_ros_msgs) StdoutLine: {'line': b'-- Up-to-date: /home/dronelab/vikram/slam-project/install/depthai_ros_msgs/include/depthai_ros_msgs/depthai_ros_msgs/srv/detail/normalized_image_crop__functions.h\n'}
[0.691679] (depthai_ros_msgs) StdoutLine: {'line': b'-- Up-to-date: /home/dronelab/vikram/slam-project/install/depthai_ros_msgs/include/depthai_ros_msgs/depthai_ros_msgs/srv/detail/set_local_transform__functions.c\n'}
[0.691753] (depthai_ros_msgs) StdoutLine: {'line': b'-- Up-to-date: /home/dronelab/vikram/slam-project/install/depthai_ros_msgs/include/depthai_ros_msgs/depthai_ros_msgs/srv/detail/trigger_named__struct.h\n'}
[0.691905] (depthai_ros_msgs) StdoutLine: {'line': b'-- Up-to-date: /home/dronelab/vikram/slam-project/install/depthai_ros_msgs/include/depthai_ros_msgs/depthai_ros_msgs/srv/detail/normalized_image_crop__type_support.h\n'}
[0.691979] (depthai_ros_msgs) StdoutLine: {'line': b'-- Up-to-date: /home/dronelab/vikram/slam-project/install/depthai_ros_msgs/include/depthai_ros_msgs/depthai_ros_msgs/srv/detail/set_local_transform__struct.h\n'}
[0.692057] (depthai_ros_msgs) StdoutLine: {'line': b'-- Up-to-date: /home/dronelab/vikram/slam-project/install/depthai_ros_msgs/include/depthai_ros_msgs/depthai_ros_msgs/srv/detail/set_local_transform__functions.h\n'}
[0.692143] (depthai_ros_msgs) StdoutLine: {'line': b'-- Up-to-date: /home/dronelab/vikram/slam-project/install/depthai_ros_msgs/include/depthai_ros_msgs/depthai_ros_msgs/srv/detail/set_local_transform__type_support.h\n'}
[0.692217] (depthai_ros_msgs) StdoutLine: {'line': b'-- Up-to-date: /home/dronelab/vikram/slam-project/install/depthai_ros_msgs/include/depthai_ros_msgs/depthai_ros_msgs/srv/detail/trigger_named__type_support.h\n'}
[0.692288] (depthai_ros_msgs) StdoutLine: {'line': b'-- Up-to-date: /home/dronelab/vikram/slam-project/install/depthai_ros_msgs/include/depthai_ros_msgs/depthai_ros_msgs/srv/detail/normalized_image_crop__struct.h\n'}
[0.692357] (depthai_ros_msgs) StdoutLine: {'line': b'-- Up-to-date: /home/dronelab/vikram/slam-project/install/depthai_ros_msgs/include/depthai_ros_msgs/depthai_ros_msgs/srv/detail/trigger_named__functions.h\n'}
[0.692428] (depthai_ros_msgs) StdoutLine: {'line': b'-- Up-to-date: /home/dronelab/vikram/slam-project/install/depthai_ros_msgs/include/depthai_ros_msgs/depthai_ros_msgs/srv/detail/normalized_image_crop__functions.c\n'}
[0.692499] (depthai_ros_msgs) StdoutLine: {'line': b'-- Up-to-date: /home/dronelab/vikram/slam-project/install/depthai_ros_msgs/include/depthai_ros_msgs/depthai_ros_msgs/msg\n'}
[0.692571] (depthai_ros_msgs) StdoutLine: {'line': b'-- Up-to-date: /home/dronelab/vikram/slam-project/install/depthai_ros_msgs/include/depthai_ros_msgs/depthai_ros_msgs/msg/spatial_detection.h\n'}
[0.692641] (depthai_ros_msgs) StdoutLine: {'line': b'-- Up-to-date: /home/dronelab/vikram/slam-project/install/depthai_ros_msgs/include/depthai_ros_msgs/depthai_ros_msgs/msg/tracked_feature.h\n'}
[0.692711] (depthai_ros_msgs) StdoutLine: {'line': b'-- Up-to-date: /home/dronelab/vikram/slam-project/install/depthai_ros_msgs/include/depthai_ros_msgs/depthai_ros_msgs/msg/spatial_detection_array.h\n'}
[0.692782] (depthai_ros_msgs) StdoutLine: {'line': b'-- Up-to-date: /home/dronelab/vikram/slam-project/install/depthai_ros_msgs/include/depthai_ros_msgs/depthai_ros_msgs/msg/tracked_features.h\n'}
[0.692853] (depthai_ros_msgs) StdoutLine: {'line': b'-- Up-to-date: /home/dronelab/vikram/slam-project/install/depthai_ros_msgs/include/depthai_ros_msgs/depthai_ros_msgs/msg/imu_with_magnetic_field.h\n'}
[0.692923] (depthai_ros_msgs) StdoutLine: {'line': b'-- Up-to-date: /home/dronelab/vikram/slam-project/install/depthai_ros_msgs/include/depthai_ros_msgs/depthai_ros_msgs/msg/track_detection2_d_array.h\n'}
[0.692993] (depthai_ros_msgs) StdoutLine: {'line': b'-- Up-to-date: /home/dronelab/vikram/slam-project/install/depthai_ros_msgs/include/depthai_ros_msgs/depthai_ros_msgs/msg/auto_focus_ctrl.h\n'}
[0.693064] (depthai_ros_msgs) StdoutLine: {'line': b'-- Up-to-date: /home/dronelab/vikram/slam-project/install/depthai_ros_msgs/include/depthai_ros_msgs/depthai_ros_msgs/msg/track_detection2_d.h\n'}
[0.693153] (depthai_ros_msgs) StdoutLine: {'line': b'-- Up-to-date: /home/dronelab/vikram/slam-project/install/depthai_ros_msgs/include/depthai_ros_msgs/depthai_ros_msgs/msg/hand_landmark.h\n'}
[0.693226] (depthai_ros_msgs) StdoutLine: {'line': b'-- Up-to-date: /home/dronelab/vikram/slam-project/install/depthai_ros_msgs/include/depthai_ros_msgs/depthai_ros_msgs/msg/detail\n'}
[0.693470] (depthai_ros_msgs) StdoutLine: {'line': b'-- Up-to-date: /home/dronelab/vikram/slam-project/install/depthai_ros_msgs/include/depthai_ros_msgs/depthai_ros_msgs/msg/detail/track_detection2_d__struct.h\n'}
[0.693553] (depthai_ros_msgs) StdoutLine: {'line': b'-- Up-to-date: /home/dronelab/vikram/slam-project/install/depthai_ros_msgs/include/depthai_ros_msgs/depthai_ros_msgs/msg/detail/spatial_detection_array__type_support.h\n'}
[0.693605] (depthai_ros_msgs) StdoutLine: {'line': b'-- Up-to-date: /home/dronelab/vikram/slam-project/install/depthai_ros_msgs/include/depthai_ros_msgs/depthai_ros_msgs/msg/detail/tracked_features__functions.c\n'}
[0.693636] (depthai_ros_msgs) StdoutLine: {'line': b'-- Up-to-date: /home/dronelab/vikram/slam-project/install/depthai_ros_msgs/include/depthai_ros_msgs/depthai_ros_msgs/msg/detail/track_detection2_d__type_support.h\n'}
[0.693666] (depthai_ros_msgs) StdoutLine: {'line': b'-- Up-to-date: /home/dronelab/vikram/slam-project/install/depthai_ros_msgs/include/depthai_ros_msgs/depthai_ros_msgs/msg/detail/tracked_feature__functions.h\n'}
[0.693695] (depthai_ros_msgs) StdoutLine: {'line': b'-- Up-to-date: /home/dronelab/vikram/slam-project/install/depthai_ros_msgs/include/depthai_ros_msgs/depthai_ros_msgs/msg/detail/tracked_features__functions.h\n'}
[0.693723] (depthai_ros_msgs) StdoutLine: {'line': b'-- Up-to-date: /home/dronelab/vikram/slam-project/install/depthai_ros_msgs/include/depthai_ros_msgs/depthai_ros_msgs/msg/detail/track_detection2_d_array__struct.h\n'}
[0.693752] (depthai_ros_msgs) StdoutLine: {'line': b'-- Up-to-date: /home/dronelab/vikram/slam-project/install/depthai_ros_msgs/include/depthai_ros_msgs/depthai_ros_msgs/msg/detail/tracked_features__type_support.h\n'}
[0.693783] (depthai_ros_msgs) StdoutLine: {'line': b'-- Up-to-date: /home/dronelab/vikram/slam-project/install/depthai_ros_msgs/include/depthai_ros_msgs/depthai_ros_msgs/msg/detail/hand_landmark__functions.c\n'}
[0.693812] (depthai_ros_msgs) StdoutLine: {'line': b'-- Up-to-date: /home/dronelab/vikram/slam-project/install/depthai_ros_msgs/include/depthai_ros_msgs/depthai_ros_msgs/msg/detail/hand_landmark_array__type_support.h\n'}
[0.693839] (depthai_ros_msgs) StdoutLine: {'line': b'-- Up-to-date: /home/dronelab/vikram/slam-project/install/depthai_ros_msgs/include/depthai_ros_msgs/depthai_ros_msgs/msg/detail/spatial_detection__functions.c\n'}
[0.693868] (depthai_ros_msgs) StdoutLine: {'line': b'-- Up-to-date: /home/dronelab/vikram/slam-project/install/depthai_ros_msgs/include/depthai_ros_msgs/depthai_ros_msgs/msg/detail/auto_focus_ctrl__functions.c\n'}
[0.693895] (depthai_ros_msgs) StdoutLine: {'line': b'-- Up-to-date: /home/dronelab/vikram/slam-project/install/depthai_ros_msgs/include/depthai_ros_msgs/depthai_ros_msgs/msg/detail/hand_landmark__struct.h\n'}
[0.693923] (depthai_ros_msgs) StdoutLine: {'line': b'-- Up-to-date: /home/dronelab/vikram/slam-project/install/depthai_ros_msgs/include/depthai_ros_msgs/depthai_ros_msgs/msg/detail/auto_focus_ctrl__type_support.h\n'}
[0.693951] (depthai_ros_msgs) StdoutLine: {'line': b'-- Up-to-date: /home/dronelab/vikram/slam-project/install/depthai_ros_msgs/include/depthai_ros_msgs/depthai_ros_msgs/msg/detail/track_detection2_d_array__functions.h\n'}
[0.693978] (depthai_ros_msgs) StdoutLine: {'line': b'-- Up-to-date: /home/dronelab/vikram/slam-project/install/depthai_ros_msgs/include/depthai_ros_msgs/depthai_ros_msgs/msg/detail/hand_landmark_array__functions.h\n'}
[0.694006] (depthai_ros_msgs) StdoutLine: {'line': b'-- Up-to-date: /home/dronelab/vikram/slam-project/install/depthai_ros_msgs/include/depthai_ros_msgs/depthai_ros_msgs/msg/detail/track_detection2_d__functions.h\n'}
[0.694033] (depthai_ros_msgs) StdoutLine: {'line': b'-- Up-to-date: /home/dronelab/vikram/slam-project/install/depthai_ros_msgs/include/depthai_ros_msgs/depthai_ros_msgs/msg/detail/track_detection2_d_array__functions.c\n'}
[0.694061] (depthai_ros_msgs) StdoutLine: {'line': b'-- Up-to-date: /home/dronelab/vikram/slam-project/install/depthai_ros_msgs/include/depthai_ros_msgs/depthai_ros_msgs/msg/detail/hand_landmark_array__functions.c\n'}
[0.694094] (depthai_ros_msgs) StdoutLine: {'line': b'-- Up-to-date: /home/dronelab/vikram/slam-project/install/depthai_ros_msgs/include/depthai_ros_msgs/depthai_ros_msgs/msg/detail/spatial_detection_array__struct.h\n'}
[0.694123] (depthai_ros_msgs) StdoutLine: {'line': b'-- Up-to-date: /home/dronelab/vikram/slam-project/install/depthai_ros_msgs/include/depthai_ros_msgs/depthai_ros_msgs/msg/detail/imu_with_magnetic_field__type_support.h\n'}
[0.694151] (depthai_ros_msgs) StdoutLine: {'line': b'-- Up-to-date: /home/dronelab/vikram/slam-project/install/depthai_ros_msgs/include/depthai_ros_msgs/depthai_ros_msgs/msg/detail/hand_landmark__functions.h\n'}
[0.694181] (depthai_ros_msgs) StdoutLine: {'line': b'-- Up-to-date: /home/dronelab/vikram/slam-project/install/depthai_ros_msgs/include/depthai_ros_msgs/depthai_ros_msgs/msg/detail/hand_landmark__type_support.h\n'}
[0.694209] (depthai_ros_msgs) StdoutLine: {'line': b'-- Up-to-date: /home/dronelab/vikram/slam-project/install/depthai_ros_msgs/include/depthai_ros_msgs/depthai_ros_msgs/msg/detail/tracked_feature__type_support.h\n'}
[0.694236] (depthai_ros_msgs) StdoutLine: {'line': b'-- Up-to-date: /home/dronelab/vikram/slam-project/install/depthai_ros_msgs/include/depthai_ros_msgs/depthai_ros_msgs/msg/detail/spatial_detection__type_support.h\n'}
[0.694266] (depthai_ros_msgs) StdoutLine: {'line': b'-- Up-to-date: /home/dronelab/vikram/slam-project/install/depthai_ros_msgs/include/depthai_ros_msgs/depthai_ros_msgs/msg/detail/imu_with_magnetic_field__functions.h\n'}
[0.694350] (depthai_ros_msgs) StdoutLine: {'line': b'-- Up-to-date: /home/dronelab/vikram/slam-project/install/depthai_ros_msgs/include/depthai_ros_msgs/depthai_ros_msgs/msg/detail/tracked_feature__struct.h\n'}
[0.694382] (depthai_ros_msgs) StdoutLine: {'line': b'-- Up-to-date: /home/dronelab/vikram/slam-project/install/depthai_ros_msgs/include/depthai_ros_msgs/depthai_ros_msgs/msg/detail/tracked_features__struct.h\n'}
[0.694411] (depthai_ros_msgs) StdoutLine: {'line': b'-- Up-to-date: /home/dronelab/vikram/slam-project/install/depthai_ros_msgs/include/depthai_ros_msgs/depthai_ros_msgs/msg/detail/spatial_detection_array__functions.h\n'}
[0.694440] (depthai_ros_msgs) StdoutLine: {'line': b'-- Up-to-date: /home/dronelab/vikram/slam-project/install/depthai_ros_msgs/include/depthai_ros_msgs/depthai_ros_msgs/msg/detail/imu_with_magnetic_field__functions.c\n'}
[0.694468] (depthai_ros_msgs) StdoutLine: {'line': b'-- Up-to-date: /home/dronelab/vikram/slam-project/install/depthai_ros_msgs/include/depthai_ros_msgs/depthai_ros_msgs/msg/detail/tracked_feature__functions.c\n'}
[0.694496] (depthai_ros_msgs) StdoutLine: {'line': b'-- Up-to-date: /home/dronelab/vikram/slam-project/install/depthai_ros_msgs/include/depthai_ros_msgs/depthai_ros_msgs/msg/detail/track_detection2_d_array__type_support.h\n'}
[0.694524] (depthai_ros_msgs) StdoutLine: {'line': b'-- Up-to-date: /home/dronelab/vikram/slam-project/install/depthai_ros_msgs/include/depthai_ros_msgs/depthai_ros_msgs/msg/detail/track_detection2_d__functions.c\n'}
[0.694551] (depthai_ros_msgs) StdoutLine: {'line': b'-- Up-to-date: /home/dronelab/vikram/slam-project/install/depthai_ros_msgs/include/depthai_ros_msgs/depthai_ros_msgs/msg/detail/spatial_detection__functions.h\n'}
[0.694581] (depthai_ros_msgs) StdoutLine: {'line': b'-- Up-to-date: /home/dronelab/vikram/slam-project/install/depthai_ros_msgs/include/depthai_ros_msgs/depthai_ros_msgs/msg/detail/spatial_detection__struct.h\n'}
[0.694608] (depthai_ros_msgs) StdoutLine: {'line': b'-- Up-to-date: /home/dronelab/vikram/slam-project/install/depthai_ros_msgs/include/depthai_ros_msgs/depthai_ros_msgs/msg/detail/hand_landmark_array__struct.h\n'}
[0.694635] (depthai_ros_msgs) StdoutLine: {'line': b'-- Up-to-date: /home/dronelab/vikram/slam-project/install/depthai_ros_msgs/include/depthai_ros_msgs/depthai_ros_msgs/msg/detail/auto_focus_ctrl__functions.h\n'}
[0.694662] (depthai_ros_msgs) StdoutLine: {'line': b'-- Up-to-date: /home/dronelab/vikram/slam-project/install/depthai_ros_msgs/include/depthai_ros_msgs/depthai_ros_msgs/msg/detail/auto_focus_ctrl__struct.h\n'}
[0.694690] (depthai_ros_msgs) StdoutLine: {'line': b'-- Up-to-date: /home/dronelab/vikram/slam-project/install/depthai_ros_msgs/include/depthai_ros_msgs/depthai_ros_msgs/msg/detail/spatial_detection_array__functions.c\n'}
[0.694717] (depthai_ros_msgs) StdoutLine: {'line': b'-- Up-to-date: /home/dronelab/vikram/slam-project/install/depthai_ros_msgs/include/depthai_ros_msgs/depthai_ros_msgs/msg/detail/imu_with_magnetic_field__struct.h\n'}
[0.694744] (depthai_ros_msgs) StdoutLine: {'line': b'-- Up-to-date: /home/dronelab/vikram/slam-project/install/depthai_ros_msgs/include/depthai_ros_msgs/depthai_ros_msgs/msg/hand_landmark_array.h\n'}
[0.694872] (depthai_ros_msgs) StdoutLine: {'line': b'-- Up-to-date: /home/dronelab/vikram/slam-project/install/depthai_ros_msgs/include/depthai_ros_msgs/depthai_ros_msgs/msg/rosidl_generator_c__visibility_control.h\n'}
[0.694901] (depthai_ros_msgs) StdoutLine: {'line': b'-- Up-to-date: /home/dronelab/vikram/slam-project/install/depthai_ros_msgs/share/depthai_ros_msgs/environment/library_path.sh\n'}
[0.694931] (depthai_ros_msgs) StdoutLine: {'line': b'-- Up-to-date: /home/dronelab/vikram/slam-project/install/depthai_ros_msgs/share/depthai_ros_msgs/environment/library_path.dsv\n'}
[0.694959] (depthai_ros_msgs) StdoutLine: {'line': b'-- Up-to-date: /home/dronelab/vikram/slam-project/install/depthai_ros_msgs/lib/libdepthai_ros_msgs__rosidl_generator_c.so\n'}
[0.694988] (depthai_ros_msgs) StdoutLine: {'line': b'-- Up-to-date: /home/dronelab/vikram/slam-project/install/depthai_ros_msgs/include/depthai_ros_msgs/depthai_ros_msgs\n'}
[0.695017] (depthai_ros_msgs) StdoutLine: {'line': b'-- Up-to-date: /home/dronelab/vikram/slam-project/install/depthai_ros_msgs/include/depthai_ros_msgs/depthai_ros_msgs/srv\n'}
[0.695045] (depthai_ros_msgs) StdoutLine: {'line': b'-- Up-to-date: /home/dronelab/vikram/slam-project/install/depthai_ros_msgs/include/depthai_ros_msgs/depthai_ros_msgs/srv/detail\n'}
[0.695075] (depthai_ros_msgs) StdoutLine: {'line': b'-- Up-to-date: /home/dronelab/vikram/slam-project/install/depthai_ros_msgs/include/depthai_ros_msgs/depthai_ros_msgs/srv/detail/normalized_image_crop__rosidl_typesupport_fastrtps_c.h\n'}
[0.695106] (depthai_ros_msgs) StdoutLine: {'line': b'-- Up-to-date: /home/dronelab/vikram/slam-project/install/depthai_ros_msgs/include/depthai_ros_msgs/depthai_ros_msgs/srv/detail/set_local_transform__rosidl_typesupport_fastrtps_c.h\n'}
[0.695134] (depthai_ros_msgs) StdoutLine: {'line': b'-- Up-to-date: /home/dronelab/vikram/slam-project/install/depthai_ros_msgs/include/depthai_ros_msgs/depthai_ros_msgs/srv/detail/trigger_named__rosidl_typesupport_fastrtps_c.h\n'}
[0.695161] (depthai_ros_msgs) StdoutLine: {'line': b'-- Up-to-date: /home/dronelab/vikram/slam-project/install/depthai_ros_msgs/include/depthai_ros_msgs/depthai_ros_msgs/msg\n'}
[0.695188] (depthai_ros_msgs) StdoutLine: {'line': b'-- Up-to-date: /home/dronelab/vikram/slam-project/install/depthai_ros_msgs/include/depthai_ros_msgs/depthai_ros_msgs/msg/rosidl_typesupport_fastrtps_c__visibility_control.h\n'}
[0.695215] (depthai_ros_msgs) StdoutLine: {'line': b'-- Up-to-date: /home/dronelab/vikram/slam-project/install/depthai_ros_msgs/include/depthai_ros_msgs/depthai_ros_msgs/msg/detail\n'}
[0.695243] (depthai_ros_msgs) StdoutLine: {'line': b'-- Up-to-date: /home/dronelab/vikram/slam-project/install/depthai_ros_msgs/include/depthai_ros_msgs/depthai_ros_msgs/msg/detail/hand_landmark__rosidl_typesupport_fastrtps_c.h\n'}
[0.695270] (depthai_ros_msgs) StdoutLine: {'line': b'-- Up-to-date: /home/dronelab/vikram/slam-project/install/depthai_ros_msgs/include/depthai_ros_msgs/depthai_ros_msgs/msg/detail/track_detection2_d__rosidl_typesupport_fastrtps_c.h\n'}
[0.695297] (depthai_ros_msgs) StdoutLine: {'line': b'-- Up-to-date: /home/dronelab/vikram/slam-project/install/depthai_ros_msgs/include/depthai_ros_msgs/depthai_ros_msgs/msg/detail/imu_with_magnetic_field__rosidl_typesupport_fastrtps_c.h\n'}
[0.695325] (depthai_ros_msgs) StdoutLine: {'line': b'-- Up-to-date: /home/dronelab/vikram/slam-project/install/depthai_ros_msgs/include/depthai_ros_msgs/depthai_ros_msgs/msg/detail/tracked_feature__rosidl_typesupport_fastrtps_c.h\n'}
[0.695352] (depthai_ros_msgs) StdoutLine: {'line': b'-- Up-to-date: /home/dronelab/vikram/slam-project/install/depthai_ros_msgs/include/depthai_ros_msgs/depthai_ros_msgs/msg/detail/hand_landmark_array__rosidl_typesupport_fastrtps_c.h\n'}
[0.695379] (depthai_ros_msgs) StdoutLine: {'line': b'-- Up-to-date: /home/dronelab/vikram/slam-project/install/depthai_ros_msgs/include/depthai_ros_msgs/depthai_ros_msgs/msg/detail/tracked_features__rosidl_typesupport_fastrtps_c.h\n'}
[0.695409] (depthai_ros_msgs) StdoutLine: {'line': b'-- Up-to-date: /home/dronelab/vikram/slam-project/install/depthai_ros_msgs/include/depthai_ros_msgs/depthai_ros_msgs/msg/detail/track_detection2_d_array__rosidl_typesupport_fastrtps_c.h\n'}
[0.695437] (depthai_ros_msgs) StdoutLine: {'line': b'-- Up-to-date: /home/dronelab/vikram/slam-project/install/depthai_ros_msgs/include/depthai_ros_msgs/depthai_ros_msgs/msg/detail/auto_focus_ctrl__rosidl_typesupport_fastrtps_c.h\n'}
[0.695464] (depthai_ros_msgs) StdoutLine: {'line': b'-- Up-to-date: /home/dronelab/vikram/slam-project/install/depthai_ros_msgs/include/depthai_ros_msgs/depthai_ros_msgs/msg/detail/spatial_detection_array__rosidl_typesupport_fastrtps_c.h\n'}
[0.695492] (depthai_ros_msgs) StdoutLine: {'line': b'-- Up-to-date: /home/dronelab/vikram/slam-project/install/depthai_ros_msgs/include/depthai_ros_msgs/depthai_ros_msgs/msg/detail/spatial_detection__rosidl_typesupport_fastrtps_c.h\n'}
[0.695520] (depthai_ros_msgs) StdoutLine: {'line': b'-- Up-to-date: /home/dronelab/vikram/slam-project/install/depthai_ros_msgs/lib/libdepthai_ros_msgs__rosidl_typesupport_fastrtps_c.so\n'}
[0.695546] (depthai_ros_msgs) StdoutLine: {'line': b'-- Up-to-date: /home/dronelab/vikram/slam-project/install/depthai_ros_msgs/include/depthai_ros_msgs/depthai_ros_msgs\n'}
[0.695576] (depthai_ros_msgs) StdoutLine: {'line': b'-- Up-to-date: /home/dronelab/vikram/slam-project/install/depthai_ros_msgs/include/depthai_ros_msgs/depthai_ros_msgs/srv\n'}
[0.695603] (depthai_ros_msgs) StdoutLine: {'line': b'-- Up-to-date: /home/dronelab/vikram/slam-project/install/depthai_ros_msgs/include/depthai_ros_msgs/depthai_ros_msgs/srv/normalized_image_crop.hpp\n'}
[0.695631] (depthai_ros_msgs) StdoutLine: {'line': b'-- Up-to-date: /home/dronelab/vikram/slam-project/install/depthai_ros_msgs/include/depthai_ros_msgs/depthai_ros_msgs/srv/trigger_named.hpp\n'}
[0.695660] (depthai_ros_msgs) StdoutLine: {'line': b'-- Up-to-date: /home/dronelab/vikram/slam-project/install/depthai_ros_msgs/include/depthai_ros_msgs/depthai_ros_msgs/srv/set_local_transform.hpp\n'}
[0.695688] (depthai_ros_msgs) StdoutLine: {'line': b'-- Up-to-date: /home/dronelab/vikram/slam-project/install/depthai_ros_msgs/include/depthai_ros_msgs/depthai_ros_msgs/srv/detail\n'}
[0.695715] (depthai_ros_msgs) StdoutLine: {'line': b'-- Up-to-date: /home/dronelab/vikram/slam-project/install/depthai_ros_msgs/include/depthai_ros_msgs/depthai_ros_msgs/srv/detail/set_local_transform__traits.hpp\n'}
[0.695742] (depthai_ros_msgs) StdoutLine: {'line': b'-- Up-to-date: /home/dronelab/vikram/slam-project/install/depthai_ros_msgs/include/depthai_ros_msgs/depthai_ros_msgs/srv/detail/set_local_transform__struct.hpp\n'}
[0.695769] (depthai_ros_msgs) StdoutLine: {'line': b'-- Up-to-date: /home/dronelab/vikram/slam-project/install/depthai_ros_msgs/include/depthai_ros_msgs/depthai_ros_msgs/srv/detail/normalized_image_crop__traits.hpp\n'}
[0.695798] (depthai_ros_msgs) StdoutLine: {'line': b'-- Up-to-date: /home/dronelab/vikram/slam-project/install/depthai_ros_msgs/include/depthai_ros_msgs/depthai_ros_msgs/srv/detail/normalized_image_crop__struct.hpp\n'}
[0.695826] (depthai_ros_msgs) StdoutLine: {'line': b'-- Up-to-date: /home/dronelab/vikram/slam-project/install/depthai_ros_msgs/include/depthai_ros_msgs/depthai_ros_msgs/srv/detail/trigger_named__struct.hpp\n'}
[0.695855] (depthai_ros_msgs) StdoutLine: {'line': b'-- Up-to-date: /home/dronelab/vikram/slam-project/install/depthai_ros_msgs/include/depthai_ros_msgs/depthai_ros_msgs/srv/detail/trigger_named__traits.hpp\n'}
[0.695883] (depthai_ros_msgs) StdoutLine: {'line': b'-- Up-to-date: /home/dronelab/vikram/slam-project/install/depthai_ros_msgs/include/depthai_ros_msgs/depthai_ros_msgs/srv/detail/trigger_named__builder.hpp\n'}
[0.695910] (depthai_ros_msgs) StdoutLine: {'line': b'-- Up-to-date: /home/dronelab/vikram/slam-project/install/depthai_ros_msgs/include/depthai_ros_msgs/depthai_ros_msgs/srv/detail/set_local_transform__builder.hpp\n'}
[0.695937] (depthai_ros_msgs) StdoutLine: {'line': b'-- Up-to-date: /home/dronelab/vikram/slam-project/install/depthai_ros_msgs/include/depthai_ros_msgs/depthai_ros_msgs/srv/detail/normalized_image_crop__builder.hpp\n'}
[0.696058] (depthai_ros_msgs) StdoutLine: {'line': b'-- Up-to-date: /home/dronelab/vikram/slam-project/install/depthai_ros_msgs/include/depthai_ros_msgs/depthai_ros_msgs/msg\n'}
[0.696090] (depthai_ros_msgs) StdoutLine: {'line': b'-- Up-to-date: /home/dronelab/vikram/slam-project/install/depthai_ros_msgs/include/depthai_ros_msgs/depthai_ros_msgs/msg/auto_focus_ctrl.hpp\n'}
[0.696121] (depthai_ros_msgs) StdoutLine: {'line': b'-- Up-to-date: /home/dronelab/vikram/slam-project/install/depthai_ros_msgs/include/depthai_ros_msgs/depthai_ros_msgs/msg/spatial_detection.hpp\n'}
[0.696148] (depthai_ros_msgs) StdoutLine: {'line': b'-- Up-to-date: /home/dronelab/vikram/slam-project/install/depthai_ros_msgs/include/depthai_ros_msgs/depthai_ros_msgs/msg/spatial_detection_array.hpp\n'}
[0.696176] (depthai_ros_msgs) StdoutLine: {'line': b'-- Up-to-date: /home/dronelab/vikram/slam-project/install/depthai_ros_msgs/include/depthai_ros_msgs/depthai_ros_msgs/msg/track_detection2_d_array.hpp\n'}
[0.696204] (depthai_ros_msgs) StdoutLine: {'line': b'-- Up-to-date: /home/dronelab/vikram/slam-project/install/depthai_ros_msgs/include/depthai_ros_msgs/depthai_ros_msgs/msg/track_detection2_d.hpp\n'}
[0.696231] (depthai_ros_msgs) StdoutLine: {'line': b'-- Up-to-date: /home/dronelab/vikram/slam-project/install/depthai_ros_msgs/include/depthai_ros_msgs/depthai_ros_msgs/msg/hand_landmark_array.hpp\n'}
[0.696261] (depthai_ros_msgs) StdoutLine: {'line': b'-- Up-to-date: /home/dronelab/vikram/slam-project/install/depthai_ros_msgs/include/depthai_ros_msgs/depthai_ros_msgs/msg/hand_landmark.hpp\n'}
[0.696289] (depthai_ros_msgs) StdoutLine: {'line': b'-- Up-to-date: /home/dronelab/vikram/slam-project/install/depthai_ros_msgs/include/depthai_ros_msgs/depthai_ros_msgs/msg/detail\n'}
[0.696316] (depthai_ros_msgs) StdoutLine: {'line': b'-- Up-to-date: /home/dronelab/vikram/slam-project/install/depthai_ros_msgs/include/depthai_ros_msgs/depthai_ros_msgs/msg/detail/track_detection2_d_array__traits.hpp\n'}
[0.696343] (depthai_ros_msgs) StdoutLine: {'line': b'-- Up-to-date: /home/dronelab/vikram/slam-project/install/depthai_ros_msgs/include/depthai_ros_msgs/depthai_ros_msgs/msg/detail/track_detection2_d_array__struct.hpp\n'}
[0.696371] (depthai_ros_msgs) StdoutLine: {'line': b'-- Up-to-date: /home/dronelab/vikram/slam-project/install/depthai_ros_msgs/include/depthai_ros_msgs/depthai_ros_msgs/msg/detail/tracked_feature__traits.hpp\n'}
[0.696398] (depthai_ros_msgs) StdoutLine: {'line': b'-- Up-to-date: /home/dronelab/vikram/slam-project/install/depthai_ros_msgs/include/depthai_ros_msgs/depthai_ros_msgs/msg/detail/track_detection2_d__traits.hpp\n'}
[0.696426] (depthai_ros_msgs) StdoutLine: {'line': b'-- Up-to-date: /home/dronelab/vikram/slam-project/install/depthai_ros_msgs/include/depthai_ros_msgs/depthai_ros_msgs/msg/detail/auto_focus_ctrl__builder.hpp\n'}
[0.696453] (depthai_ros_msgs) StdoutLine: {'line': b'-- Up-to-date: /home/dronelab/vikram/slam-project/install/depthai_ros_msgs/include/depthai_ros_msgs/depthai_ros_msgs/msg/detail/hand_landmark_array__builder.hpp\n'}
[0.696480] (depthai_ros_msgs) StdoutLine: {'line': b'-- Up-to-date: /home/dronelab/vikram/slam-project/install/depthai_ros_msgs/include/depthai_ros_msgs/depthai_ros_msgs/msg/detail/hand_landmark__traits.hpp\n'}
[0.696508] (depthai_ros_msgs) StdoutLine: {'line': b'-- Up-to-date: /home/dronelab/vikram/slam-project/install/depthai_ros_msgs/include/depthai_ros_msgs/depthai_ros_msgs/msg/detail/hand_landmark__builder.hpp\n'}
[0.696534] (depthai_ros_msgs) StdoutLine: {'line': b'-- Up-to-date: /home/dronelab/vikram/slam-project/install/depthai_ros_msgs/include/depthai_ros_msgs/depthai_ros_msgs/msg/detail/spatial_detection__builder.hpp\n'}
[0.696561] (depthai_ros_msgs) StdoutLine: {'line': b'-- Up-to-date: /home/dronelab/vikram/slam-project/install/depthai_ros_msgs/include/depthai_ros_msgs/depthai_ros_msgs/msg/detail/spatial_detection_array__builder.hpp\n'}
[0.696589] (depthai_ros_msgs) StdoutLine: {'line': b'-- Up-to-date: /home/dronelab/vikram/slam-project/install/depthai_ros_msgs/include/depthai_ros_msgs/depthai_ros_msgs/msg/detail/imu_with_magnetic_field__traits.hpp\n'}
[0.696617] (depthai_ros_msgs) StdoutLine: {'line': b'-- Up-to-date: /home/dronelab/vikram/slam-project/install/depthai_ros_msgs/include/depthai_ros_msgs/depthai_ros_msgs/msg/detail/auto_focus_ctrl__traits.hpp\n'}
[0.696644] (depthai_ros_msgs) StdoutLine: {'line': b'-- Up-to-date: /home/dronelab/vikram/slam-project/install/depthai_ros_msgs/include/depthai_ros_msgs/depthai_ros_msgs/msg/detail/auto_focus_ctrl__struct.hpp\n'}
[0.696671] (depthai_ros_msgs) StdoutLine: {'line': b'-- Up-to-date: /home/dronelab/vikram/slam-project/install/depthai_ros_msgs/include/depthai_ros_msgs/depthai_ros_msgs/msg/detail/tracked_features__builder.hpp\n'}
[0.696699] (depthai_ros_msgs) StdoutLine: {'line': b'-- Up-to-date: /home/dronelab/vikram/slam-project/install/depthai_ros_msgs/include/depthai_ros_msgs/depthai_ros_msgs/msg/detail/spatial_detection__struct.hpp\n'}
[0.696726] (depthai_ros_msgs) StdoutLine: {'line': b'-- Up-to-date: /home/dronelab/vikram/slam-project/install/depthai_ros_msgs/include/depthai_ros_msgs/depthai_ros_msgs/msg/detail/hand_landmark_array__struct.hpp\n'}
[0.696754] (depthai_ros_msgs) StdoutLine: {'line': b'-- Up-to-date: /home/dronelab/vikram/slam-project/install/depthai_ros_msgs/include/depthai_ros_msgs/depthai_ros_msgs/msg/detail/track_detection2_d__struct.hpp\n'}
[0.696782] (depthai_ros_msgs) StdoutLine: {'line': b'-- Up-to-date: /home/dronelab/vikram/slam-project/install/depthai_ros_msgs/include/depthai_ros_msgs/depthai_ros_msgs/msg/detail/tracked_feature__struct.hpp\n'}
[0.696810] (depthai_ros_msgs) StdoutLine: {'line': b'-- Up-to-date: /home/dronelab/vikram/slam-project/install/depthai_ros_msgs/include/depthai_ros_msgs/depthai_ros_msgs/msg/detail/spatial_detection__traits.hpp\n'}
[0.696838] (depthai_ros_msgs) StdoutLine: {'line': b'-- Up-to-date: /home/dronelab/vikram/slam-project/install/depthai_ros_msgs/include/depthai_ros_msgs/depthai_ros_msgs/msg/detail/imu_with_magnetic_field__struct.hpp\n'}
[0.696866] (depthai_ros_msgs) StdoutLine: {'line': b'-- Up-to-date: /home/dronelab/vikram/slam-project/install/depthai_ros_msgs/include/depthai_ros_msgs/depthai_ros_msgs/msg/detail/track_detection2_d__builder.hpp\n'}
[0.696894] (depthai_ros_msgs) StdoutLine: {'line': b'-- Up-to-date: /home/dronelab/vikram/slam-project/install/depthai_ros_msgs/include/depthai_ros_msgs/depthai_ros_msgs/msg/detail/hand_landmark_array__traits.hpp\n'}
[0.696973] (depthai_ros_msgs) StdoutLine: {'line': b'-- Up-to-date: /home/dronelab/vikram/slam-project/install/depthai_ros_msgs/include/depthai_ros_msgs/depthai_ros_msgs/msg/detail/spatial_detection_array__traits.hpp\n'}
[0.697002] (depthai_ros_msgs) StdoutLine: {'line': b'-- Up-to-date: /home/dronelab/vikram/slam-project/install/depthai_ros_msgs/include/depthai_ros_msgs/depthai_ros_msgs/msg/detail/tracked_features__traits.hpp\n'}
[0.697034] (depthai_ros_msgs) StdoutLine: {'line': b'-- Up-to-date: /home/dronelab/vikram/slam-project/install/depthai_ros_msgs/include/depthai_ros_msgs/depthai_ros_msgs/msg/detail/track_detection2_d_array__builder.hpp\n'}
[0.697062] (depthai_ros_msgs) StdoutLine: {'line': b'-- Up-to-date: /home/dronelab/vikram/slam-project/install/depthai_ros_msgs/include/depthai_ros_msgs/depthai_ros_msgs/msg/detail/tracked_feature__builder.hpp\n'}
[0.697098] (depthai_ros_msgs) StdoutLine: {'line': b'-- Up-to-date: /home/dronelab/vikram/slam-project/install/depthai_ros_msgs/include/depthai_ros_msgs/depthai_ros_msgs/msg/detail/imu_with_magnetic_field__builder.hpp\n'}
[0.697126] (depthai_ros_msgs) StdoutLine: {'line': b'-- Up-to-date: /home/dronelab/vikram/slam-project/install/depthai_ros_msgs/include/depthai_ros_msgs/depthai_ros_msgs/msg/detail/hand_landmark__struct.hpp\n'}
[0.697154] (depthai_ros_msgs) StdoutLine: {'line': b'-- Up-to-date: /home/dronelab/vikram/slam-project/install/depthai_ros_msgs/include/depthai_ros_msgs/depthai_ros_msgs/msg/detail/spatial_detection_array__struct.hpp\n'}
[0.697233] (depthai_ros_msgs) StdoutLine: {'line': b'-- Up-to-date: /home/dronelab/vikram/slam-project/install/depthai_ros_msgs/include/depthai_ros_msgs/depthai_ros_msgs/msg/detail/tracked_features__struct.hpp\n'}
[0.697262] (depthai_ros_msgs) StdoutLine: {'line': b'-- Up-to-date: /home/dronelab/vikram/slam-project/install/depthai_ros_msgs/include/depthai_ros_msgs/depthai_ros_msgs/msg/tracked_feature.hpp\n'}
[0.697292] (depthai_ros_msgs) StdoutLine: {'line': b'-- Up-to-date: /home/dronelab/vikram/slam-project/install/depthai_ros_msgs/include/depthai_ros_msgs/depthai_ros_msgs/msg/imu_with_magnetic_field.hpp\n'}
[0.697320] (depthai_ros_msgs) StdoutLine: {'line': b'-- Up-to-date: /home/dronelab/vikram/slam-project/install/depthai_ros_msgs/include/depthai_ros_msgs/depthai_ros_msgs/msg/tracked_features.hpp\n'}
[0.697348] (depthai_ros_msgs) StdoutLine: {'line': b'-- Up-to-date: /home/dronelab/vikram/slam-project/install/depthai_ros_msgs/include/depthai_ros_msgs/depthai_ros_msgs\n'}
[0.697376] (depthai_ros_msgs) StdoutLine: {'line': b'-- Up-to-date: /home/dronelab/vikram/slam-project/install/depthai_ros_msgs/include/depthai_ros_msgs/depthai_ros_msgs/srv\n'}
[0.697402] (depthai_ros_msgs) StdoutLine: {'line': b'-- Up-to-date: /home/dronelab/vikram/slam-project/install/depthai_ros_msgs/include/depthai_ros_msgs/depthai_ros_msgs/srv/detail\n'}
[0.697431] (depthai_ros_msgs) StdoutLine: {'line': b'-- Up-to-date: /home/dronelab/vikram/slam-project/install/depthai_ros_msgs/include/depthai_ros_msgs/depthai_ros_msgs/srv/detail/set_local_transform__rosidl_typesupport_fastrtps_cpp.hpp\n'}
[0.697459] (depthai_ros_msgs) StdoutLine: {'line': b'-- Up-to-date: /home/dronelab/vikram/slam-project/install/depthai_ros_msgs/include/depthai_ros_msgs/depthai_ros_msgs/srv/detail/dds_fastrtps\n'}
[0.697486] (depthai_ros_msgs) StdoutLine: {'line': b'-- Up-to-date: /home/dronelab/vikram/slam-project/install/depthai_ros_msgs/include/depthai_ros_msgs/depthai_ros_msgs/srv/detail/trigger_named__rosidl_typesupport_fastrtps_cpp.hpp\n'}
[0.697514] (depthai_ros_msgs) StdoutLine: {'line': b'-- Up-to-date: /home/dronelab/vikram/slam-project/install/depthai_ros_msgs/include/depthai_ros_msgs/depthai_ros_msgs/srv/detail/normalized_image_crop__rosidl_typesupport_fastrtps_cpp.hpp\n'}
[0.697540] (depthai_ros_msgs) StdoutLine: {'line': b'-- Up-to-date: /home/dronelab/vikram/slam-project/install/depthai_ros_msgs/include/depthai_ros_msgs/depthai_ros_msgs/msg\n'}
[0.697567] (depthai_ros_msgs) StdoutLine: {'line': b'-- Up-to-date: /home/dronelab/vikram/slam-project/install/depthai_ros_msgs/include/depthai_ros_msgs/depthai_ros_msgs/msg/rosidl_typesupport_fastrtps_cpp__visibility_control.h\n'}
[0.697593] (depthai_ros_msgs) StdoutLine: {'line': b'-- Up-to-date: /home/dronelab/vikram/slam-project/install/depthai_ros_msgs/include/depthai_ros_msgs/depthai_ros_msgs/msg/detail\n'}
[0.697620] (depthai_ros_msgs) StdoutLine: {'line': b'-- Up-to-date: /home/dronelab/vikram/slam-project/install/depthai_ros_msgs/include/depthai_ros_msgs/depthai_ros_msgs/msg/detail/track_detection2_d_array__rosidl_typesupport_fastrtps_cpp.hpp\n'}
[0.697646] (depthai_ros_msgs) StdoutLine: {'line': b'-- Up-to-date: /home/dronelab/vikram/slam-project/install/depthai_ros_msgs/include/depthai_ros_msgs/depthai_ros_msgs/msg/detail/dds_fastrtps\n'}
[0.697673] (depthai_ros_msgs) StdoutLine: {'line': b'-- Up-to-date: /home/dronelab/vikram/slam-project/install/depthai_ros_msgs/include/depthai_ros_msgs/depthai_ros_msgs/msg/detail/tracked_feature__rosidl_typesupport_fastrtps_cpp.hpp\n'}
[0.697699] (depthai_ros_msgs) StdoutLine: {'line': b'-- Up-to-date: /home/dronelab/vikram/slam-project/install/depthai_ros_msgs/include/depthai_ros_msgs/depthai_ros_msgs/msg/detail/track_detection2_d__rosidl_typesupport_fastrtps_cpp.hpp\n'}
[0.697726] (depthai_ros_msgs) StdoutLine: {'line': b'-- Up-to-date: /home/dronelab/vikram/slam-project/install/depthai_ros_msgs/include/depthai_ros_msgs/depthai_ros_msgs/msg/detail/hand_landmark__rosidl_typesupport_fastrtps_cpp.hpp\n'}
[0.697754] (depthai_ros_msgs) StdoutLine: {'line': b'-- Up-to-date: /home/dronelab/vikram/slam-project/install/depthai_ros_msgs/include/depthai_ros_msgs/depthai_ros_msgs/msg/detail/imu_with_magnetic_field__rosidl_typesupport_fastrtps_cpp.hpp\n'}
[0.697842] (depthai_ros_msgs) StdoutLine: {'line': b'-- Up-to-date: /home/dronelab/vikram/slam-project/install/depthai_ros_msgs/include/depthai_ros_msgs/depthai_ros_msgs/msg/detail/auto_focus_ctrl__rosidl_typesupport_fastrtps_cpp.hpp\n'}
[0.697875] (depthai_ros_msgs) StdoutLine: {'line': b'-- Up-to-date: /home/dronelab/vikram/slam-project/install/depthai_ros_msgs/include/depthai_ros_msgs/depthai_ros_msgs/msg/detail/tracked_features__rosidl_typesupport_fastrtps_cpp.hpp\n'}
[0.697905] (depthai_ros_msgs) StdoutLine: {'line': b'-- Up-to-date: /home/dronelab/vikram/slam-project/install/depthai_ros_msgs/include/depthai_ros_msgs/depthai_ros_msgs/msg/detail/spatial_detection__rosidl_typesupport_fastrtps_cpp.hpp\n'}
[0.697933] (depthai_ros_msgs) StdoutLine: {'line': b'-- Up-to-date: /home/dronelab/vikram/slam-project/install/depthai_ros_msgs/include/depthai_ros_msgs/depthai_ros_msgs/msg/detail/hand_landmark_array__rosidl_typesupport_fastrtps_cpp.hpp\n'}
[0.697961] (depthai_ros_msgs) StdoutLine: {'line': b'-- Up-to-date: /home/dronelab/vikram/slam-project/install/depthai_ros_msgs/include/depthai_ros_msgs/depthai_ros_msgs/msg/detail/spatial_detection_array__rosidl_typesupport_fastrtps_cpp.hpp\n'}
[0.697992] (depthai_ros_msgs) StdoutLine: {'line': b'-- Up-to-date: /home/dronelab/vikram/slam-project/install/depthai_ros_msgs/lib/libdepthai_ros_msgs__rosidl_typesupport_fastrtps_cpp.so\n'}
[0.698020] (depthai_ros_msgs) StdoutLine: {'line': b'-- Up-to-date: /home/dronelab/vikram/slam-project/install/depthai_ros_msgs/include/depthai_ros_msgs/depthai_ros_msgs\n'}
[0.698046] (depthai_ros_msgs) StdoutLine: {'line': b'-- Up-to-date: /home/dronelab/vikram/slam-project/install/depthai_ros_msgs/include/depthai_ros_msgs/depthai_ros_msgs/srv\n'}
[0.698075] (depthai_ros_msgs) StdoutLine: {'line': b'-- Up-to-date: /home/dronelab/vikram/slam-project/install/depthai_ros_msgs/include/depthai_ros_msgs/depthai_ros_msgs/srv/detail\n'}
[0.698105] (depthai_ros_msgs) StdoutLine: {'line': b'-- Up-to-date: /home/dronelab/vikram/slam-project/install/depthai_ros_msgs/include/depthai_ros_msgs/depthai_ros_msgs/srv/detail/set_local_transform__rosidl_typesupport_introspection_c.h\n'}
[0.698132] (depthai_ros_msgs) StdoutLine: {'line': b'-- Up-to-date: /home/dronelab/vikram/slam-project/install/depthai_ros_msgs/include/depthai_ros_msgs/depthai_ros_msgs/srv/detail/normalized_image_crop__type_support.c\n'}
[0.698161] (depthai_ros_msgs) StdoutLine: {'line': b'-- Up-to-date: /home/dronelab/vikram/slam-project/install/depthai_ros_msgs/include/depthai_ros_msgs/depthai_ros_msgs/srv/detail/normalized_image_crop__rosidl_typesupport_introspection_c.h\n'}
[0.698188] (depthai_ros_msgs) StdoutLine: {'line': b'-- Up-to-date: /home/dronelab/vikram/slam-project/install/depthai_ros_msgs/include/depthai_ros_msgs/depthai_ros_msgs/srv/detail/set_local_transform__type_support.c\n'}
[0.698215] (depthai_ros_msgs) StdoutLine: {'line': b'-- Up-to-date: /home/dronelab/vikram/slam-project/install/depthai_ros_msgs/include/depthai_ros_msgs/depthai_ros_msgs/srv/detail/trigger_named__type_support.c\n'}
[0.698242] (depthai_ros_msgs) StdoutLine: {'line': b'-- Up-to-date: /home/dronelab/vikram/slam-project/install/depthai_ros_msgs/include/depthai_ros_msgs/depthai_ros_msgs/srv/detail/trigger_named__rosidl_typesupport_introspection_c.h\n'}
[0.698268] (depthai_ros_msgs) StdoutLine: {'line': b'-- Up-to-date: /home/dronelab/vikram/slam-project/install/depthai_ros_msgs/include/depthai_ros_msgs/depthai_ros_msgs/msg\n'}
[0.698295] (depthai_ros_msgs) StdoutLine: {'line': b'-- Up-to-date: /home/dronelab/vikram/slam-project/install/depthai_ros_msgs/include/depthai_ros_msgs/depthai_ros_msgs/msg/rosidl_typesupport_introspection_c__visibility_control.h\n'}
[0.698324] (depthai_ros_msgs) StdoutLine: {'line': b'-- Up-to-date: /home/dronelab/vikram/slam-project/install/depthai_ros_msgs/include/depthai_ros_msgs/depthai_ros_msgs/msg/detail\n'}
[0.698411] (depthai_ros_msgs) StdoutLine: {'line': b'-- Up-to-date: /home/dronelab/vikram/slam-project/install/depthai_ros_msgs/include/depthai_ros_msgs/depthai_ros_msgs/msg/detail/tracked_features__type_support.c\n'}
[0.698436] (depthai_ros_msgs) StdoutLine: {'line': b'-- Up-to-date: /home/dronelab/vikram/slam-project/install/depthai_ros_msgs/include/depthai_ros_msgs/depthai_ros_msgs/msg/detail/imu_with_magnetic_field__type_support.c\n'}
[0.698460] (depthai_ros_msgs) StdoutLine: {'line': b'-- Up-to-date: /home/dronelab/vikram/slam-project/install/depthai_ros_msgs/include/depthai_ros_msgs/depthai_ros_msgs/msg/detail/hand_landmark_array__type_support.c\n'}
[0.698485] (depthai_ros_msgs) StdoutLine: {'line': b'-- Up-to-date: /home/dronelab/vikram/slam-project/install/depthai_ros_msgs/include/depthai_ros_msgs/depthai_ros_msgs/msg/detail/track_detection2_d__type_support.c\n'}
[0.698509] (depthai_ros_msgs) StdoutLine: {'line': b'-- Up-to-date: /home/dronelab/vikram/slam-project/install/depthai_ros_msgs/include/depthai_ros_msgs/depthai_ros_msgs/msg/detail/tracked_feature__rosidl_typesupport_introspection_c.h\n'}
[0.698533] (depthai_ros_msgs) StdoutLine: {'line': b'-- Up-to-date: /home/dronelab/vikram/slam-project/install/depthai_ros_msgs/include/depthai_ros_msgs/depthai_ros_msgs/msg/detail/tracked_features__rosidl_typesupport_introspection_c.h\n'}
[0.698557] (depthai_ros_msgs) StdoutLine: {'line': b'-- Up-to-date: /home/dronelab/vikram/slam-project/install/depthai_ros_msgs/include/depthai_ros_msgs/depthai_ros_msgs/msg/detail/hand_landmark__type_support.c\n'}
[0.698582] (depthai_ros_msgs) StdoutLine: {'line': b'-- Up-to-date: /home/dronelab/vikram/slam-project/install/depthai_ros_msgs/include/depthai_ros_msgs/depthai_ros_msgs/msg/detail/track_detection2_d_array__rosidl_typesupport_introspection_c.h\n'}
[0.698610] (depthai_ros_msgs) StdoutLine: {'line': b'-- Up-to-date: /home/dronelab/vikram/slam-project/install/depthai_ros_msgs/include/depthai_ros_msgs/depthai_ros_msgs/msg/detail/spatial_detection__rosidl_typesupport_introspection_c.h\n'}
[0.698634] (depthai_ros_msgs) StdoutLine: {'line': b'-- Up-to-date: /home/dronelab/vikram/slam-project/install/depthai_ros_msgs/include/depthai_ros_msgs/depthai_ros_msgs/msg/detail/auto_focus_ctrl__rosidl_typesupport_introspection_c.h\n'}
[0.698658] (depthai_ros_msgs) StdoutLine: {'line': b'-- Up-to-date: /home/dronelab/vikram/slam-project/install/depthai_ros_msgs/include/depthai_ros_msgs/depthai_ros_msgs/msg/detail/tracked_feature__type_support.c\n'}
[0.698683] (depthai_ros_msgs) StdoutLine: {'line': b'-- Up-to-date: /home/dronelab/vikram/slam-project/install/depthai_ros_msgs/include/depthai_ros_msgs/depthai_ros_msgs/msg/detail/spatial_detection__type_support.c\n'}
[0.698707] (depthai_ros_msgs) StdoutLine: {'line': b'-- Up-to-date: /home/dronelab/vikram/slam-project/install/depthai_ros_msgs/include/depthai_ros_msgs/depthai_ros_msgs/msg/detail/spatial_detection_array__rosidl_typesupport_introspection_c.h\n'}
[0.698731] (depthai_ros_msgs) StdoutLine: {'line': b'-- Up-to-date: /home/dronelab/vikram/slam-project/install/depthai_ros_msgs/include/depthai_ros_msgs/depthai_ros_msgs/msg/detail/hand_landmark__rosidl_typesupport_introspection_c.h\n'}
[0.698755] (depthai_ros_msgs) StdoutLine: {'line': b'-- Up-to-date: /home/dronelab/vikram/slam-project/install/depthai_ros_msgs/include/depthai_ros_msgs/depthai_ros_msgs/msg/detail/imu_with_magnetic_field__rosidl_typesupport_introspection_c.h\n'}
[0.698780] (depthai_ros_msgs) StdoutLine: {'line': b'-- Up-to-date: /home/dronelab/vikram/slam-project/install/depthai_ros_msgs/include/depthai_ros_msgs/depthai_ros_msgs/msg/detail/track_detection2_d__rosidl_typesupport_introspection_c.h\n'}
[0.698805] (depthai_ros_msgs) StdoutLine: {'line': b'-- Up-to-date: /home/dronelab/vikram/slam-project/install/depthai_ros_msgs/include/depthai_ros_msgs/depthai_ros_msgs/msg/detail/track_detection2_d_array__type_support.c\n'}
[0.698829] (depthai_ros_msgs) StdoutLine: {'line': b'-- Up-to-date: /home/dronelab/vikram/slam-project/install/depthai_ros_msgs/include/depthai_ros_msgs/depthai_ros_msgs/msg/detail/hand_landmark_array__rosidl_typesupport_introspection_c.h\n'}
[0.698854] (depthai_ros_msgs) StdoutLine: {'line': b'-- Up-to-date: /home/dronelab/vikram/slam-project/install/depthai_ros_msgs/include/depthai_ros_msgs/depthai_ros_msgs/msg/detail/spatial_detection_array__type_support.c\n'}
[0.698878] (depthai_ros_msgs) StdoutLine: {'line': b'-- Up-to-date: /home/dronelab/vikram/slam-project/install/depthai_ros_msgs/include/depthai_ros_msgs/depthai_ros_msgs/msg/detail/auto_focus_ctrl__type_support.c\n'}
[0.698901] (depthai_ros_msgs) StdoutLine: {'line': b'-- Up-to-date: /home/dronelab/vikram/slam-project/install/depthai_ros_msgs/lib/libdepthai_ros_msgs__rosidl_typesupport_introspection_c.so\n'}
[0.698925] (depthai_ros_msgs) StdoutLine: {'line': b'-- Up-to-date: /home/dronelab/vikram/slam-project/install/depthai_ros_msgs/lib/libdepthai_ros_msgs__rosidl_typesupport_c.so\n'}
[0.698949] (depthai_ros_msgs) StdoutLine: {'line': b'-- Up-to-date: /home/dronelab/vikram/slam-project/install/depthai_ros_msgs/include/depthai_ros_msgs/depthai_ros_msgs\n'}
[0.698973] (depthai_ros_msgs) StdoutLine: {'line': b'-- Up-to-date: /home/dronelab/vikram/slam-project/install/depthai_ros_msgs/include/depthai_ros_msgs/depthai_ros_msgs/srv\n'}
[0.698996] (depthai_ros_msgs) StdoutLine: {'line': b'-- Up-to-date: /home/dronelab/vikram/slam-project/install/depthai_ros_msgs/include/depthai_ros_msgs/depthai_ros_msgs/srv/detail\n'}
[0.699021] (depthai_ros_msgs) StdoutLine: {'line': b'-- Up-to-date: /home/dronelab/vikram/slam-project/install/depthai_ros_msgs/include/depthai_ros_msgs/depthai_ros_msgs/srv/detail/set_local_transform__type_support.cpp\n'}
[0.699046] (depthai_ros_msgs) StdoutLine: {'line': b'-- Up-to-date: /home/dronelab/vikram/slam-project/install/depthai_ros_msgs/include/depthai_ros_msgs/depthai_ros_msgs/srv/detail/set_local_transform__rosidl_typesupport_introspection_cpp.hpp\n'}
[0.699069] (depthai_ros_msgs) StdoutLine: {'line': b'-- Up-to-date: /home/dronelab/vikram/slam-project/install/depthai_ros_msgs/include/depthai_ros_msgs/depthai_ros_msgs/srv/detail/trigger_named__rosidl_typesupport_introspection_cpp.hpp\n'}
[0.699097] (depthai_ros_msgs) StdoutLine: {'line': b'-- Up-to-date: /home/dronelab/vikram/slam-project/install/depthai_ros_msgs/include/depthai_ros_msgs/depthai_ros_msgs/srv/detail/normalized_image_crop__rosidl_typesupport_introspection_cpp.hpp\n'}
[0.699122] (depthai_ros_msgs) StdoutLine: {'line': b'-- Up-to-date: /home/dronelab/vikram/slam-project/install/depthai_ros_msgs/include/depthai_ros_msgs/depthai_ros_msgs/srv/detail/trigger_named__type_support.cpp\n'}
[0.699145] (depthai_ros_msgs) StdoutLine: {'line': b'-- Up-to-date: /home/dronelab/vikram/slam-project/install/depthai_ros_msgs/include/depthai_ros_msgs/depthai_ros_msgs/srv/detail/normalized_image_crop__type_support.cpp\n'}
[0.699169] (depthai_ros_msgs) StdoutLine: {'line': b'-- Up-to-date: /home/dronelab/vikram/slam-project/install/depthai_ros_msgs/include/depthai_ros_msgs/depthai_ros_msgs/msg\n'}
[0.699193] (depthai_ros_msgs) StdoutLine: {'line': b'-- Up-to-date: /home/dronelab/vikram/slam-project/install/depthai_ros_msgs/include/depthai_ros_msgs/depthai_ros_msgs/msg/detail\n'}
[0.699220] (depthai_ros_msgs) StdoutLine: {'line': b'-- Up-to-date: /home/dronelab/vikram/slam-project/install/depthai_ros_msgs/include/depthai_ros_msgs/depthai_ros_msgs/msg/detail/tracked_features__type_support.cpp\n'}
[0.699250] (depthai_ros_msgs) StdoutLine: {'line': b'-- Up-to-date: /home/dronelab/vikram/slam-project/install/depthai_ros_msgs/include/depthai_ros_msgs/depthai_ros_msgs/msg/detail/imu_with_magnetic_field__type_support.cpp\n'}
[0.699294] (depthai_ros_msgs) StdoutLine: {'line': b'-- Up-to-date: /home/dronelab/vikram/slam-project/install/depthai_ros_msgs/include/depthai_ros_msgs/depthai_ros_msgs/msg/detail/spatial_detection__rosidl_typesupport_introspection_cpp.hpp\n'}
[0.699338] (depthai_ros_msgs) StdoutLine: {'line': b'-- Up-to-date: /home/dronelab/vikram/slam-project/install/depthai_ros_msgs/include/depthai_ros_msgs/depthai_ros_msgs/msg/detail/tracked_feature__rosidl_typesupport_introspection_cpp.hpp\n'}
[0.699384] (depthai_ros_msgs) StdoutLine: {'line': b'-- Up-to-date: /home/dronelab/vikram/slam-project/install/depthai_ros_msgs/include/depthai_ros_msgs/depthai_ros_msgs/msg/detail/tracked_features__rosidl_typesupport_introspection_cpp.hpp\n'}
[0.699428] (depthai_ros_msgs) StdoutLine: {'line': b'-- Up-to-date: /home/dronelab/vikram/slam-project/install/depthai_ros_msgs/include/depthai_ros_msgs/depthai_ros_msgs/msg/detail/track_detection2_d_array__rosidl_typesupport_introspection_cpp.hpp\n'}
[0.699474] (depthai_ros_msgs) StdoutLine: {'line': b'-- Up-to-date: /home/dronelab/vikram/slam-project/install/depthai_ros_msgs/include/depthai_ros_msgs/depthai_ros_msgs/msg/detail/auto_focus_ctrl__rosidl_typesupport_introspection_cpp.hpp\n'}
[0.699518] (depthai_ros_msgs) StdoutLine: {'line': b'-- Up-to-date: /home/dronelab/vikram/slam-project/install/depthai_ros_msgs/include/depthai_ros_msgs/depthai_ros_msgs/msg/detail/spatial_detection_array__rosidl_typesupport_introspection_cpp.hpp\n'}
[0.699563] (depthai_ros_msgs) StdoutLine: {'line': b'-- Up-to-date: /home/dronelab/vikram/slam-project/install/depthai_ros_msgs/include/depthai_ros_msgs/depthai_ros_msgs/msg/detail/track_detection2_d__rosidl_typesupport_introspection_cpp.hpp\n'}
[0.699607] (depthai_ros_msgs) StdoutLine: {'line': b'-- Up-to-date: /home/dronelab/vikram/slam-project/install/depthai_ros_msgs/include/depthai_ros_msgs/depthai_ros_msgs/msg/detail/hand_landmark__rosidl_typesupport_introspection_cpp.hpp\n'}
[0.699648] (depthai_ros_msgs) StdoutLine: {'line': b'-- Up-to-date: /home/dronelab/vikram/slam-project/install/depthai_ros_msgs/include/depthai_ros_msgs/depthai_ros_msgs/msg/detail/spatial_detection_array__type_support.cpp\n'}
[0.699689] (depthai_ros_msgs) StdoutLine: {'line': b'-- Up-to-date: /home/dronelab/vikram/slam-project/install/depthai_ros_msgs/include/depthai_ros_msgs/depthai_ros_msgs/msg/detail/track_detection2_d__type_support.cpp\n'}
[0.699731] (depthai_ros_msgs) StdoutLine: {'line': b'-- Up-to-date: /home/dronelab/vikram/slam-project/install/depthai_ros_msgs/include/depthai_ros_msgs/depthai_ros_msgs/msg/detail/spatial_detection__type_support.cpp\n'}
[0.699773] (depthai_ros_msgs) StdoutLine: {'line': b'-- Up-to-date: /home/dronelab/vikram/slam-project/install/depthai_ros_msgs/include/depthai_ros_msgs/depthai_ros_msgs/msg/detail/imu_with_magnetic_field__rosidl_typesupport_introspection_cpp.hpp\n'}
[0.699816] (depthai_ros_msgs) StdoutLine: {'line': b'-- Up-to-date: /home/dronelab/vikram/slam-project/install/depthai_ros_msgs/include/depthai_ros_msgs/depthai_ros_msgs/msg/detail/hand_landmark__type_support.cpp\n'}
[0.699859] (depthai_ros_msgs) StdoutLine: {'line': b'-- Up-to-date: /home/dronelab/vikram/slam-project/install/depthai_ros_msgs/include/depthai_ros_msgs/depthai_ros_msgs/msg/detail/hand_landmark_array__type_support.cpp\n'}
[0.699902] (depthai_ros_msgs) StdoutLine: {'line': b'-- Up-to-date: /home/dronelab/vikram/slam-project/install/depthai_ros_msgs/include/depthai_ros_msgs/depthai_ros_msgs/msg/detail/hand_landmark_array__rosidl_typesupport_introspection_cpp.hpp\n'}
[0.699943] (depthai_ros_msgs) StdoutLine: {'line': b'-- Up-to-date: /home/dronelab/vikram/slam-project/install/depthai_ros_msgs/include/depthai_ros_msgs/depthai_ros_msgs/msg/detail/auto_focus_ctrl__type_support.cpp\n'}
[0.699985] (depthai_ros_msgs) StdoutLine: {'line': b'-- Up-to-date: /home/dronelab/vikram/slam-project/install/depthai_ros_msgs/include/depthai_ros_msgs/depthai_ros_msgs/msg/detail/tracked_feature__type_support.cpp\n'}
[0.700028] (depthai_ros_msgs) StdoutLine: {'line': b'-- Up-to-date: /home/dronelab/vikram/slam-project/install/depthai_ros_msgs/include/depthai_ros_msgs/depthai_ros_msgs/msg/detail/track_detection2_d_array__type_support.cpp\n'}
[0.700070] (depthai_ros_msgs) StdoutLine: {'line': b'-- Up-to-date: /home/dronelab/vikram/slam-project/install/depthai_ros_msgs/lib/libdepthai_ros_msgs__rosidl_typesupport_introspection_cpp.so\n'}
[0.700118] (depthai_ros_msgs) StdoutLine: {'line': b'-- Up-to-date: /home/dronelab/vikram/slam-project/install/depthai_ros_msgs/lib/libdepthai_ros_msgs__rosidl_typesupport_cpp.so\n'}
[0.700162] (depthai_ros_msgs) StdoutLine: {'line': b'-- Up-to-date: /home/dronelab/vikram/slam-project/install/depthai_ros_msgs/share/depthai_ros_msgs/environment/pythonpath.sh\n'}
[0.700204] (depthai_ros_msgs) StdoutLine: {'line': b'-- Up-to-date: /home/dronelab/vikram/slam-project/install/depthai_ros_msgs/share/depthai_ros_msgs/environment/pythonpath.dsv\n'}
[0.700250] (depthai_ros_msgs) StdoutLine: {'line': b'-- Up-to-date: /home/dronelab/vikram/slam-project/install/depthai_ros_msgs/local/lib/python3.10/dist-packages/depthai_ros_msgs-3.0.9-py3.10.egg-info\n'}
[0.700293] (depthai_ros_msgs) StdoutLine: {'line': b'-- Installing: /home/dronelab/vikram/slam-project/install/depthai_ros_msgs/local/lib/python3.10/dist-packages/depthai_ros_msgs-3.0.9-py3.10.egg-info/PKG-INFO\n'}
[0.700336] (depthai_ros_msgs) StdoutLine: {'line': b'-- Installing: /home/dronelab/vikram/slam-project/install/depthai_ros_msgs/local/lib/python3.10/dist-packages/depthai_ros_msgs-3.0.9-py3.10.egg-info/SOURCES.txt\n'}
[0.700378] (depthai_ros_msgs) StdoutLine: {'line': b'-- Installing: /home/dronelab/vikram/slam-project/install/depthai_ros_msgs/local/lib/python3.10/dist-packages/depthai_ros_msgs-3.0.9-py3.10.egg-info/top_level.txt\n'}
[0.700424] (depthai_ros_msgs) StdoutLine: {'line': b'-- Installing: /home/dronelab/vikram/slam-project/install/depthai_ros_msgs/local/lib/python3.10/dist-packages/depthai_ros_msgs-3.0.9-py3.10.egg-info/dependency_links.txt\n'}
[0.700469] (depthai_ros_msgs) StdoutLine: {'line': b'-- Up-to-date: /home/dronelab/vikram/slam-project/install/depthai_ros_msgs/local/lib/python3.10/dist-packages/depthai_ros_msgs\n'}
[0.700518] (depthai_ros_msgs) StdoutLine: {'line': b'-- Up-to-date: /home/dronelab/vikram/slam-project/install/depthai_ros_msgs/local/lib/python3.10/dist-packages/depthai_ros_msgs/_depthai_ros_msgs_s.ep.rosidl_typesupport_fastrtps_c.c\n'}
[0.700566] (depthai_ros_msgs) StdoutLine: {'line': b'-- Up-to-date: /home/dronelab/vikram/slam-project/install/depthai_ros_msgs/local/lib/python3.10/dist-packages/depthai_ros_msgs/srv\n'}
[0.700612] (depthai_ros_msgs) StdoutLine: {'line': b'-- Up-to-date: /home/dronelab/vikram/slam-project/install/depthai_ros_msgs/local/lib/python3.10/dist-packages/depthai_ros_msgs/srv/_set_local_transform_s.c\n'}
[0.700659] (depthai_ros_msgs) StdoutLine: {'line': b'-- Up-to-date: /home/dronelab/vikram/slam-project/install/depthai_ros_msgs/local/lib/python3.10/dist-packages/depthai_ros_msgs/srv/_set_local_transform.py\n'}
[0.700707] (depthai_ros_msgs) StdoutLine: {'line': b'-- Up-to-date: /home/dronelab/vikram/slam-project/install/depthai_ros_msgs/local/lib/python3.10/dist-packages/depthai_ros_msgs/srv/_normalized_image_crop.py\n'}
[0.700755] (depthai_ros_msgs) StdoutLine: {'line': b'-- Up-to-date: /home/dronelab/vikram/slam-project/install/depthai_ros_msgs/local/lib/python3.10/dist-packages/depthai_ros_msgs/srv/__init__.py\n'}
[0.700801] (depthai_ros_msgs) StdoutLine: {'line': b'-- Up-to-date: /home/dronelab/vikram/slam-project/install/depthai_ros_msgs/local/lib/python3.10/dist-packages/depthai_ros_msgs/srv/_normalized_image_crop_s.c\n'}
[0.700850] (depthai_ros_msgs) StdoutLine: {'line': b'-- Up-to-date: /home/dronelab/vikram/slam-project/install/depthai_ros_msgs/local/lib/python3.10/dist-packages/depthai_ros_msgs/srv/_trigger_named.py\n'}
[0.700899] (depthai_ros_msgs) StdoutLine: {'line': b'-- Up-to-date: /home/dronelab/vikram/slam-project/install/depthai_ros_msgs/local/lib/python3.10/dist-packages/depthai_ros_msgs/srv/_trigger_named_s.c\n'}
[0.700947] (depthai_ros_msgs) StdoutLine: {'line': b'-- Up-to-date: /home/dronelab/vikram/slam-project/install/depthai_ros_msgs/local/lib/python3.10/dist-packages/depthai_ros_msgs/depthai_ros_msgs_s__rosidl_typesupport_c.cpython-310-x86_64-linux-gnu.so\n'}
[0.701000] (depthai_ros_msgs) StdoutLine: {'line': b'-- Up-to-date: /home/dronelab/vikram/slam-project/install/depthai_ros_msgs/local/lib/python3.10/dist-packages/depthai_ros_msgs/depthai_ros_msgs_s__rosidl_typesupport_introspection_c.cpython-310-x86_64-linux-gnu.so\n'}
[0.701052] (depthai_ros_msgs) StdoutLine: {'line': b'-- Up-to-date: /home/dronelab/vikram/slam-project/install/depthai_ros_msgs/local/lib/python3.10/dist-packages/depthai_ros_msgs/depthai_ros_msgs_s__rosidl_typesupport_fastrtps_c.cpython-310-x86_64-linux-gnu.so\n'}
[0.701116] (depthai_ros_msgs) StdoutLine: {'line': b'-- Up-to-date: /home/dronelab/vikram/slam-project/install/depthai_ros_msgs/local/lib/python3.10/dist-packages/depthai_ros_msgs/_depthai_ros_msgs_s.ep.rosidl_typesupport_introspection_c.c\n'}
[0.701166] (depthai_ros_msgs) StdoutLine: {'line': b'-- Up-to-date: /home/dronelab/vikram/slam-project/install/depthai_ros_msgs/local/lib/python3.10/dist-packages/depthai_ros_msgs/msg\n'}
[0.701216] (-) TimerEvent: {}
[0.701318] (depthai_ros_msgs) StdoutLine: {'line': b'-- Up-to-date: /home/dronelab/vikram/slam-project/install/depthai_ros_msgs/local/lib/python3.10/dist-packages/depthai_ros_msgs/msg/_auto_focus_ctrl.py\n'}
[0.701415] (depthai_ros_msgs) StdoutLine: {'line': b'-- Up-to-date: /home/dronelab/vikram/slam-project/install/depthai_ros_msgs/local/lib/python3.10/dist-packages/depthai_ros_msgs/msg/_spatial_detection_array.py\n'}
[0.701469] (depthai_ros_msgs) StdoutLine: {'line': b'-- Up-to-date: /home/dronelab/vikram/slam-project/install/depthai_ros_msgs/local/lib/python3.10/dist-packages/depthai_ros_msgs/msg/_track_detection2_d_s.c\n'}
[0.701522] (depthai_ros_msgs) StdoutLine: {'line': b'-- Up-to-date: /home/dronelab/vikram/slam-project/install/depthai_ros_msgs/local/lib/python3.10/dist-packages/depthai_ros_msgs/msg/_track_detection2_d_array.py\n'}
[0.701572] (depthai_ros_msgs) StdoutLine: {'line': b'-- Up-to-date: /home/dronelab/vikram/slam-project/install/depthai_ros_msgs/local/lib/python3.10/dist-packages/depthai_ros_msgs/msg/_spatial_detection_array_s.c\n'}
[0.701622] (depthai_ros_msgs) StdoutLine: {'line': b'-- Up-to-date: /home/dronelab/vikram/slam-project/install/depthai_ros_msgs/local/lib/python3.10/dist-packages/depthai_ros_msgs/msg/_track_detection2_d.py\n'}
[0.701679] (depthai_ros_msgs) StdoutLine: {'line': b'-- Up-to-date: /home/dronelab/vikram/slam-project/install/depthai_ros_msgs/local/lib/python3.10/dist-packages/depthai_ros_msgs/msg/_tracked_feature.py\n'}
[0.701731] (depthai_ros_msgs) StdoutLine: {'line': b'-- Up-to-date: /home/dronelab/vikram/slam-project/install/depthai_ros_msgs/local/lib/python3.10/dist-packages/depthai_ros_msgs/msg/_auto_focus_ctrl_s.c\n'}
[0.701783] (depthai_ros_msgs) StdoutLine: {'line': b'-- Up-to-date: /home/dronelab/vikram/slam-project/install/depthai_ros_msgs/local/lib/python3.10/dist-packages/depthai_ros_msgs/msg/_imu_with_magnetic_field.py\n'}
[0.701837] (depthai_ros_msgs) StdoutLine: {'line': b'-- Up-to-date: /home/dronelab/vikram/slam-project/install/depthai_ros_msgs/local/lib/python3.10/dist-packages/depthai_ros_msgs/msg/_track_detection2_d_array_s.c\n'}
[0.701890] (depthai_ros_msgs) StdoutLine: {'line': b'-- Up-to-date: /home/dronelab/vikram/slam-project/install/depthai_ros_msgs/local/lib/python3.10/dist-packages/depthai_ros_msgs/msg/_tracked_feature_s.c\n'}
[0.701942] (depthai_ros_msgs) StdoutLine: {'line': b'-- Up-to-date: /home/dronelab/vikram/slam-project/install/depthai_ros_msgs/local/lib/python3.10/dist-packages/depthai_ros_msgs/msg/_spatial_detection_s.c\n'}
[0.701994] (depthai_ros_msgs) StdoutLine: {'line': b'-- Up-to-date: /home/dronelab/vikram/slam-project/install/depthai_ros_msgs/local/lib/python3.10/dist-packages/depthai_ros_msgs/msg/_tracked_features.py\n'}
[0.702045] (depthai_ros_msgs) StdoutLine: {'line': b'-- Up-to-date: /home/dronelab/vikram/slam-project/install/depthai_ros_msgs/local/lib/python3.10/dist-packages/depthai_ros_msgs/msg/_hand_landmark_array_s.c\n'}
[0.702104] (depthai_ros_msgs) StdoutLine: {'line': b'-- Up-to-date: /home/dronelab/vikram/slam-project/install/depthai_ros_msgs/local/lib/python3.10/dist-packages/depthai_ros_msgs/msg/__init__.py\n'}
[0.702158] (depthai_ros_msgs) StdoutLine: {'line': b'-- Up-to-date: /home/dronelab/vikram/slam-project/install/depthai_ros_msgs/local/lib/python3.10/dist-packages/depthai_ros_msgs/msg/_spatial_detection.py\n'}
[0.702213] (depthai_ros_msgs) StdoutLine: {'line': b'-- Up-to-date: /home/dronelab/vikram/slam-project/install/depthai_ros_msgs/local/lib/python3.10/dist-packages/depthai_ros_msgs/msg/_hand_landmark_s.c\n'}
[0.702265] (depthai_ros_msgs) StdoutLine: {'line': b'-- Up-to-date: /home/dronelab/vikram/slam-project/install/depthai_ros_msgs/local/lib/python3.10/dist-packages/depthai_ros_msgs/msg/_tracked_features_s.c\n'}
[0.702317] (depthai_ros_msgs) StdoutLine: {'line': b'-- Up-to-date: /home/dronelab/vikram/slam-project/install/depthai_ros_msgs/local/lib/python3.10/dist-packages/depthai_ros_msgs/msg/_hand_landmark.py\n'}
[0.702368] (depthai_ros_msgs) StdoutLine: {'line': b'-- Up-to-date: /home/dronelab/vikram/slam-project/install/depthai_ros_msgs/local/lib/python3.10/dist-packages/depthai_ros_msgs/msg/_imu_with_magnetic_field_s.c\n'}
[0.702420] (depthai_ros_msgs) StdoutLine: {'line': b'-- Up-to-date: /home/dronelab/vikram/slam-project/install/depthai_ros_msgs/local/lib/python3.10/dist-packages/depthai_ros_msgs/msg/_hand_landmark_array.py\n'}
[0.702472] (depthai_ros_msgs) StdoutLine: {'line': b'-- Up-to-date: /home/dronelab/vikram/slam-project/install/depthai_ros_msgs/local/lib/python3.10/dist-packages/depthai_ros_msgs/__init__.py\n'}
[0.702523] (depthai_ros_msgs) StdoutLine: {'line': b'-- Up-to-date: /home/dronelab/vikram/slam-project/install/depthai_ros_msgs/local/lib/python3.10/dist-packages/depthai_ros_msgs/libdepthai_ros_msgs__rosidl_generator_py.so\n'}
[0.702571] (depthai_ros_msgs) StdoutLine: {'line': b'-- Up-to-date: /home/dronelab/vikram/slam-project/install/depthai_ros_msgs/local/lib/python3.10/dist-packages/depthai_ros_msgs/_depthai_ros_msgs_s.ep.rosidl_typesupport_c.c\n'}
[0.727317] (depthai_ros_msgs) StdoutLine: {'line': b"Listing '/home/dronelab/vikram/slam-project/install/depthai_ros_msgs/local/lib/python3.10/dist-packages/depthai_ros_msgs'...\n"}
[0.727412] (depthai_ros_msgs) StdoutLine: {'line': b"Listing '/home/dronelab/vikram/slam-project/install/depthai_ros_msgs/local/lib/python3.10/dist-packages/depthai_ros_msgs/msg'...\n"}
[0.727446] (depthai_ros_msgs) StdoutLine: {'line': b"Listing '/home/dronelab/vikram/slam-project/install/depthai_ros_msgs/local/lib/python3.10/dist-packages/depthai_ros_msgs/srv'...\n"}
[0.730091] (depthai_ros_msgs) StdoutLine: {'line': b'-- Up-to-date: /home/dronelab/vikram/slam-project/install/depthai_ros_msgs/local/lib/python3.10/dist-packages/depthai_ros_msgs/depthai_ros_msgs_s__rosidl_typesupport_fastrtps_c.cpython-310-x86_64-linux-gnu.so\n'}
[0.730166] (depthai_ros_msgs) StdoutLine: {'line': b'-- Up-to-date: /home/dronelab/vikram/slam-project/install/depthai_ros_msgs/local/lib/python3.10/dist-packages/depthai_ros_msgs/depthai_ros_msgs_s__rosidl_typesupport_introspection_c.cpython-310-x86_64-linux-gnu.so\n'}
[0.730353] (depthai_ros_msgs) StdoutLine: {'line': b'-- Up-to-date: /home/dronelab/vikram/slam-project/install/depthai_ros_msgs/local/lib/python3.10/dist-packages/depthai_ros_msgs/depthai_ros_msgs_s__rosidl_typesupport_c.cpython-310-x86_64-linux-gnu.so\n'}
[0.730526] (depthai_ros_msgs) StdoutLine: {'line': b'-- Up-to-date: /home/dronelab/vikram/slam-project/install/depthai_ros_msgs/lib/libdepthai_ros_msgs__rosidl_generator_py.so\n'}
[0.730565] (depthai_ros_msgs) StdoutLine: {'line': b'-- Up-to-date: /home/dronelab/vikram/slam-project/install/depthai_ros_msgs/share/depthai_ros_msgs/msg/AutoFocusCtrl.idl\n'}
[0.730601] (depthai_ros_msgs) StdoutLine: {'line': b'-- Up-to-date: /home/dronelab/vikram/slam-project/install/depthai_ros_msgs/share/depthai_ros_msgs/msg/HandLandmark.idl\n'}
[0.730630] (depthai_ros_msgs) StdoutLine: {'line': b'-- Up-to-date: /home/dronelab/vikram/slam-project/install/depthai_ros_msgs/share/depthai_ros_msgs/msg/HandLandmarkArray.idl\n'}
[0.730769] (depthai_ros_msgs) StdoutLine: {'line': b'-- Up-to-date: /home/dronelab/vikram/slam-project/install/depthai_ros_msgs/share/depthai_ros_msgs/msg/ImuWithMagneticField.idl\n'}
[0.730853] (depthai_ros_msgs) StdoutLine: {'line': b'-- Up-to-date: /home/dronelab/vikram/slam-project/install/depthai_ros_msgs/share/depthai_ros_msgs/msg/TrackedFeature.idl\n'}
[0.730912] (depthai_ros_msgs) StdoutLine: {'line': b'-- Up-to-date: /home/dronelab/vikram/slam-project/install/depthai_ros_msgs/share/depthai_ros_msgs/msg/TrackedFeatures.idl\n'}
[0.730942] (depthai_ros_msgs) StdoutLine: {'line': b'-- Up-to-date: /home/dronelab/vikram/slam-project/install/depthai_ros_msgs/share/depthai_ros_msgs/msg/SpatialDetection.idl\n'}
[0.730971] (depthai_ros_msgs) StdoutLine: {'line': b'-- Up-to-date: /home/dronelab/vikram/slam-project/install/depthai_ros_msgs/share/depthai_ros_msgs/msg/SpatialDetectionArray.idl\n'}
[0.731001] (depthai_ros_msgs) StdoutLine: {'line': b'-- Up-to-date: /home/dronelab/vikram/slam-project/install/depthai_ros_msgs/share/depthai_ros_msgs/msg/TrackDetection2D.idl\n'}
[0.731029] (depthai_ros_msgs) StdoutLine: {'line': b'-- Up-to-date: /home/dronelab/vikram/slam-project/install/depthai_ros_msgs/share/depthai_ros_msgs/msg/TrackDetection2DArray.idl\n'}
[0.731057] (depthai_ros_msgs) StdoutLine: {'line': b'-- Up-to-date: /home/dronelab/vikram/slam-project/install/depthai_ros_msgs/share/depthai_ros_msgs/srv/SetLocalTransform.idl\n'}
[0.731134] (depthai_ros_msgs) StdoutLine: {'line': b'-- Up-to-date: /home/dronelab/vikram/slam-project/install/depthai_ros_msgs/share/depthai_ros_msgs/srv/TriggerNamed.idl\n'}
[0.731167] (depthai_ros_msgs) StdoutLine: {'line': b'-- Up-to-date: /home/dronelab/vikram/slam-project/install/depthai_ros_msgs/share/depthai_ros_msgs/srv/NormalizedImageCrop.idl\n'}
[0.731195] (depthai_ros_msgs) StdoutLine: {'line': b'-- Up-to-date: /home/dronelab/vikram/slam-project/install/depthai_ros_msgs/share/depthai_ros_msgs/msg/AutoFocusCtrl.msg\n'}
[0.731222] (depthai_ros_msgs) StdoutLine: {'line': b'-- Up-to-date: /home/dronelab/vikram/slam-project/install/depthai_ros_msgs/share/depthai_ros_msgs/msg/HandLandmark.msg\n'}
[0.731249] (depthai_ros_msgs) StdoutLine: {'line': b'-- Up-to-date: /home/dronelab/vikram/slam-project/install/depthai_ros_msgs/share/depthai_ros_msgs/msg/HandLandmarkArray.msg\n'}
[0.731276] (depthai_ros_msgs) StdoutLine: {'line': b'-- Up-to-date: /home/dronelab/vikram/slam-project/install/depthai_ros_msgs/share/depthai_ros_msgs/msg/ImuWithMagneticField.msg\n'}
[0.731303] (depthai_ros_msgs) StdoutLine: {'line': b'-- Up-to-date: /home/dronelab/vikram/slam-project/install/depthai_ros_msgs/share/depthai_ros_msgs/msg/TrackedFeature.msg\n'}
[0.731330] (depthai_ros_msgs) StdoutLine: {'line': b'-- Up-to-date: /home/dronelab/vikram/slam-project/install/depthai_ros_msgs/share/depthai_ros_msgs/msg/TrackedFeatures.msg\n'}
[0.731357] (depthai_ros_msgs) StdoutLine: {'line': b'-- Up-to-date: /home/dronelab/vikram/slam-project/install/depthai_ros_msgs/share/depthai_ros_msgs/msg/SpatialDetection.msg\n'}
[0.731383] (depthai_ros_msgs) StdoutLine: {'line': b'-- Up-to-date: /home/dronelab/vikram/slam-project/install/depthai_ros_msgs/share/depthai_ros_msgs/msg/SpatialDetectionArray.msg\n'}
[0.731410] (depthai_ros_msgs) StdoutLine: {'line': b'-- Up-to-date: /home/dronelab/vikram/slam-project/install/depthai_ros_msgs/share/depthai_ros_msgs/msg/TrackDetection2D.msg\n'}
[0.731437] (depthai_ros_msgs) StdoutLine: {'line': b'-- Up-to-date: /home/dronelab/vikram/slam-project/install/depthai_ros_msgs/share/depthai_ros_msgs/msg/TrackDetection2DArray.msg\n'}
[0.731463] (depthai_ros_msgs) StdoutLine: {'line': b'-- Up-to-date: /home/dronelab/vikram/slam-project/install/depthai_ros_msgs/share/depthai_ros_msgs/srv/SetLocalTransform.srv\n'}
[0.731490] (depthai_ros_msgs) StdoutLine: {'line': b'-- Up-to-date: /home/dronelab/vikram/slam-project/install/depthai_ros_msgs/share/depthai_ros_msgs/srv/SetLocalTransform_Request.msg\n'}
[0.731517] (depthai_ros_msgs) StdoutLine: {'line': b'-- Up-to-date: /home/dronelab/vikram/slam-project/install/depthai_ros_msgs/share/depthai_ros_msgs/srv/SetLocalTransform_Response.msg\n'}
[0.731543] (depthai_ros_msgs) StdoutLine: {'line': b'-- Up-to-date: /home/dronelab/vikram/slam-project/install/depthai_ros_msgs/share/depthai_ros_msgs/srv/TriggerNamed.srv\n'}
[0.731584] (depthai_ros_msgs) StdoutLine: {'line': b'-- Up-to-date: /home/dronelab/vikram/slam-project/install/depthai_ros_msgs/share/depthai_ros_msgs/srv/TriggerNamed_Request.msg\n'}
[0.731612] (depthai_ros_msgs) StdoutLine: {'line': b'-- Up-to-date: /home/dronelab/vikram/slam-project/install/depthai_ros_msgs/share/depthai_ros_msgs/srv/TriggerNamed_Response.msg\n'}
[0.731639] (depthai_ros_msgs) StdoutLine: {'line': b'-- Up-to-date: /home/dronelab/vikram/slam-project/install/depthai_ros_msgs/share/depthai_ros_msgs/srv/NormalizedImageCrop.srv\n'}
[0.731666] (depthai_ros_msgs) StdoutLine: {'line': b'-- Up-to-date: /home/dronelab/vikram/slam-project/install/depthai_ros_msgs/share/depthai_ros_msgs/srv/NormalizedImageCrop_Request.msg\n'}
[0.731733] (depthai_ros_msgs) StdoutLine: {'line': b'-- Up-to-date: /home/dronelab/vikram/slam-project/install/depthai_ros_msgs/share/depthai_ros_msgs/srv/NormalizedImageCrop_Response.msg\n'}
[0.731766] (depthai_ros_msgs) StdoutLine: {'line': b'-- Up-to-date: /home/dronelab/vikram/slam-project/install/depthai_ros_msgs/share/ament_index/resource_index/package_run_dependencies/depthai_ros_msgs\n'}
[0.731796] (depthai_ros_msgs) StdoutLine: {'line': b'-- Up-to-date: /home/dronelab/vikram/slam-project/install/depthai_ros_msgs/share/ament_index/resource_index/parent_prefix_path/depthai_ros_msgs\n'}
[0.731826] (depthai_ros_msgs) StdoutLine: {'line': b'-- Up-to-date: /home/dronelab/vikram/slam-project/install/depthai_ros_msgs/share/depthai_ros_msgs/environment/ament_prefix_path.sh\n'}
[0.731855] (depthai_ros_msgs) StdoutLine: {'line': b'-- Up-to-date: /home/dronelab/vikram/slam-project/install/depthai_ros_msgs/share/depthai_ros_msgs/environment/ament_prefix_path.dsv\n'}
[0.731884] (depthai_ros_msgs) StdoutLine: {'line': b'-- Up-to-date: /home/dronelab/vikram/slam-project/install/depthai_ros_msgs/share/depthai_ros_msgs/environment/path.sh\n'}
[0.731911] (depthai_ros_msgs) StdoutLine: {'line': b'-- Up-to-date: /home/dronelab/vikram/slam-project/install/depthai_ros_msgs/share/depthai_ros_msgs/environment/path.dsv\n'}
[0.731938] (depthai_ros_msgs) StdoutLine: {'line': b'-- Up-to-date: /home/dronelab/vikram/slam-project/install/depthai_ros_msgs/share/depthai_ros_msgs/local_setup.bash\n'}
[0.731965] (depthai_ros_msgs) StdoutLine: {'line': b'-- Up-to-date: /home/dronelab/vikram/slam-project/install/depthai_ros_msgs/share/depthai_ros_msgs/local_setup.sh\n'}
[0.731991] (depthai_ros_msgs) StdoutLine: {'line': b'-- Up-to-date: /home/dronelab/vikram/slam-project/install/depthai_ros_msgs/share/depthai_ros_msgs/local_setup.zsh\n'}
[0.732017] (depthai_ros_msgs) StdoutLine: {'line': b'-- Up-to-date: /home/dronelab/vikram/slam-project/install/depthai_ros_msgs/share/depthai_ros_msgs/local_setup.dsv\n'}
[0.732044] (depthai_ros_msgs) StdoutLine: {'line': b'-- Installing: /home/dronelab/vikram/slam-project/install/depthai_ros_msgs/share/depthai_ros_msgs/package.dsv\n'}
[0.732070] (depthai_ros_msgs) StdoutLine: {'line': b'-- Up-to-date: /home/dronelab/vikram/slam-project/install/depthai_ros_msgs/share/ament_index/resource_index/packages/depthai_ros_msgs\n'}
[0.732123] (depthai_ros_msgs) StdoutLine: {'line': b'-- Up-to-date: /home/dronelab/vikram/slam-project/install/depthai_ros_msgs/share/depthai_ros_msgs/cmake/export_depthai_ros_msgs__rosidl_generator_cExport.cmake\n'}
[0.732156] (depthai_ros_msgs) StdoutLine: {'line': b'-- Up-to-date: /home/dronelab/vikram/slam-project/install/depthai_ros_msgs/share/depthai_ros_msgs/cmake/export_depthai_ros_msgs__rosidl_generator_cExport-noconfig.cmake\n'}
[0.732187] (depthai_ros_msgs) StdoutLine: {'line': b'-- Up-to-date: /home/dronelab/vikram/slam-project/install/depthai_ros_msgs/share/depthai_ros_msgs/cmake/export_depthai_ros_msgs__rosidl_typesupport_fastrtps_cExport.cmake\n'}
[0.732215] (depthai_ros_msgs) StdoutLine: {'line': b'-- Up-to-date: /home/dronelab/vikram/slam-project/install/depthai_ros_msgs/share/depthai_ros_msgs/cmake/export_depthai_ros_msgs__rosidl_typesupport_fastrtps_cExport-noconfig.cmake\n'}
[0.732274] (depthai_ros_msgs) StdoutLine: {'line': b'-- Up-to-date: /home/dronelab/vikram/slam-project/install/depthai_ros_msgs/share/depthai_ros_msgs/cmake/export_depthai_ros_msgs__rosidl_generator_cppExport.cmake\n'}
[0.732306] (depthai_ros_msgs) StdoutLine: {'line': b'-- Up-to-date: /home/dronelab/vikram/slam-project/install/depthai_ros_msgs/share/depthai_ros_msgs/cmake/export_depthai_ros_msgs__rosidl_typesupport_fastrtps_cppExport.cmake\n'}
[0.732336] (depthai_ros_msgs) StdoutLine: {'line': b'-- Up-to-date: /home/dronelab/vikram/slam-project/install/depthai_ros_msgs/share/depthai_ros_msgs/cmake/export_depthai_ros_msgs__rosidl_typesupport_fastrtps_cppExport-noconfig.cmake\n'}
[0.732364] (depthai_ros_msgs) StdoutLine: {'line': b'-- Up-to-date: /home/dronelab/vikram/slam-project/install/depthai_ros_msgs/share/depthai_ros_msgs/cmake/depthai_ros_msgs__rosidl_typesupport_introspection_cExport.cmake\n'}
[0.732392] (depthai_ros_msgs) StdoutLine: {'line': b'-- Up-to-date: /home/dronelab/vikram/slam-project/install/depthai_ros_msgs/share/depthai_ros_msgs/cmake/depthai_ros_msgs__rosidl_typesupport_introspection_cExport-noconfig.cmake\n'}
[0.732419] (depthai_ros_msgs) StdoutLine: {'line': b'-- Up-to-date: /home/dronelab/vikram/slam-project/install/depthai_ros_msgs/share/depthai_ros_msgs/cmake/depthai_ros_msgs__rosidl_typesupport_cExport.cmake\n'}
[0.732446] (depthai_ros_msgs) StdoutLine: {'line': b'-- Up-to-date: /home/dronelab/vikram/slam-project/install/depthai_ros_msgs/share/depthai_ros_msgs/cmake/depthai_ros_msgs__rosidl_typesupport_cExport-noconfig.cmake\n'}
[0.732474] (depthai_ros_msgs) StdoutLine: {'line': b'-- Up-to-date: /home/dronelab/vikram/slam-project/install/depthai_ros_msgs/share/depthai_ros_msgs/cmake/depthai_ros_msgs__rosidl_typesupport_introspection_cppExport.cmake\n'}
[0.732500] (depthai_ros_msgs) StdoutLine: {'line': b'-- Up-to-date: /home/dronelab/vikram/slam-project/install/depthai_ros_msgs/share/depthai_ros_msgs/cmake/depthai_ros_msgs__rosidl_typesupport_introspection_cppExport-noconfig.cmake\n'}
[0.732527] (depthai_ros_msgs) StdoutLine: {'line': b'-- Up-to-date: /home/dronelab/vikram/slam-project/install/depthai_ros_msgs/share/depthai_ros_msgs/cmake/depthai_ros_msgs__rosidl_typesupport_cppExport.cmake\n'}
[0.732577] (depthai_ros_msgs) StdoutLine: {'line': b'-- Up-to-date: /home/dronelab/vikram/slam-project/install/depthai_ros_msgs/share/depthai_ros_msgs/cmake/depthai_ros_msgs__rosidl_typesupport_cppExport-noconfig.cmake\n'}
[0.732607] (depthai_ros_msgs) StdoutLine: {'line': b'-- Up-to-date: /home/dronelab/vikram/slam-project/install/depthai_ros_msgs/share/depthai_ros_msgs/cmake/export_depthai_ros_msgs__rosidl_generator_pyExport.cmake\n'}
[0.732634] (depthai_ros_msgs) StdoutLine: {'line': b'-- Up-to-date: /home/dronelab/vikram/slam-project/install/depthai_ros_msgs/share/depthai_ros_msgs/cmake/export_depthai_ros_msgs__rosidl_generator_pyExport-noconfig.cmake\n'}
[0.732665] (depthai_ros_msgs) StdoutLine: {'line': b'-- Up-to-date: /home/dronelab/vikram/slam-project/install/depthai_ros_msgs/share/depthai_ros_msgs/cmake/rosidl_cmake-extras.cmake\n'}
[0.732721] (depthai_ros_msgs) StdoutLine: {'line': b'-- Up-to-date: /home/dronelab/vikram/slam-project/install/depthai_ros_msgs/share/depthai_ros_msgs/cmake/ament_cmake_export_dependencies-extras.cmake\n'}
[0.732749] (depthai_ros_msgs) StdoutLine: {'line': b'-- Up-to-date: /home/dronelab/vikram/slam-project/install/depthai_ros_msgs/share/depthai_ros_msgs/cmake/ament_cmake_export_include_directories-extras.cmake\n'}
[0.732774] (depthai_ros_msgs) StdoutLine: {'line': b'-- Up-to-date: /home/dronelab/vikram/slam-project/install/depthai_ros_msgs/share/depthai_ros_msgs/cmake/ament_cmake_export_libraries-extras.cmake\n'}
[0.732799] (depthai_ros_msgs) StdoutLine: {'line': b'-- Up-to-date: /home/dronelab/vikram/slam-project/install/depthai_ros_msgs/share/depthai_ros_msgs/cmake/ament_cmake_export_targets-extras.cmake\n'}
[0.732824] (depthai_ros_msgs) StdoutLine: {'line': b'-- Up-to-date: /home/dronelab/vikram/slam-project/install/depthai_ros_msgs/share/depthai_ros_msgs/cmake/rosidl_cmake_export_typesupport_targets-extras.cmake\n'}
[0.732850] (depthai_ros_msgs) StdoutLine: {'line': b'-- Up-to-date: /home/dronelab/vikram/slam-project/install/depthai_ros_msgs/share/depthai_ros_msgs/cmake/rosidl_cmake_export_typesupport_libraries-extras.cmake\n'}
[0.732875] (depthai_ros_msgs) StdoutLine: {'line': b'-- Up-to-date: /home/dronelab/vikram/slam-project/install/depthai_ros_msgs/share/depthai_ros_msgs/cmake/depthai_ros_msgsConfig.cmake\n'}
[0.732899] (depthai_ros_msgs) StdoutLine: {'line': b'-- Up-to-date: /home/dronelab/vikram/slam-project/install/depthai_ros_msgs/share/depthai_ros_msgs/cmake/depthai_ros_msgsConfig-version.cmake\n'}
[0.732924] (depthai_ros_msgs) StdoutLine: {'line': b'-- Up-to-date: /home/dronelab/vikram/slam-project/install/depthai_ros_msgs/share/depthai_ros_msgs/package.xml\n'}
[0.734107] (depthai_ros_msgs) CommandEnded: {'returncode': 0}
[0.801312] (-) TimerEvent: {}
[0.901603] (-) TimerEvent: {}
[1.001905] (-) TimerEvent: {}
[1.102332] (-) TimerEvent: {}
[1.191715] (depthai_ros_msgs) JobEnded: {'identifier': 'depthai_ros_msgs', 'rc': 0}
[1.192920] (depthai_bridge) JobStarted: {'identifier': 'depthai_bridge'}
[1.195708] (depthai_filters) JobStarted: {'identifier': 'depthai_filters'}
[1.201940] (depthai_bridge) JobProgress: {'identifier': 'depthai_bridge', 'progress': 'cmake'}
[1.202531] (depthai_bridge) Command: {'cmd': ['/usr/bin/cmake', '/home/dronelab/vikram/slam-project/src/depthai_bridge', '-DCMAKE_INSTALL_PREFIX=/home/dronelab/vikram/slam-project/install/depthai_bridge'], 'cwd': '/home/dronelab/vikram/slam-project/build/depthai_bridge', 'env': OrderedDict([('LESSOPEN', '| /usr/bin/lesspipe %s'), ('USER', 'dronelab'), ('XDG_SESSION_TYPE', 'x11'), ('SHLVL', '1'), ('LD_LIBRARY_PATH', '/home/dronelab/vikram/slam-project/install/depthai_ros_msgs/lib:/opt/ros/humble/opt/rviz_ogre_vendor/lib:/opt/ros/humble/lib/x86_64-linux-gnu:/opt/ros/humble/lib:/lib:/usr/lib:/usr/lib32:/usr/lib64:/usr/lib/x86_64-linux-gnu:/home/dronelab/ros2_ws/build/hesai_ros_driver/src/driver/HesaiLidar_SDK_2.0/libhesai/'), ('HOME', '/home/dronelab'), ('OLDPWD', '/home/dronelab/vikram'), ('DESKTOP_SESSION', 'ubuntu'), ('NVM_BIN', '/home/dronelab/.nvm/versions/node/v24.11.1/bin'), ('NVM_INC', '/home/dronelab/.nvm/versions/node/v24.11.1/include/node'), ('ROS_PYTHON_VERSION', '3'), ('GNOME_SHELL_SESSION_MODE', 'ubuntu'), ('GTK_MODULES', 'gail:atk-bridge'), ('SYSTEMD_EXEC_PID', '1932'), ('DBUS_SESSION_BUS_ADDRESS', 'unix:path=/run/user/1000/bus'), ('COLORTERM', 'truecolor'), ('NVM_DIR', '/home/dronelab/.nvm'), ('IM_CONFIG_PHASE', '1'), ('ROS_DISTRO', 'humble'), ('GTK_IM_MODULE', 'ibus'), ('LOGNAME', 'dronelab'), ('_', '/usr/bin/colcon'), ('ROS_VERSION', '2'), ('XDG_SESSION_CLASS', 'user'), ('USERNAME', 'dronelab'), ('TERM', 'xterm-256color'), ('GNOME_DESKTOP_SESSION_ID', 'this-is-deprecated'), ('ROS_LOCALHOST_ONLY', '0'), ('WINDOWPATH', '2'), ('PATH', '/home/dronelab/.nvm/versions/node/v24.11.1/bin:/opt/ros/humble/bin:/home/dronelab/.local/bin:/usr/local/sbin:/usr/local/bin:/usr/sbin:/usr/bin:/sbin:/bin:/usr/games:/usr/local/games:/snap/bin:/snap/bin'), ('SESSION_MANAGER', 'local/dambot-mini:@/tmp/.ICE-unix/1689,unix/dambot-mini:/tmp/.ICE-unix/1689'), ('XDG_MENU_PREFIX', 'gnome-'), ('GNOME_TERMINAL_SCREEN', '/org/gnome/Terminal/screen/89d79876_c8a4_463f_9ff8_871092252771'), ('XDG_RUNTIME_DIR', '/run/user/1000'), ('DISPLAY', ':0'), ('LANG', 'en_US.UTF-8'), ('XDG_CURRENT_DESKTOP', 'ubuntu:GNOME'), ('XMODIFIERS', '@im=ibus'), ('XDG_SESSION_DESKTOP', 'ubuntu'), ('XAUTHORITY', '/run/user/1000/gdm/Xauthority'), ('LS_COLORS', 'rs=0:di=01;34:ln=01;36:mh=00:pi=40;33:so=01;35:do=01;35:bd=40;33;01:cd=40;33;01:or=40;31;01:mi=00:su=37;41:sg=30;43:ca=30;41:tw=30;42:ow=34;42:st=37;44:ex=01;32:*.tar=01;31:*.tgz=01;31:*.arc=01;31:*.arj=01;31:*.taz=01;31:*.lha=01;31:*.lz4=01;31:*.lzh=01;31:*.lzma=01;31:*.tlz=01;31:*.txz=01;31:*.tzo=01;31:*.t7z=01;31:*.zip=01;31:*.z=01;31:*.dz=01;31:*.gz=01;31:*.lrz=01;31:*.lz=01;31:*.lzo=01;31:*.xz=01;31:*.zst=01;31:*.tzst=01;31:*.bz2=01;31:*.bz=01;31:*.tbz=01;31:*.tbz2=01;31:*.tz=01;31:*.deb=01;31:*.rpm=01;31:*.jar=01;31:*.war=01;31:*.ear=01;31:*.sar=01;31:*.rar=01;31:*.alz=01;31:*.ace=01;31:*.zoo=01;31:*.cpio=01;31:*.7z=01;31:*.rz=01;31:*.cab=01;31:*.wim=01;31:*.swm=01;31:*.dwm=01;31:*.esd=01;31:*.jpg=01;35:*.jpeg=01;35:*.mjpg=01;35:*.mjpeg=01;35:*.gif=01;35:*.bmp=01;35:*.pbm=01;35:*.pgm=01;35:*.ppm=01;35:*.tga=01;35:*.xbm=01;35:*.xpm=01;35:*.tif=01;35:*.tiff=01;35:*.png=01;35:*.svg=01;35:*.svgz=01;35:*.mng=01;35:*.pcx=01;35:*.mov=01;35:*.mpg=01;35:*.mpeg=01;35:*.m2v=01;35:*.mkv=01;35:*.webm=01;35:*.webp=01;35:*.ogm=01;35:*.mp4=01;35:*.m4v=01;35:*.mp4v=01;35:*.vob=01;35:*.qt=01;35:*.nuv=01;35:*.wmv=01;35:*.asf=01;35:*.rm=01;35:*.rmvb=01;35:*.flc=01;35:*.avi=01;35:*.fli=01;35:*.flv=01;35:*.gl=01;35:*.dl=01;35:*.xcf=01;35:*.xwd=01;35:*.yuv=01;35:*.cgm=01;35:*.emf=01;35:*.ogv=01;35:*.ogx=01;35:*.aac=00;36:*.au=00;36:*.flac=00;36:*.m4a=00;36:*.mid=00;36:*.midi=00;36:*.mka=00;36:*.mp3=00;36:*.mpc=00;36:*.ogg=00;36:*.ra=00;36:*.wav=00;36:*.oga=00;36:*.opus=00;36:*.spx=00;36:*.xspf=00;36:'), ('GNOME_TERMINAL_SERVICE', ':1.316'), ('SSH_AGENT_LAUNCHER', 'gnome-keyring'), ('SSH_AUTH_SOCK', '/run/user/1000/keyring/ssh'), ('AMENT_PREFIX_PATH', '/home/dronelab/vikram/slam-project/install/depthai_ros_msgs:/opt/ros/humble'), ('SHELL', '/bin/bash'), ('QT_ACCESSIBILITY', '1'), ('GDMSESSION', 'ubuntu'), ('LESSCLOSE', '/usr/bin/lesspipe %s %s'), ('GPG_AGENT_INFO', '/run/user/1000/gnupg/S.gpg-agent:0:1'), ('QT_IM_MODULE', 'ibus'), ('PWD', '/home/dronelab/vikram/slam-project/build/depthai_bridge'), ('QT_QPA_PLATFORM', 'xcb'), ('LC_ALL', 'en_US.UTF-8'), ('XDG_CONFIG_DIRS', '/etc/xdg/xdg-ubuntu:/etc/xdg'), ('NVM_CD_FLAGS', ''), ('XDG_DATA_DIRS', '/usr/share/ubuntu:/usr/share/gnome:/usr/local/share/:/usr/share/:/var/lib/snapd/desktop'), ('PYTHONPATH', '/home/dronelab/vikram/slam-project/install/depthai_ros_msgs/local/lib/python3.10/dist-packages:/opt/ros/humble/lib/python3.10/site-packages:/opt/ros/humble/local/lib/python3.10/dist-packages'), ('COLCON', '1'), ('VTE_VERSION', '6800'), ('CMAKE_PREFIX_PATH', '/home/dronelab/vikram/slam-project/install/depthai_ros_msgs:/opt/ros/humble')]), 'shell': False}
[1.203779] (-) TimerEvent: {}
[1.204808] (depthai_filters) JobProgress: {'identifier': 'depthai_filters', 'progress': 'cmake'}
[1.205153] (depthai_filters) JobProgress: {'identifier': 'depthai_filters', 'progress': 'build'}
[1.205413] (depthai_filters) Command: {'cmd': ['/usr/bin/cmake', '--build', '/home/dronelab/vikram/slam-project/build/depthai_filters', '--', '-j32', '-l32'], 'cwd': '/home/dronelab/vikram/slam-project/build/depthai_filters', 'env': OrderedDict([('LESSOPEN', '| /usr/bin/lesspipe %s'), ('USER', 'dronelab'), ('XDG_SESSION_TYPE', 'x11'), ('SHLVL', '1'), ('LD_LIBRARY_PATH', '/home/dronelab/vikram/slam-project/install/depthai_ros_msgs/lib:/opt/ros/humble/opt/rviz_ogre_vendor/lib:/opt/ros/humble/lib/x86_64-linux-gnu:/opt/ros/humble/lib:/lib:/usr/lib:/usr/lib32:/usr/lib64:/usr/lib/x86_64-linux-gnu:/home/dronelab/ros2_ws/build/hesai_ros_driver/src/driver/HesaiLidar_SDK_2.0/libhesai/'), ('HOME', '/home/dronelab'), ('OLDPWD', '/home/dronelab/vikram'), ('DESKTOP_SESSION', 'ubuntu'), ('NVM_BIN', '/home/dronelab/.nvm/versions/node/v24.11.1/bin'), ('NVM_INC', '/home/dronelab/.nvm/versions/node/v24.11.1/include/node'), ('ROS_PYTHON_VERSION', '3'), ('GNOME_SHELL_SESSION_MODE', 'ubuntu'), ('GTK_MODULES', 'gail:atk-bridge'), ('SYSTEMD_EXEC_PID', '1932'), ('DBUS_SESSION_BUS_ADDRESS', 'unix:path=/run/user/1000/bus'), ('COLORTERM', 'truecolor'), ('NVM_DIR', '/home/dronelab/.nvm'), ('IM_CONFIG_PHASE', '1'), ('ROS_DISTRO', 'humble'), ('GTK_IM_MODULE', 'ibus'), ('LOGNAME', 'dronelab'), ('_', '/usr/bin/colcon'), ('ROS_VERSION', '2'), ('XDG_SESSION_CLASS', 'user'), ('USERNAME', 'dronelab'), ('TERM', 'xterm-256color'), ('GNOME_DESKTOP_SESSION_ID', 'this-is-deprecated'), ('ROS_LOCALHOST_ONLY', '0'), ('WINDOWPATH', '2'), ('PATH', '/home/dronelab/.nvm/versions/node/v24.11.1/bin:/opt/ros/humble/bin:/home/dronelab/.local/bin:/usr/local/sbin:/usr/local/bin:/usr/sbin:/usr/bin:/sbin:/bin:/usr/games:/usr/local/games:/snap/bin:/snap/bin'), ('SESSION_MANAGER', 'local/dambot-mini:@/tmp/.ICE-unix/1689,unix/dambot-mini:/tmp/.ICE-unix/1689'), ('XDG_MENU_PREFIX', 'gnome-'), ('GNOME_TERMINAL_SCREEN', '/org/gnome/Terminal/screen/89d79876_c8a4_463f_9ff8_871092252771'), ('XDG_RUNTIME_DIR', '/run/user/1000'), ('DISPLAY', ':0'), ('LANG', 'en_US.UTF-8'), ('XDG_CURRENT_DESKTOP', 'ubuntu:GNOME'), ('XMODIFIERS', '@im=ibus'), ('XDG_SESSION_DESKTOP', 'ubuntu'), ('XAUTHORITY', '/run/user/1000/gdm/Xauthority'), ('LS_COLORS', 'rs=0:di=01;34:ln=01;36:mh=00:pi=40;33:so=01;35:do=01;35:bd=40;33;01:cd=40;33;01:or=40;31;01:mi=00:su=37;41:sg=30;43:ca=30;41:tw=30;42:ow=34;42:st=37;44:ex=01;32:*.tar=01;31:*.tgz=01;31:*.arc=01;31:*.arj=01;31:*.taz=01;31:*.lha=01;31:*.lz4=01;31:*.lzh=01;31:*.lzma=01;31:*.tlz=01;31:*.txz=01;31:*.tzo=01;31:*.t7z=01;31:*.zip=01;31:*.z=01;31:*.dz=01;31:*.gz=01;31:*.lrz=01;31:*.lz=01;31:*.lzo=01;31:*.xz=01;31:*.zst=01;31:*.tzst=01;31:*.bz2=01;31:*.bz=01;31:*.tbz=01;31:*.tbz2=01;31:*.tz=01;31:*.deb=01;31:*.rpm=01;31:*.jar=01;31:*.war=01;31:*.ear=01;31:*.sar=01;31:*.rar=01;31:*.alz=01;31:*.ace=01;31:*.zoo=01;31:*.cpio=01;31:*.7z=01;31:*.rz=01;31:*.cab=01;31:*.wim=01;31:*.swm=01;31:*.dwm=01;31:*.esd=01;31:*.jpg=01;35:*.jpeg=01;35:*.mjpg=01;35:*.mjpeg=01;35:*.gif=01;35:*.bmp=01;35:*.pbm=01;35:*.pgm=01;35:*.ppm=01;35:*.tga=01;35:*.xbm=01;35:*.xpm=01;35:*.tif=01;35:*.tiff=01;35:*.png=01;35:*.svg=01;35:*.svgz=01;35:*.mng=01;35:*.pcx=01;35:*.mov=01;35:*.mpg=01;35:*.mpeg=01;35:*.m2v=01;35:*.mkv=01;35:*.webm=01;35:*.webp=01;35:*.ogm=01;35:*.mp4=01;35:*.m4v=01;35:*.mp4v=01;35:*.vob=01;35:*.qt=01;35:*.nuv=01;35:*.wmv=01;35:*.asf=01;35:*.rm=01;35:*.rmvb=01;35:*.flc=01;35:*.avi=01;35:*.fli=01;35:*.flv=01;35:*.gl=01;35:*.dl=01;35:*.xcf=01;35:*.xwd=01;35:*.yuv=01;35:*.cgm=01;35:*.emf=01;35:*.ogv=01;35:*.ogx=01;35:*.aac=00;36:*.au=00;36:*.flac=00;36:*.m4a=00;36:*.mid=00;36:*.midi=00;36:*.mka=00;36:*.mp3=00;36:*.mpc=00;36:*.ogg=00;36:*.ra=00;36:*.wav=00;36:*.oga=00;36:*.opus=00;36:*.spx=00;36:*.xspf=00;36:'), ('GNOME_TERMINAL_SERVICE', ':1.316'), ('SSH_AGENT_LAUNCHER', 'gnome-keyring'), ('SSH_AUTH_SOCK', '/run/user/1000/keyring/ssh'), ('AMENT_PREFIX_PATH', '/home/dronelab/vikram/slam-project/install/depthai_ros_msgs:/opt/ros/humble'), ('SHELL', '/bin/bash'), ('QT_ACCESSIBILITY', '1'), ('GDMSESSION', 'ubuntu'), ('LESSCLOSE', '/usr/bin/lesspipe %s %s'), ('GPG_AGENT_INFO', '/run/user/1000/gnupg/S.gpg-agent:0:1'), ('QT_IM_MODULE', 'ibus'), ('PWD', '/home/dronelab/vikram/slam-project/build/depthai_filters'), ('QT_QPA_PLATFORM', 'xcb'), ('LC_ALL', 'en_US.UTF-8'), ('XDG_CONFIG_DIRS', '/etc/xdg/xdg-ubuntu:/etc/xdg'), ('NVM_CD_FLAGS', ''), ('XDG_DATA_DIRS', '/usr/share/ubuntu:/usr/share/gnome:/usr/local/share/:/usr/share/:/var/lib/snapd/desktop'), ('PYTHONPATH', '/home/dronelab/vikram/slam-project/install/depthai_ros_msgs/local/lib/python3.10/dist-packages:/opt/ros/humble/lib/python3.10/site-packages:/opt/ros/humble/local/lib/python3.10/dist-packages'), ('COLCON', '1'), ('VTE_VERSION', '6800'), ('CMAKE_PREFIX_PATH', '/home/dronelab/vikram/slam-project/install/depthai_ros_msgs:/opt/ros/humble')]), 'shell': False}
[1.215040] (depthai_bridge) StdoutLine: {'line': b'-- Found ament_index_cpp: 1.4.0 (/opt/ros/humble/share/ament_index_cpp/cmake)\n'}
[1.215425] (depthai_bridge) StdoutLine: {'line': b'-- Found camera_info_manager: 3.1.9 (/opt/ros/humble/share/camera_info_manager/cmake)\n'}
[1.244281] (depthai_filters) StdoutLine: {'line': b'[ 11%] \x1b[32mBuilding CXX object CMakeFiles/depthai_filters.dir/src/feature_tracker_overlay.cpp.o\x1b[0m\n'}
[1.244543] (depthai_filters) StdoutLine: {'line': b'[ 22%] \x1b[32mBuilding CXX object CMakeFiles/depthai_filters.dir/src/utils.cpp.o\x1b[0m\n'}
[1.245045] (depthai_filters) StdoutLine: {'line': b'[ 33%] \x1b[32mBuilding CXX object CMakeFiles/depthai_filters.dir/src/detection2d_overlay.cpp.o\x1b[0m\n'}
[1.245519] (depthai_filters) StdoutLine: {'line': b'[ 44%] \x1b[32mBuilding CXX object CMakeFiles/depthai_filters.dir/src/segmentation_overlay.cpp.o\x1b[0m\n'}
[1.245719] (depthai_filters) StdoutLine: {'line': b'[ 55%] \x1b[32mBuilding CXX object CMakeFiles/depthai_filters.dir/src/spatial_bb.cpp.o\x1b[0m\n'}
[1.245762] (depthai_filters) StdoutLine: {'line': b'[ 66%] \x1b[32mBuilding CXX object CMakeFiles/depthai_filters.dir/src/wls_filter.cpp.o\x1b[0m\n'}
[1.246261] (depthai_filters) StdoutLine: {'line': b'[ 77%] \x1b[32mBuilding CXX object CMakeFiles/depthai_filters.dir/src/features_3d.cpp.o\x1b[0m\n'}
[1.246560] (depthai_filters) StdoutLine: {'line': b'[ 88%] \x1b[32mBuilding CXX object CMakeFiles/depthai_filters.dir/src/thermal_temp.cpp.o\x1b[0m\n'}
[1.251835] (depthai_filters) StderrLine: {'line': b'In file included from \x1b[01m\x1b[K/home/dronelab/vikram/slam-project/src/depthai_filters/src/feature_tracker_overlay.cpp:1\x1b[m\x1b[K:\n'}
[1.251955] (depthai_filters) StderrLine: {'line': b'\x1b[01m\x1b[K/home/dronelab/vikram/slam-project/src/depthai_filters/include/depthai_filters/feature_tracker_overlay.hpp:3:10:\x1b[m\x1b[K \x1b[01;31m\x1b[Kfatal error: \x1b[m\x1b[Kcv_bridge/cv_bridge.hpp: No such file or directory\n'}
[1.252002] (depthai_filters) StderrLine: {'line': b'    3 | #include \x1b[01;31m\x1b[K"cv_bridge/cv_bridge.hpp"\x1b[m\x1b[K\n'}
[1.252036] (depthai_filters) StderrLine: {'line': b'      |          \x1b[01;31m\x1b[K^~~~~~~~~~~~~~~~~~~~~~~~~\x1b[m\x1b[K\n'}
[1.252066] (depthai_filters) StderrLine: {'line': b'compilation terminated.\n'}
[1.252281] (depthai_filters) StderrLine: {'line': b'gmake[2]: *** [CMakeFiles/depthai_filters.dir/build.make:132: CMakeFiles/depthai_filters.dir/src/feature_tracker_overlay.cpp.o] Error 1\n'}
[1.252328] (depthai_filters) StderrLine: {'line': b'gmake[2]: *** Waiting for unfinished jobs....\n'}
[1.303949] (-) TimerEvent: {}
[1.320455] (depthai_bridge) StdoutLine: {'line': b'-- Found rosidl_generator_c: 3.1.5 (/opt/ros/humble/share/rosidl_generator_c/cmake)\n'}
[1.321844] (depthai_bridge) StdoutLine: {'line': b'-- Found rosidl_adapter: 3.1.5 (/opt/ros/humble/share/rosidl_adapter/cmake)\n'}
[1.325500] (depthai_bridge) StdoutLine: {'line': b'-- Found rosidl_generator_cpp: 3.1.5 (/opt/ros/humble/share/rosidl_generator_cpp/cmake)\n'}
[1.332296] (depthai_bridge) StdoutLine: {'line': b'-- Using all available rosidl_typesupport_c: rosidl_typesupport_fastrtps_c;rosidl_typesupport_introspection_c\n'}
[1.334755] (depthai_filters) StderrLine: {'line': b'\x1b[01m\x1b[K/home/dronelab/vikram/slam-project/src/depthai_filters/src/utils.cpp:3:10:\x1b[m\x1b[K \x1b[01;31m\x1b[Kfatal error: \x1b[m\x1b[Kcv_bridge/cv_bridge.hpp: No such file or directory\n'}
[1.334864] (depthai_filters) StderrLine: {'line': b'    3 | #include \x1b[01;31m\x1b[K"cv_bridge/cv_bridge.hpp"\x1b[m\x1b[K\n'}
[1.334929] (depthai_filters) StderrLine: {'line': b'      |          \x1b[01;31m\x1b[K^~~~~~~~~~~~~~~~~~~~~~~~~\x1b[m\x1b[K\n'}
[1.334988] (depthai_filters) StderrLine: {'line': b'compilation terminated.\n'}
[1.336062] (depthai_filters) StderrLine: {'line': b'gmake[2]: *** [CMakeFiles/depthai_filters.dir/build.make:174: CMakeFiles/depthai_filters.dir/src/utils.cpp.o] Error 1\n'}
[1.341709] (depthai_bridge) StdoutLine: {'line': b'-- Using all available rosidl_typesupport_cpp: rosidl_typesupport_fastrtps_cpp;rosidl_typesupport_introspection_cpp\n'}
[1.377562] (depthai_bridge) StdoutLine: {'line': b'-- Found rmw_implementation_cmake: 6.1.2 (/opt/ros/humble/share/rmw_implementation_cmake/cmake)\n'}
[1.378301] (depthai_bridge) StdoutLine: {'line': b'-- Found rmw_fastrtps_cpp: 6.2.6 (/opt/ros/humble/share/rmw_fastrtps_cpp/cmake)\n'}
[1.381518] (depthai_filters) StderrLine: {'line': b'\x1b[01m\x1b[K/home/dronelab/vikram/slam-project/src/depthai_filters/src/segmentation_overlay.cpp:3:10:\x1b[m\x1b[K \x1b[01;31m\x1b[Kfatal error: \x1b[m\x1b[Kcv_bridge/cv_bridge.hpp: No such file or directory\n'}
[1.381562] (depthai_filters) StderrLine: {'line': b'    3 | #include \x1b[01;31m\x1b[K"cv_bridge/cv_bridge.hpp"\x1b[m\x1b[K\n'}
[1.381592] (depthai_filters) StderrLine: {'line': b'      |          \x1b[01;31m\x1b[K^~~~~~~~~~~~~~~~~~~~~~~~~\x1b[m\x1b[K\n'}
[1.381620] (depthai_filters) StderrLine: {'line': b'compilation terminated.\n'}
[1.383056] (depthai_filters) StderrLine: {'line': b'\x1b[01m\x1b[K/home/dronelab/vikram/slam-project/src/depthai_filters/src/features_3d.cpp:3:10:\x1b[m\x1b[K \x1b[01;31m\x1b[Kfatal error: \x1b[m\x1b[Kcv_bridge/cv_bridge.hpp: No such file or directory\n'}
[1.383156] (depthai_filters) StderrLine: {'line': b'    3 | #include \x1b[01;31m\x1b[K"cv_bridge/cv_bridge.hpp"\x1b[m\x1b[K\n'}
[1.383185] (depthai_filters) StderrLine: {'line': b'      |          \x1b[01;31m\x1b[K^~~~~~~~~~~~~~~~~~~~~~~~~\x1b[m\x1b[K\n'}
[1.383215] (depthai_filters) StderrLine: {'line': b'compilation terminated.\n'}
[1.383298] (depthai_filters) StderrLine: {'line': b'gmake[2]: *** [CMakeFiles/depthai_filters.dir/build.make:90: CMakeFiles/depthai_filters.dir/src/segmentation_overlay.cpp.o] Error 1\n'}
[1.384575] (depthai_filters) StderrLine: {'line': b'gmake[2]: *** [CMakeFiles/depthai_filters.dir/build.make:146: CMakeFiles/depthai_filters.dir/src/features_3d.cpp.o] Error 1\n'}
[1.388376] (depthai_filters) StderrLine: {'line': b'In file included from \x1b[01m\x1b[K/home/dronelab/vikram/slam-project/src/depthai_filters/src/spatial_bb.cpp:1\x1b[m\x1b[K:\n'}
[1.388410] (depthai_filters) StderrLine: {'line': b'\x1b[01m\x1b[K/home/dronelab/vikram/slam-project/src/depthai_filters/include/depthai_filters/spatial_bb.hpp:5:10:\x1b[m\x1b[K \x1b[01;31m\x1b[Kfatal error: \x1b[m\x1b[Kmessage_filters/sync_policies/latest_time.hpp: No such file or directory\n'}
[1.388442] (depthai_filters) StderrLine: {'line': b'    5 | #include \x1b[01;31m\x1b[K"message_filters/sync_policies/latest_time.hpp"\x1b[m\x1b[K\n'}
[1.388468] (depthai_filters) StderrLine: {'line': b'      |          \x1b[01;31m\x1b[K^~~~~~~~~~~~~~~~~~~~~~~~~~~~~~~~~~~~~~~~~~~~~~~\x1b[m\x1b[K\n'}
[1.388499] (depthai_filters) StderrLine: {'line': b'compilation terminated.\n'}
[1.388941] (depthai_filters) StderrLine: {'line': b'\x1b[01m\x1b[K/home/dronelab/vikram/slam-project/src/depthai_filters/src/detection2d_overlay.cpp:3:10:\x1b[m\x1b[K \x1b[01;31m\x1b[Kfatal error: \x1b[m\x1b[Kcv_bridge/cv_bridge.hpp: No such file or directory\n'}
[1.388970] (depthai_filters) StderrLine: {'line': b'    3 | #include \x1b[01;31m\x1b[K"cv_bridge/cv_bridge.hpp"\x1b[m\x1b[K\n'}
[1.388998] (depthai_filters) StderrLine: {'line': b'      |          \x1b[01;31m\x1b[K^~~~~~~~~~~~~~~~~~~~~~~~~\x1b[m\x1b[K\n'}
[1.389027] (depthai_filters) StderrLine: {'line': b'compilation terminated.\n'}
[1.389708] (depthai_filters) StderrLine: {'line': b'gmake[2]: *** [CMakeFiles/depthai_filters.dir/build.make:104: CMakeFiles/depthai_filters.dir/src/spatial_bb.cpp.o] Error 1\n'}
[1.390409] (depthai_filters) StderrLine: {'line': b'gmake[2]: *** [CMakeFiles/depthai_filters.dir/build.make:76: CMakeFiles/depthai_filters.dir/src/detection2d_overlay.cpp.o] Error 1\n'}
[1.399967] (depthai_filters) StderrLine: {'line': b'\x1b[01m\x1b[K/home/dronelab/vikram/slam-project/src/depthai_filters/src/thermal_temp.cpp:3:10:\x1b[m\x1b[K \x1b[01;31m\x1b[Kfatal error: \x1b[m\x1b[Kcv_bridge/cv_bridge.hpp: No such file or directory\n'}
[1.400006] (depthai_filters) StderrLine: {'line': b'    3 | #include \x1b[01;31m\x1b[K"cv_bridge/cv_bridge.hpp"\x1b[m\x1b[K\n'}
[1.400056] (depthai_filters) StderrLine: {'line': b'      |          \x1b[01;31m\x1b[K^~~~~~~~~~~~~~~~~~~~~~~~~\x1b[m\x1b[K\n'}
[1.400092] (depthai_filters) StderrLine: {'line': b'compilation terminated.\n'}
[1.401383] (depthai_filters) StderrLine: {'line': b'gmake[2]: *** [CMakeFiles/depthai_filters.dir/build.make:160: CMakeFiles/depthai_filters.dir/src/thermal_temp.cpp.o] Error 1\n'}
[1.403500] (depthai_filters) StderrLine: {'line': b'\x1b[01m\x1b[K/home/dronelab/vikram/slam-project/src/depthai_filters/src/wls_filter.cpp:5:10:\x1b[m\x1b[K \x1b[01;31m\x1b[Kfatal error: \x1b[m\x1b[Kcv_bridge/cv_bridge.hpp: No such file or directory\n'}
[1.403531] (depthai_filters) StderrLine: {'line': b'    5 | #include \x1b[01;31m\x1b[K"cv_bridge/cv_bridge.hpp"\x1b[m\x1b[K\n'}
[1.403557] (depthai_filters) StderrLine: {'line': b'      |          \x1b[01;31m\x1b[K^~~~~~~~~~~~~~~~~~~~~~~~~\x1b[m\x1b[K\n'}
[1.403582] (depthai_filters) StderrLine: {'line': b'compilation terminated.\n'}
[1.403994] (-) TimerEvent: {}
[1.404971] (depthai_filters) StderrLine: {'line': b'gmake[2]: *** [CMakeFiles/depthai_filters.dir/build.make:118: CMakeFiles/depthai_filters.dir/src/wls_filter.cpp.o] Error 1\n'}
[1.405210] (depthai_filters) StderrLine: {'line': b'gmake[1]: *** [CMakeFiles/Makefile2:137: CMakeFiles/depthai_filters.dir/all] Error 2\n'}
[1.405584] (depthai_filters) StderrLine: {'line': b'gmake: *** [Makefile:146: all] Error 2\n'}
[1.406963] (depthai_filters) CommandEnded: {'returncode': 2}
[1.439665] (depthai_filters) JobEnded: {'identifier': 'depthai_filters', 'rc': 2}
[1.464259] (depthai_bridge) StdoutLine: {'line': b"-- Using RMW implementation 'rmw_fastrtps_cpp' as default\n"}
[1.504121] (-) TimerEvent: {}
[1.604377] (-) TimerEvent: {}
[1.676106] (depthai_bridge) StdoutLine: {'line': b'-- Found cv_bridge: 3.2.1 (/opt/ros/humble/share/cv_bridge/cmake)\n'}
[1.684783] (depthai_bridge) StdoutLine: {'line': b'-- Found depthai_ros_msgs: 3.0.9 (/home/dronelab/vikram/slam-project/install/depthai_ros_msgs/share/depthai_ros_msgs/cmake)\n'}
[1.704539] (-) TimerEvent: {}
[1.804777] (-) TimerEvent: {}
[1.826117] (depthai_bridge) StdoutLine: {'line': b'-- Found image_transport: 3.1.9 (/opt/ros/humble/share/image_transport/cmake)\n'}
[1.847477] (depthai_bridge) StdoutLine: {'line': b'-- Found nav_msgs: 4.2.4 (/opt/ros/humble/share/nav_msgs/cmake)\n'}
[1.899925] (depthai_bridge) StdoutLine: {'line': b'-- Found stereo_msgs: 4.2.4 (/opt/ros/humble/share/stereo_msgs/cmake)\n'}
[1.904937] (-) TimerEvent: {}
[1.952901] (depthai_bridge) StdoutLine: {'line': b'-- Found tf2_ros: 0.25.7 (/opt/ros/humble/share/tf2_ros/cmake)\n'}
[2.005107] (-) TimerEvent: {}
[2.105349] (-) TimerEvent: {}
[2.162709] (depthai_bridge) StdoutLine: {'line': b'-- Found tf2_geometry_msgs: 0.25.7 (/opt/ros/humble/share/tf2_geometry_msgs/cmake)\n'}
[2.165152] (depthai_bridge) StdoutLine: {'line': b'-- Found eigen3_cmake_module: 0.1.1 (/opt/ros/humble/share/eigen3_cmake_module/cmake)\n'}
[2.165882] (depthai_bridge) StdoutLine: {'line': b'-- Ensuring Eigen3 include directory is part of orocos-kdl CMake target\n'}
[2.177542] (depthai_bridge) StdoutLine: {'line': b'-- Configuring incomplete, errors occurred!\n'}
[2.177607] (depthai_bridge) StdoutLine: {'line': b'See also "/home/dronelab/vikram/slam-project/build/depthai_bridge/CMakeFiles/CMakeOutput.log".\n'}
[2.177739] (depthai_bridge) StderrLine: {'line': b'\x1b[31mCMake Error at CMakeLists.txt:29 (find_package):\n'}
[2.177786] (depthai_bridge) StderrLine: {'line': b'  By not providing "Findffmpeg_image_transport_msgs.cmake" in\n'}
[2.177816] (depthai_bridge) StderrLine: {'line': b'  CMAKE_MODULE_PATH this project has asked CMake to find a package\n'}
[2.177844] (depthai_bridge) StderrLine: {'line': b'  configuration file provided by "ffmpeg_image_transport_msgs", but CMake did\n'}
[2.177872] (depthai_bridge) StderrLine: {'line': b'  not find one.\n'}
[2.177899] (depthai_bridge) StderrLine: {'line': b'\n'}
[2.177926] (depthai_bridge) StderrLine: {'line': b'  Could not find a package configuration file provided by\n'}
[2.177952] (depthai_bridge) StderrLine: {'line': b'  "ffmpeg_image_transport_msgs" with any of the following names:\n'}
[2.177982] (depthai_bridge) StderrLine: {'line': b'\n'}
[2.178008] (depthai_bridge) StderrLine: {'line': b'    ffmpeg_image_transport_msgsConfig.cmake\n'}
[2.178034] (depthai_bridge) StderrLine: {'line': b'    ffmpeg_image_transport_msgs-config.cmake\n'}
[2.178060] (depthai_bridge) StderrLine: {'line': b'\n'}
[2.178093] (depthai_bridge) StderrLine: {'line': b'  Add the installation prefix of "ffmpeg_image_transport_msgs" to\n'}
[2.178119] (depthai_bridge) StderrLine: {'line': b'  CMAKE_PREFIX_PATH or set "ffmpeg_image_transport_msgs_DIR" to a directory\n'}
[2.178145] (depthai_bridge) StderrLine: {'line': b'  containing one of the above files.  If "ffmpeg_image_transport_msgs"\n'}
[2.178170] (depthai_bridge) StderrLine: {'line': b'  provides a separate development package or SDK, be sure it has been\n'}
[2.178194] (depthai_bridge) StderrLine: {'line': b'  installed.\n'}
[2.178219] (depthai_bridge) StderrLine: {'line': b'\n'}
[2.178246] (depthai_bridge) StderrLine: {'line': b'\x1b[0m\n'}
[2.182666] (depthai_bridge) JobEnded: {'identifier': 'depthai_bridge', 'rc': 'SIGINT'}
[2.193114] (depthai_examples) JobSkipped: {'identifier': 'depthai_examples'}
[2.193130] (depthai_ros_driver) JobSkipped: {'identifier': 'depthai_ros_driver'}
[2.193140] (depthai-ros) JobSkipped: {'identifier': 'depthai-ros'}
[2.193148] (-) EventReactorShutdown: {}
